inventory_id,record_type,screen,route,component,user_action,api_endpoint,method,server_action,service,ros_component,agent,llm_provider,db_model,external_provider,auth_required,rbac_required,tenant_check,idempotency,mock_present,error_handling,persistence,test_file,status,severity,evidence,file,line,notes
SCR-00001,screen,/about,/about,src/app/about/page.tsx,Screen render,,,,@/lib/marketingMetadata,,,,,,unknown,yes,yes,unknown,false,false,none/unknown,,GREEN,LOW,src/app/about/page.tsx:1 — screen route /about,src/app/about/page.tsx,1,No interactive handler detected by static scan.
SCR-00002,screen,/admin/agreements/builder,/admin/agreements/builder,src/app/admin/agreements/builder/page.tsx,Screen render,,,,,,,,,,yes,yes,unknown,unknown,false,true,none/unknown,,GREEN,LOW,src/app/admin/agreements/builder/page.tsx:1 — screen route /admin/agreements/builder,src/app/admin/agreements/builder/page.tsx,1,Interactive handlers detected; action-level rows follow.
ACT-00003,user_action,/admin/agreements/builder,/admin/agreements/builder,src/app/admin/agreements/builder/page.tsx,undefined handler,,,,,,,,,,unknown,yes,unknown,unknown,false,true,unknown,,GREEN,LOW,src/app/admin/agreements/builder/page.tsx:95 — undefined handler,src/app/admin/agreements/builder/page.tsx,95,No nearby API call detected; verify whether UI-only is intentional.
ACT-00004,user_action,/admin/agreements/builder,/admin/agreements/builder,src/app/admin/agreements/builder/page.tsx,onChange handler,,,,,,,,,,unknown,yes,unknown,unknown,false,false,unknown,,GREEN,LOW,src/app/admin/agreements/builder/page.tsx:126 — onChange handler,src/app/admin/agreements/builder/page.tsx,126,No nearby API call detected; verify whether UI-only is intentional.
ACT-00005,user_action,/admin/agreements/builder,/admin/agreements/builder,src/app/admin/agreements/builder/page.tsx,onChange handler,,,,,,,,,,unknown,yes,unknown,unknown,false,false,unknown,,GREEN,LOW,src/app/admin/agreements/builder/page.tsx:143 — onChange handler,src/app/admin/agreements/builder/page.tsx,143,No nearby API call detected; verify whether UI-only is intentional.
ACT-00006,user_action,/admin/agreements/builder,/admin/agreements/builder,src/app/admin/agreements/builder/page.tsx,onChange handler,,,,,,,,,,unknown,yes,unknown,unknown,false,false,unknown,,GREEN,LOW,src/app/admin/agreements/builder/page.tsx:164 — onChange handler,src/app/admin/agreements/builder/page.tsx,164,No nearby API call detected; verify whether UI-only is intentional.
ACT-00007,user_action,/admin/agreements/builder,/admin/agreements/builder,src/app/admin/agreements/builder/page.tsx,onChange handler,,,,,,,,,,unknown,yes,unknown,unknown,false,false,unknown,,GREEN,LOW,src/app/admin/agreements/builder/page.tsx:172 — onChange handler,src/app/admin/agreements/builder/page.tsx,172,No nearby API call detected; verify whether UI-only is intentional.
ACT-00008,user_action,/admin/agreements/builder,/admin/agreements/builder,src/app/admin/agreements/builder/page.tsx,onChange handler,,,,,,,,,,unknown,yes,unknown,unknown,false,false,unknown,,GREEN,LOW,src/app/admin/agreements/builder/page.tsx:180 — onChange handler,src/app/admin/agreements/builder/page.tsx,180,No nearby API call detected; verify whether UI-only is intentional.
ACT-00009,user_action,/admin/agreements/builder,/admin/agreements/builder,src/app/admin/agreements/builder/page.tsx,onChange handler,,,,,,,,,,unknown,yes,unknown,unknown,false,false,unknown,,GREEN,LOW,src/app/admin/agreements/builder/page.tsx:188 — onChange handler,src/app/admin/agreements/builder/page.tsx,188,No nearby API call detected; verify whether UI-only is intentional.
ACT-00010,user_action,/admin/agreements/builder,/admin/agreements/builder,src/app/admin/agreements/builder/page.tsx,onChange handler,,,,,,,,,,unknown,yes,unknown,unknown,false,false,unknown,,GREEN,LOW,src/app/admin/agreements/builder/page.tsx:200 — onChange handler,src/app/admin/agreements/builder/page.tsx,200,No nearby API call detected; verify whether UI-only is intentional.
ACT-00011,user_action,/admin/agreements/builder,/admin/agreements/builder,src/app/admin/agreements/builder/page.tsx,onChange handler,,,,,,,,,,unknown,yes,unknown,unknown,false,false,unknown,,GREEN,LOW,src/app/admin/agreements/builder/page.tsx:208 — onChange handler,src/app/admin/agreements/builder/page.tsx,208,No nearby API call detected; verify whether UI-only is intentional.
ACT-00012,user_action,/admin/agreements/builder,/admin/agreements/builder,src/app/admin/agreements/builder/page.tsx,onChange handler,,,,,,,,,,unknown,yes,unknown,unknown,false,false,unknown,,GREEN,LOW,src/app/admin/agreements/builder/page.tsx:221 — onChange handler,src/app/admin/agreements/builder/page.tsx,221,No nearby API call detected; verify whether UI-only is intentional.
ACT-00013,user_action,/admin/agreements/builder,/admin/agreements/builder,src/app/admin/agreements/builder/page.tsx,onChange handler,,,,,,,,,,unknown,yes,unknown,unknown,false,false,unknown,,GREEN,LOW,src/app/admin/agreements/builder/page.tsx:235 — onChange handler,src/app/admin/agreements/builder/page.tsx,235,No nearby API call detected; verify whether UI-only is intentional.
ACT-00014,user_action,/admin/agreements/builder,/admin/agreements/builder,src/app/admin/agreements/builder/page.tsx,onClick handler,,,,,,,,,,unknown,yes,unknown,unknown,false,false,unknown,,GREEN,LOW,src/app/admin/agreements/builder/page.tsx:245 — onClick handler,src/app/admin/agreements/builder/page.tsx,245,No nearby API call detected; verify whether UI-only is intentional.
CALL-00015,frontend_api_call,/admin/agreements/builder,/admin/agreements/builder,src/app/admin/agreements/builder/page.tsx,fetch GET /api/agreements/requirements,/api/agreements/requirements,GET,,,,,,,,unknown,yes,unknown,unknown,false,true,unknown,,GREEN,LOW,src/app/admin/agreements/builder/page.tsx:31 — frontend call GET /api/agreements/requirements,src/app/admin/agreements/builder/page.tsx,31,Must reconcile against an API endpoint row.
CALL-00016,frontend_api_call,/admin/agreements/builder,/admin/agreements/builder,src/app/admin/agreements/builder/page.tsx,fetch GET /api/agreements/templates,/api/agreements/templates,GET,,,,,,,,unknown,yes,unknown,unknown,false,true,unknown,,GREEN,LOW,src/app/admin/agreements/builder/page.tsx:32 — frontend call GET /api/agreements/templates,src/app/admin/agreements/builder/page.tsx,32,Must reconcile against an API endpoint row.
CALL-00017,frontend_api_call,/admin/agreements/builder,/admin/agreements/builder,src/app/admin/agreements/builder/page.tsx,fetch POST /api/agreements/contracts,/api/agreements/contracts,POST,,,,,,,,unknown,yes,unknown,unknown,false,true,unknown,,GREEN,LOW,src/app/admin/agreements/builder/page.tsx:86 — frontend call POST /api/agreements/contracts,src/app/admin/agreements/builder/page.tsx,86,Must reconcile against an API endpoint row.
SCR-00018,screen,/admin/agreements/templates,/admin/agreements/templates,src/app/admin/agreements/templates/page.tsx,Screen render,,,,,,,,,,yes,yes,unknown,unknown,false,true,none/unknown,,GREEN,LOW,src/app/admin/agreements/templates/page.tsx:1 — screen route /admin/agreements/templates,src/app/admin/agreements/templates/page.tsx,1,Interactive handlers detected; action-level rows follow.
ACT-00019,user_action,/admin/agreements/templates,/admin/agreements/templates,src/app/admin/agreements/templates/page.tsx,onClick handler,,,,,,,,,,unknown,yes,unknown,unknown,false,false,unknown,,GREEN,LOW,src/app/admin/agreements/templates/page.tsx:62 — onClick handler,src/app/admin/agreements/templates/page.tsx,62,No nearby API call detected; verify whether UI-only is intentional.
ACT-00020,user_action,/admin/agreements/templates,/admin/agreements/templates,src/app/admin/agreements/templates/page.tsx,onClick handler,,,,,,,,,,unknown,yes,unknown,unknown,false,false,unknown,,GREEN,LOW,src/app/admin/agreements/templates/page.tsx:123 — onClick handler,src/app/admin/agreements/templates/page.tsx,123,No nearby API call detected; verify whether UI-only is intentional.
ACT-00021,user_action,/admin/agreements/templates,/admin/agreements/templates,src/app/admin/agreements/templates/page.tsx,onChange handler,,,,,,,,,,unknown,yes,unknown,unknown,false,false,unknown,,GREEN,LOW,src/app/admin/agreements/templates/page.tsx:144 — onChange handler,src/app/admin/agreements/templates/page.tsx,144,No nearby API call detected; verify whether UI-only is intentional.
ACT-00022,user_action,/admin/agreements/templates,/admin/agreements/templates,src/app/admin/agreements/templates/page.tsx,onChange handler,,,,,,,,,,unknown,yes,unknown,unknown,false,false,unknown,,GREEN,LOW,src/app/admin/agreements/templates/page.tsx:154 — onChange handler,src/app/admin/agreements/templates/page.tsx,154,No nearby API call detected; verify whether UI-only is intentional.
ACT-00023,user_action,/admin/agreements/templates,/admin/agreements/templates,src/app/admin/agreements/templates/page.tsx,onChange handler,,,,,,,,,,unknown,yes,unknown,unknown,false,false,unknown,,GREEN,LOW,src/app/admin/agreements/templates/page.tsx:166 — onChange handler,src/app/admin/agreements/templates/page.tsx,166,No nearby API call detected; verify whether UI-only is intentional.
ACT-00024,user_action,/admin/agreements/templates,/admin/agreements/templates,src/app/admin/agreements/templates/page.tsx,onChange handler,,,,,,,,,,unknown,yes,unknown,unknown,false,false,unknown,,GREEN,LOW,src/app/admin/agreements/templates/page.tsx:175 — onChange handler,src/app/admin/agreements/templates/page.tsx,175,No nearby API call detected; verify whether UI-only is intentional.
ACT-00025,user_action,/admin/agreements/templates,/admin/agreements/templates,src/app/admin/agreements/templates/page.tsx,onChange handler,,,,,,,,,,unknown,yes,unknown,unknown,false,false,unknown,,GREEN,LOW,src/app/admin/agreements/templates/page.tsx:184 — onChange handler,src/app/admin/agreements/templates/page.tsx,184,No nearby API call detected; verify whether UI-only is intentional.
ACT-00026,user_action,/admin/agreements/templates,/admin/agreements/templates,src/app/admin/agreements/templates/page.tsx,onClick handler,,,,,,,,,,unknown,yes,unknown,unknown,false,false,unknown,,GREEN,LOW,src/app/admin/agreements/templates/page.tsx:191 — onClick handler,src/app/admin/agreements/templates/page.tsx,191,No nearby API call detected; verify whether UI-only is intentional.
ACT-00027,user_action,/admin/agreements/templates,/admin/agreements/templates,src/app/admin/agreements/templates/page.tsx,onClick handler,,,,,,,,,,unknown,yes,unknown,unknown,false,false,unknown,,GREEN,LOW,src/app/admin/agreements/templates/page.tsx:194 — onClick handler,src/app/admin/agreements/templates/page.tsx,194,No nearby API call detected; verify whether UI-only is intentional.
CALL-00028,frontend_api_call,/admin/agreements/templates,/admin/agreements/templates,src/app/admin/agreements/templates/page.tsx,fetch POST /api/agreements/templates,/api/agreements/templates,POST,,,,,,,,unknown,yes,unknown,unknown,false,true,unknown,,GREEN,LOW,src/app/admin/agreements/templates/page.tsx:15 — frontend call POST /api/agreements/templates,src/app/admin/agreements/templates/page.tsx,15,Must reconcile against an API endpoint row.
CALL-00029,frontend_api_call,/admin/agreements/templates,/admin/agreements/templates,src/app/admin/agreements/templates/page.tsx,fetch POST /api/agreements/templates,/api/agreements/templates,POST,,,,,,,,unknown,yes,unknown,unknown,false,true,unknown,,GREEN,LOW,src/app/admin/agreements/templates/page.tsx:29 — frontend call POST /api/agreements/templates,src/app/admin/agreements/templates/page.tsx,29,Must reconcile against an API endpoint row.
SCR-00030,screen,/admin/ai-command-centre-dashboard,/admin/ai-command-centre-dashboard,src/app/admin/ai-command-centre-dashboard/page.tsx,Screen render,,,,,,,Google Gemini | External asset host,,Google Gemini | External asset host,yes,yes,unknown,unknown,false,false,none/unknown,,GREEN,LOW,src/app/admin/ai-command-centre-dashboard/page.tsx:1 — screen route /admin/ai-command-centre-dashboard,src/app/admin/ai-command-centre-dashboard/page.tsx,1,No interactive handler detected by static scan.
SCR-00031,screen,/admin/communications,/admin/communications,src/app/admin/communications/page.tsx,Screen render,,,,,,,WhatsApp Cloud API,,WhatsApp Cloud API,yes,yes,unknown,yes,false,true,none/unknown,,GREEN,LOW,src/app/admin/communications/page.tsx:1 — screen route /admin/communications,src/app/admin/communications/page.tsx,1,Interactive handlers detected; action-level rows follow.
ACT-00032,user_action,/admin/communications,/admin/communications,src/app/admin/communications/page.tsx,onClick handler,,,,,,,,,,unknown,yes,unknown,unknown,false,false,unknown,,GREEN,LOW,src/app/admin/communications/page.tsx:26 — onClick handler,src/app/admin/communications/page.tsx,26,No nearby API call detected; verify whether UI-only is intentional.
ACT-00033,user_action,/admin/communications,/admin/communications,src/app/admin/communications/page.tsx,onChange handler,,,,,,,WhatsApp Cloud API,,WhatsApp Cloud API,unknown,yes,unknown,unknown,false,false,unknown,,GREEN,LOW,src/app/admin/communications/page.tsx:28 — onChange handler,src/app/admin/communications/page.tsx,28,No nearby API call detected; verify whether UI-only is intentional.
ACT-00034,user_action,/admin/communications,/admin/communications,src/app/admin/communications/page.tsx,onChange handler,,,,,,,WhatsApp Cloud API,,WhatsApp Cloud API,unknown,yes,unknown,unknown,false,false,unknown,,GREEN,LOW,src/app/admin/communications/page.tsx:29 — onChange handler,src/app/admin/communications/page.tsx,29,No nearby API call detected; verify whether UI-only is intentional.
ACT-00035,user_action,/admin/communications,/admin/communications,src/app/admin/communications/page.tsx,onChange handler,,,,,,,WhatsApp Cloud API,,WhatsApp Cloud API,unknown,yes,unknown,unknown,false,false,unknown,,GREEN,LOW,src/app/admin/communications/page.tsx:29 — onChange handler,src/app/admin/communications/page.tsx,29,No nearby API call detected; verify whether UI-only is intentional.
ACT-00036,user_action,/admin/communications,/admin/communications,src/app/admin/communications/page.tsx,onChange handler,,,,,,,WhatsApp Cloud API,,WhatsApp Cloud API,unknown,yes,unknown,unknown,false,false,unknown,,GREEN,LOW,src/app/admin/communications/page.tsx:30 — onChange handler,src/app/admin/communications/page.tsx,30,No nearby API call detected; verify whether UI-only is intentional.
ACT-00037,user_action,/admin/communications,/admin/communications,src/app/admin/communications/page.tsx,onChange handler,,,,,,,WhatsApp Cloud API,,WhatsApp Cloud API,unknown,yes,unknown,unknown,false,false,unknown,,GREEN,LOW,src/app/admin/communications/page.tsx:31 — onChange handler,src/app/admin/communications/page.tsx,31,No nearby API call detected; verify whether UI-only is intentional.
ACT-00038,user_action,/admin/communications,/admin/communications,src/app/admin/communications/page.tsx,onChange handler,,,,,,,WhatsApp Cloud API,,WhatsApp Cloud API,unknown,yes,unknown,unknown,false,false,unknown,,GREEN,LOW,src/app/admin/communications/page.tsx:32 — onChange handler,src/app/admin/communications/page.tsx,32,No nearby API call detected; verify whether UI-only is intentional.
ACT-00039,user_action,/admin/communications,/admin/communications,src/app/admin/communications/page.tsx,onChange handler,,,,,,,WhatsApp Cloud API,,WhatsApp Cloud API,unknown,yes,unknown,unknown,false,false,unknown,,GREEN,LOW,src/app/admin/communications/page.tsx:33 — onChange handler,src/app/admin/communications/page.tsx,33,No nearby API call detected; verify whether UI-only is intentional.
ACT-00040,user_action,/admin/communications,/admin/communications,src/app/admin/communications/page.tsx,onChange handler,,,,,,,WhatsApp Cloud API,,WhatsApp Cloud API,unknown,yes,unknown,unknown,false,false,unknown,,GREEN,LOW,src/app/admin/communications/page.tsx:34 — onChange handler,src/app/admin/communications/page.tsx,34,No nearby API call detected; verify whether UI-only is intentional.
ACT-00041,user_action,/admin/communications,/admin/communications,src/app/admin/communications/page.tsx,onClick handler,,,,,,,WhatsApp Cloud API,,WhatsApp Cloud API,unknown,yes,unknown,unknown,false,false,unknown,,GREEN,LOW,src/app/admin/communications/page.tsx:36 — onClick handler,src/app/admin/communications/page.tsx,36,No nearby API call detected; verify whether UI-only is intentional.
ACT-00042,user_action,/admin/communications,/admin/communications,src/app/admin/communications/page.tsx,onChange handler,,,,,,,WhatsApp Cloud API,,WhatsApp Cloud API,unknown,yes,unknown,unknown,false,false,unknown,,GREEN,LOW,src/app/admin/communications/page.tsx:39 — onChange handler,src/app/admin/communications/page.tsx,39,No nearby API call detected; verify whether UI-only is intentional.
ACT-00043,user_action,/admin/communications,/admin/communications,src/app/admin/communications/page.tsx,onChange handler,,,,,,,WhatsApp Cloud API,,WhatsApp Cloud API,unknown,yes,unknown,unknown,false,false,unknown,,GREEN,LOW,src/app/admin/communications/page.tsx:39 — onChange handler,src/app/admin/communications/page.tsx,39,No nearby API call detected; verify whether UI-only is intentional.
ACT-00044,user_action,/admin/communications,/admin/communications,src/app/admin/communications/page.tsx,onClick handler,,,,,,,WhatsApp Cloud API,,WhatsApp Cloud API,unknown,yes,unknown,unknown,false,false,unknown,,GREEN,LOW,src/app/admin/communications/page.tsx:39 — onClick handler,src/app/admin/communications/page.tsx,39,No nearby API call detected; verify whether UI-only is intentional.
CALL-00045,frontend_api_call,/admin/communications,/admin/communications,src/app/admin/communications/page.tsx,fetch GET /api/admin/communications/templates,/api/admin/communications/templates,GET,,,,,WhatsApp Cloud API,,WhatsApp Cloud API,unknown,yes,unknown,unknown,false,true,unknown,,GREEN,LOW,src/app/admin/communications/page.tsx:14 — frontend call GET /api/admin/communications/templates,src/app/admin/communications/page.tsx,14,Must reconcile against an API endpoint row.
CALL-00046,frontend_api_call,/admin/communications,/admin/communications,src/app/admin/communications/page.tsx,fetch GET /api/admin/communications/deliveries?${q},/api/admin/communications/deliveries?${q},GET,,,,,WhatsApp Cloud API,,WhatsApp Cloud API,unknown,yes,unknown,unknown,false,true,unknown,,GREEN,LOW,src/app/admin/communications/page.tsx:14 — frontend call GET /api/admin/communications/deliveries?${q},src/app/admin/communications/page.tsx,14,Must reconcile against an API endpoint row.
CALL-00047,frontend_api_call,/admin/communications,/admin/communications,src/app/admin/communications/page.tsx,fetch PATCH /api/admin/communications/templates/${t.id},/api/admin/communications/templates/${t.id},PATCH,,,,,WhatsApp Cloud API,,WhatsApp Cloud API,unknown,yes,unknown,yes,false,true,unknown,,GREEN,LOW,src/app/admin/communications/page.tsx:18 — frontend call PATCH /api/admin/communications/templates/${t.id},src/app/admin/communications/page.tsx,18,Must reconcile against an API endpoint row.
CALL-00048,frontend_api_call,/admin/communications,/admin/communications,src/app/admin/communications/page.tsx,fetch POST /api/admin/communications/templates,/api/admin/communications/templates,POST,,,,,WhatsApp Cloud API,,WhatsApp Cloud API,unknown,yes,unknown,unknown,false,true,unknown,,GREEN,LOW,src/app/admin/communications/page.tsx:19 — frontend call POST /api/admin/communications/templates,src/app/admin/communications/page.tsx,19,Must reconcile against an API endpoint row.
SCR-00049,screen,/admin/dashboard,/admin/dashboard,src/app/admin/dashboard/page.tsx,Screen render,,,,,,,,,,yes,yes,unknown,unknown,false,false,none/unknown,,GREEN,LOW,src/app/admin/dashboard/page.tsx:1 — screen route /admin/dashboard,src/app/admin/dashboard/page.tsx,1,No interactive handler detected by static scan.
SCR-00050,screen,/admin/document-verification,/admin/document-verification,src/app/admin/document-verification/page.tsx,Screen render,,,,,,,,,,yes,yes,unknown,unknown,false,true,none/unknown,,GREEN,LOW,src/app/admin/document-verification/page.tsx:1 — screen route /admin/document-verification,src/app/admin/document-verification/page.tsx,1,Interactive handlers detected; action-level rows follow.
ACT-00051,user_action,/admin/document-verification,/admin/document-verification,src/app/admin/document-verification/page.tsx,onClick handler,,,,,,,,,,unknown,yes,unknown,unknown,false,false,unknown,,GREEN,LOW,src/app/admin/document-verification/page.tsx:86 — onClick handler,src/app/admin/document-verification/page.tsx,86,No nearby API call detected; verify whether UI-only is intentional.
ACT-00052,user_action,/admin/document-verification,/admin/document-verification,src/app/admin/document-verification/page.tsx,onClick handler,,,,,,,,,,unknown,yes,unknown,unknown,false,false,unknown,,GREEN,LOW,src/app/admin/document-verification/page.tsx:138 — onClick handler,src/app/admin/document-verification/page.tsx,138,No nearby API call detected; verify whether UI-only is intentional.
ACT-00053,user_action,/admin/document-verification,/admin/document-verification,src/app/admin/document-verification/page.tsx,onClick handler,,,,,,,,,,unknown,yes,unknown,unknown,false,false,unknown,,GREEN,LOW,src/app/admin/document-verification/page.tsx:141 — onClick handler,src/app/admin/document-verification/page.tsx,141,No nearby API call detected; verify whether UI-only is intentional.
CALL-00054,frontend_api_call,/admin/document-verification,/admin/document-verification,src/app/admin/document-verification/page.tsx,fetch GET /api/admin/document-verification?status=${filter},/api/admin/document-verification?status=${filter},GET,,,,,,,,unknown,yes,unknown,unknown,false,true,unknown,,GREEN,LOW,src/app/admin/document-verification/page.tsx:25 — frontend call GET /api/admin/document-verification?status=${filter},src/app/admin/document-verification/page.tsx,25,Must reconcile against an API endpoint row.
CALL-00055,frontend_api_call,/admin/document-verification,/admin/document-verification,src/app/admin/document-verification/page.tsx,fetch POST /api/admin/document-verification/${id},/api/admin/document-verification/${id},POST,,,,,,,,unknown,yes,unknown,unknown,false,true,unknown,,GREEN,LOW,src/app/admin/document-verification/page.tsx:43 — frontend call POST /api/admin/document-verification/${id},src/app/admin/document-verification/page.tsx,43,Must reconcile against an API endpoint row.
SCR-00056,screen,/admin/employers,/admin/employers,src/app/admin/employers/page.tsx,Screen render,,,,,,,,,,yes,yes,unknown,unknown,false,true,none/unknown,,GREEN,LOW,src/app/admin/employers/page.tsx:1 — screen route /admin/employers,src/app/admin/employers/page.tsx,1,Interactive handlers detected; action-level rows follow.
CALL-00057,frontend_api_call,/admin/employers,/admin/employers,src/app/admin/employers/page.tsx,fetch GET /api/admin/employers?search=${encodeURIComponent(search)},/api/admin/employers?search=${encodeURIComponent(search)},GET,,,,,,,,unknown,yes,unknown,unknown,false,true,unknown,,GREEN,LOW,src/app/admin/employers/page.tsx:16 — frontend call GET /api/admin/employers?search=${encodeURIComponent(search)},src/app/admin/employers/page.tsx,16,Must reconcile against an API endpoint row.
SCR-00058,screen,/admin/invoices,/admin/invoices,src/app/admin/invoices/page.tsx,Screen render,,,,,,,,,,yes,yes,unknown,unknown,false,true,none/unknown,,GREEN,LOW,src/app/admin/invoices/page.tsx:1 — screen route /admin/invoices,src/app/admin/invoices/page.tsx,1,Interactive handlers detected; action-level rows follow.
ACT-00059,user_action,/admin/invoices,/admin/invoices,src/app/admin/invoices/page.tsx,onClick handler,,,,,,,,,,unknown,yes,unknown,unknown,false,false,unknown,,GREEN,LOW,src/app/admin/invoices/page.tsx:103 — onClick handler,src/app/admin/invoices/page.tsx,103,No nearby API call detected; verify whether UI-only is intentional.
ACT-00060,user_action,/admin/invoices,/admin/invoices,src/app/admin/invoices/page.tsx,onClick handler,,,,,,,,,,unknown,yes,unknown,unknown,false,false,unknown,,GREEN,LOW,src/app/admin/invoices/page.tsx:165 — onClick handler,src/app/admin/invoices/page.tsx,165,No nearby API call detected; verify whether UI-only is intentional.
ACT-00061,user_action,/admin/invoices,/admin/invoices,src/app/admin/invoices/page.tsx,onChange handler,,,,,,,,,,unknown,yes,unknown,unknown,false,false,unknown,,GREEN,LOW,src/app/admin/invoices/page.tsx:186 — onChange handler,src/app/admin/invoices/page.tsx,186,No nearby API call detected; verify whether UI-only is intentional.
ACT-00062,user_action,/admin/invoices,/admin/invoices,src/app/admin/invoices/page.tsx,onChange handler,,,,,,,,,,unknown,yes,unknown,unknown,false,false,unknown,,GREEN,LOW,src/app/admin/invoices/page.tsx:192 — onChange handler,src/app/admin/invoices/page.tsx,192,No nearby API call detected; verify whether UI-only is intentional.
ACT-00063,user_action,/admin/invoices,/admin/invoices,src/app/admin/invoices/page.tsx,onChange handler,,,,,,,,,,unknown,yes,unknown,unknown,false,false,unknown,,GREEN,LOW,src/app/admin/invoices/page.tsx:200 — onChange handler,src/app/admin/invoices/page.tsx,200,No nearby API call detected; verify whether UI-only is intentional.
ACT-00064,user_action,/admin/invoices,/admin/invoices,src/app/admin/invoices/page.tsx,onChange handler,,,,,,,,,,unknown,yes,unknown,unknown,false,false,unknown,,GREEN,LOW,src/app/admin/invoices/page.tsx:208 — onChange handler,src/app/admin/invoices/page.tsx,208,No nearby API call detected; verify whether UI-only is intentional.
ACT-00065,user_action,/admin/invoices,/admin/invoices,src/app/admin/invoices/page.tsx,onChange handler,,,,,,,,,,unknown,yes,unknown,unknown,false,false,unknown,,GREEN,LOW,src/app/admin/invoices/page.tsx:217 — onChange handler,src/app/admin/invoices/page.tsx,217,No nearby API call detected; verify whether UI-only is intentional.
ACT-00066,user_action,/admin/invoices,/admin/invoices,src/app/admin/invoices/page.tsx,onClick handler,,,,,,,,,,unknown,yes,unknown,unknown,false,false,unknown,,GREEN,LOW,src/app/admin/invoices/page.tsx:222 — onClick handler,src/app/admin/invoices/page.tsx,222,No nearby API call detected; verify whether UI-only is intentional.
ACT-00067,user_action,/admin/invoices,/admin/invoices,src/app/admin/invoices/page.tsx,onClick handler,,,,,,,,,,unknown,yes,unknown,unknown,false,false,unknown,,GREEN,LOW,src/app/admin/invoices/page.tsx:223 — onClick handler,src/app/admin/invoices/page.tsx,223,No nearby API call detected; verify whether UI-only is intentional.
ACT-00068,user_action,/admin/invoices,/admin/invoices,src/app/admin/invoices/page.tsx,onClick handler,,,,,,,,,,unknown,yes,unknown,unknown,false,false,unknown,,GREEN,LOW,src/app/admin/invoices/page.tsx:238 — onClick handler,src/app/admin/invoices/page.tsx,238,No nearby API call detected; verify whether UI-only is intentional.
ACT-00069,user_action,/admin/invoices,/admin/invoices,src/app/admin/invoices/page.tsx,onClick handler,,,,,,,,,,unknown,yes,unknown,unknown,false,false,unknown,,GREEN,LOW,src/app/admin/invoices/page.tsx:287 — onClick handler,src/app/admin/invoices/page.tsx,287,No nearby API call detected; verify whether UI-only is intentional.
ACT-00070,user_action,/admin/invoices,/admin/invoices,src/app/admin/invoices/page.tsx,onClick handler,,,,,,,,,,unknown,yes,unknown,unknown,false,false,unknown,,GREEN,LOW,src/app/admin/invoices/page.tsx:294 — onClick handler,src/app/admin/invoices/page.tsx,294,No nearby API call detected; verify whether UI-only is intentional.
ACT-00071,user_action,/admin/invoices,/admin/invoices,src/app/admin/invoices/page.tsx,onClick handler,,,,,,,,,,unknown,yes,unknown,unknown,false,false,unknown,,GREEN,LOW,src/app/admin/invoices/page.tsx:300 — onClick handler,src/app/admin/invoices/page.tsx,300,No nearby API call detected; verify whether UI-only is intentional.
CALL-00072,frontend_api_call,/admin/invoices,/admin/invoices,src/app/admin/invoices/page.tsx,fetch POST /api/admin/invoices,/api/admin/invoices,POST,,,,,,,,unknown,yes,unknown,unknown,false,true,unknown,,GREEN,LOW,src/app/admin/invoices/page.tsx:23 — frontend call POST /api/admin/invoices,src/app/admin/invoices/page.tsx,23,Must reconcile against an API endpoint row.
CALL-00073,frontend_api_call,/admin/invoices,/admin/invoices,src/app/admin/invoices/page.tsx,fetch GET /api/admin/invoices,/api/admin/invoices,GET,,,,,,,,unknown,yes,unknown,unknown,false,true,unknown,,GREEN,LOW,src/app/admin/invoices/page.tsx:40 — frontend call GET /api/admin/invoices,src/app/admin/invoices/page.tsx,40,Must reconcile against an API endpoint row.
CALL-00074,frontend_api_call,/admin/invoices,/admin/invoices,src/app/admin/invoices/page.tsx,fetch POST /api/admin/invoices,/api/admin/invoices,POST,,,,,,,,unknown,yes,unknown,unknown,false,true,unknown,,GREEN,LOW,src/app/admin/invoices/page.tsx:58 — frontend call POST /api/admin/invoices,src/app/admin/invoices/page.tsx,58,Must reconcile against an API endpoint row.
CALL-00075,frontend_api_call,/admin/invoices,/admin/invoices,src/app/admin/invoices/page.tsx,fetch POST /api/admin/invoices,/api/admin/invoices,POST,,,,,,,,unknown,yes,unknown,unknown,false,true,unknown,,GREEN,LOW,src/app/admin/invoices/page.tsx:75 — frontend call POST /api/admin/invoices,src/app/admin/invoices/page.tsx,75,Must reconcile against an API endpoint row.
SCR-00076,screen,/admin/jobs,/admin/jobs,src/app/admin/jobs/page.tsx,Screen render,,,,,,,,,,yes,yes,unknown,unknown,false,true,none/unknown,,GREEN,LOW,src/app/admin/jobs/page.tsx:1 — screen route /admin/jobs,src/app/admin/jobs/page.tsx,1,Interactive handlers detected; action-level rows follow.
CALL-00077,frontend_api_call,/admin/jobs,/admin/jobs,src/app/admin/jobs/page.tsx,fetch GET /api/admin/jobs?search=${encodeURIComponent(search)},/api/admin/jobs?search=${encodeURIComponent(search)},GET,,,,,,,,unknown,yes,unknown,unknown,false,true,unknown,,GREEN,LOW,src/app/admin/jobs/page.tsx:16 — frontend call GET /api/admin/jobs?search=${encodeURIComponent(search)},src/app/admin/jobs/page.tsx,16,Must reconcile against an API endpoint row.
SCR-00078,screen,/admin/licenses/allocator,/admin/licenses/allocator,src/app/admin/licenses/allocator/page.tsx,Screen render,,,,,,,,,,yes,yes,unknown,unknown,false,false,none/unknown,,GREEN,LOW,src/app/admin/licenses/allocator/page.tsx:1 — screen route /admin/licenses/allocator,src/app/admin/licenses/allocator/page.tsx,1,No interactive handler detected by static scan.
SCR-00079,screen,/admin/login,/admin/login,src/app/admin/login/page.tsx,Screen render,,,,,,,,,,yes,yes,unknown,unknown,false,true,none/unknown,,GREEN,LOW,src/app/admin/login/page.tsx:1 — screen route /admin/login,src/app/admin/login/page.tsx,1,Interactive handlers detected; action-level rows follow.
ACT-00080,user_action,/admin/login,/admin/login,src/app/admin/login/page.tsx,onSubmit handler,,,,,,,,,,yes,yes,unknown,unknown,false,false,unknown,,GREEN,LOW,src/app/admin/login/page.tsx:78 — onSubmit handler,src/app/admin/login/page.tsx,78,No nearby API call detected; verify whether UI-only is intentional.
ACT-00081,user_action,/admin/login,/admin/login,src/app/admin/login/page.tsx,onChange handler,,,,,,,,,,yes,yes,unknown,unknown,false,false,unknown,,GREEN,LOW,src/app/admin/login/page.tsx:92 — onChange handler,src/app/admin/login/page.tsx,92,No nearby API call detected; verify whether UI-only is intentional.
ACT-00082,user_action,/admin/login,/admin/login,src/app/admin/login/page.tsx,onChange handler,,,,,,,,,,yes,yes,unknown,unknown,false,false,unknown,,GREEN,LOW,src/app/admin/login/page.tsx:115 — onChange handler,src/app/admin/login/page.tsx,115,No nearby API call detected; verify whether UI-only is intentional.
ACT-00083,user_action,/admin/login,/admin/login,src/app/admin/login/page.tsx,onClick handler,,,,,,,,,,yes,yes,unknown,unknown,false,false,unknown,,GREEN,LOW,src/app/admin/login/page.tsx:122 — onClick handler,src/app/admin/login/page.tsx,122,No nearby API call detected; verify whether UI-only is intentional.
CALL-00084,frontend_api_call,/admin/login,/admin/login,src/app/admin/login/page.tsx,fetch POST /api/auth/login,/api/auth/login,POST,,,,,,,,yes,yes,unknown,unknown,false,true,unknown,,GREEN,LOW,src/app/admin/login/page.tsx:25 — frontend call POST /api/auth/login,src/app/admin/login/page.tsx,25,Must reconcile against an API endpoint row.
SCR-00085,screen,/admin/logs/stream,/admin/logs/stream,src/app/admin/logs/stream/page.tsx,Screen render,,,,,,,,,,yes,yes,unknown,unknown,false,false,none/unknown,,GREEN,LOW,src/app/admin/logs/stream/page.tsx:1 — screen route /admin/logs/stream,src/app/admin/logs/stream/page.tsx,1,No interactive handler detected by static scan.
SCR-00086,screen,/admin/managed-hiring/agreements/builder,/admin/managed-hiring/agreements/builder,src/app/admin/managed-hiring/agreements/builder/page.tsx,Screen render,,,,,,,,,,yes,yes,unknown,unknown,false,true,none/unknown,,GREEN,LOW,src/app/admin/managed-hiring/agreements/builder/page.tsx:1 — screen route /admin/managed-hiring/agreements/builder,src/app/admin/managed-hiring/agreements/builder/page.tsx,1,Interactive handlers detected; action-level rows follow.
ACT-00087,user_action,/admin/managed-hiring/agreements/builder,/admin/managed-hiring/agreements/builder,src/app/admin/managed-hiring/agreements/builder/page.tsx,undefined handler,,,,,,,,,,unknown,yes,unknown,unknown,false,true,unknown,,GREEN,LOW,src/app/admin/managed-hiring/agreements/builder/page.tsx:126 — undefined handler,src/app/admin/managed-hiring/agreements/builder/page.tsx,126,No nearby API call detected; verify whether UI-only is intentional.
ACT-00088,user_action,/admin/managed-hiring/agreements/builder,/admin/managed-hiring/agreements/builder,src/app/admin/managed-hiring/agreements/builder/page.tsx,onClick handler,,,,,,,,,,unknown,yes,unknown,unknown,false,false,unknown,,GREEN,LOW,src/app/admin/managed-hiring/agreements/builder/page.tsx:142 — onClick handler,src/app/admin/managed-hiring/agreements/builder/page.tsx,142,No nearby API call detected; verify whether UI-only is intentional.
ACT-00089,user_action,/admin/managed-hiring/agreements/builder,/admin/managed-hiring/agreements/builder,src/app/admin/managed-hiring/agreements/builder/page.tsx,onChange handler,,,,,,,,,,unknown,yes,unknown,unknown,false,false,unknown,,GREEN,LOW,src/app/admin/managed-hiring/agreements/builder/page.tsx:164 — onChange handler,src/app/admin/managed-hiring/agreements/builder/page.tsx,164,No nearby API call detected; verify whether UI-only is intentional.
ACT-00090,user_action,/admin/managed-hiring/agreements/builder,/admin/managed-hiring/agreements/builder,src/app/admin/managed-hiring/agreements/builder/page.tsx,onChange handler,,,,,,,,,,unknown,yes,unknown,unknown,false,false,unknown,,GREEN,LOW,src/app/admin/managed-hiring/agreements/builder/page.tsx:168 — onChange handler,src/app/admin/managed-hiring/agreements/builder/page.tsx,168,No nearby API call detected; verify whether UI-only is intentional.
ACT-00091,user_action,/admin/managed-hiring/agreements/builder,/admin/managed-hiring/agreements/builder,src/app/admin/managed-hiring/agreements/builder/page.tsx,onChange handler,,,,,,,,,,unknown,yes,unknown,unknown,false,false,unknown,,GREEN,LOW,src/app/admin/managed-hiring/agreements/builder/page.tsx:172 — onChange handler,src/app/admin/managed-hiring/agreements/builder/page.tsx,172,No nearby API call detected; verify whether UI-only is intentional.
ACT-00092,user_action,/admin/managed-hiring/agreements/builder,/admin/managed-hiring/agreements/builder,src/app/admin/managed-hiring/agreements/builder/page.tsx,onChange handler,,,,,,,,,,unknown,yes,unknown,unknown,false,false,unknown,,GREEN,LOW,src/app/admin/managed-hiring/agreements/builder/page.tsx:176 — onChange handler,src/app/admin/managed-hiring/agreements/builder/page.tsx,176,No nearby API call detected; verify whether UI-only is intentional.
ACT-00093,user_action,/admin/managed-hiring/agreements/builder,/admin/managed-hiring/agreements/builder,src/app/admin/managed-hiring/agreements/builder/page.tsx,onChange handler,,,,,,,,,,unknown,yes,unknown,unknown,false,false,unknown,,GREEN,LOW,src/app/admin/managed-hiring/agreements/builder/page.tsx:192 — onChange handler,src/app/admin/managed-hiring/agreements/builder/page.tsx,192,No nearby API call detected; verify whether UI-only is intentional.
ACT-00094,user_action,/admin/managed-hiring/agreements/builder,/admin/managed-hiring/agreements/builder,src/app/admin/managed-hiring/agreements/builder/page.tsx,onChange handler,,,,,,,,,,unknown,yes,unknown,unknown,false,false,unknown,,GREEN,LOW,src/app/admin/managed-hiring/agreements/builder/page.tsx:206 — onChange handler,src/app/admin/managed-hiring/agreements/builder/page.tsx,206,No nearby API call detected; verify whether UI-only is intentional.
ACT-00095,user_action,/admin/managed-hiring/agreements/builder,/admin/managed-hiring/agreements/builder,src/app/admin/managed-hiring/agreements/builder/page.tsx,onChange handler,,,,,,,,,,unknown,yes,unknown,unknown,false,false,unknown,,GREEN,LOW,src/app/admin/managed-hiring/agreements/builder/page.tsx:207 — onChange handler,src/app/admin/managed-hiring/agreements/builder/page.tsx,207,No nearby API call detected; verify whether UI-only is intentional.
ACT-00096,user_action,/admin/managed-hiring/agreements/builder,/admin/managed-hiring/agreements/builder,src/app/admin/managed-hiring/agreements/builder/page.tsx,onChange handler,,,,,,,,,,unknown,yes,unknown,unknown,false,false,unknown,,GREEN,LOW,src/app/admin/managed-hiring/agreements/builder/page.tsx:215 — onChange handler,src/app/admin/managed-hiring/agreements/builder/page.tsx,215,No nearby API call detected; verify whether UI-only is intentional.
ACT-00097,user_action,/admin/managed-hiring/agreements/builder,/admin/managed-hiring/agreements/builder,src/app/admin/managed-hiring/agreements/builder/page.tsx,onChange handler,,,,,,,,,,unknown,yes,unknown,unknown,false,false,unknown,,GREEN,LOW,src/app/admin/managed-hiring/agreements/builder/page.tsx:219 — onChange handler,src/app/admin/managed-hiring/agreements/builder/page.tsx,219,No nearby API call detected; verify whether UI-only is intentional.
ACT-00098,user_action,/admin/managed-hiring/agreements/builder,/admin/managed-hiring/agreements/builder,src/app/admin/managed-hiring/agreements/builder/page.tsx,onChange handler,,,,,,,,,,unknown,yes,unknown,unknown,false,false,unknown,,GREEN,LOW,src/app/admin/managed-hiring/agreements/builder/page.tsx:228 — onChange handler,src/app/admin/managed-hiring/agreements/builder/page.tsx,228,No nearby API call detected; verify whether UI-only is intentional.
ACT-00099,user_action,/admin/managed-hiring/agreements/builder,/admin/managed-hiring/agreements/builder,src/app/admin/managed-hiring/agreements/builder/page.tsx,onChange handler,,,,,,,,,,unknown,yes,unknown,unknown,false,false,unknown,,GREEN,LOW,src/app/admin/managed-hiring/agreements/builder/page.tsx:237 — onChange handler,src/app/admin/managed-hiring/agreements/builder/page.tsx,237,No nearby API call detected; verify whether UI-only is intentional.
ACT-00100,user_action,/admin/managed-hiring/agreements/builder,/admin/managed-hiring/agreements/builder,src/app/admin/managed-hiring/agreements/builder/page.tsx,onChange handler,,,,,,,,,,unknown,yes,unknown,unknown,false,false,unknown,,GREEN,LOW,src/app/admin/managed-hiring/agreements/builder/page.tsx:242 — onChange handler,src/app/admin/managed-hiring/agreements/builder/page.tsx,242,No nearby API call detected; verify whether UI-only is intentional.
ACT-00101,user_action,/admin/managed-hiring/agreements/builder,/admin/managed-hiring/agreements/builder,src/app/admin/managed-hiring/agreements/builder/page.tsx,onClick handler,,,,,,,,,,unknown,yes,unknown,unknown,false,false,unknown,,GREEN,LOW,src/app/admin/managed-hiring/agreements/builder/page.tsx:249 — onClick handler,src/app/admin/managed-hiring/agreements/builder/page.tsx,249,No nearby API call detected; verify whether UI-only is intentional.
ACT-00102,user_action,/admin/managed-hiring/agreements/builder,/admin/managed-hiring/agreements/builder,src/app/admin/managed-hiring/agreements/builder/page.tsx,onClick handler,,,,,,,,,,unknown,yes,unknown,unknown,false,false,unknown,,GREEN,LOW,src/app/admin/managed-hiring/agreements/builder/page.tsx:253 — onClick handler,src/app/admin/managed-hiring/agreements/builder/page.tsx,253,No nearby API call detected; verify whether UI-only is intentional.
CALL-00103,frontend_api_call,/admin/managed-hiring/agreements/builder,/admin/managed-hiring/agreements/builder,src/app/admin/managed-hiring/agreements/builder/page.tsx,fetch GET /api/agreements/templates,/api/agreements/templates,GET,,,,,,,,unknown,yes,unknown,unknown,false,true,unknown,,GREEN,LOW,src/app/admin/managed-hiring/agreements/builder/page.tsx:34 — frontend call GET /api/agreements/templates,src/app/admin/managed-hiring/agreements/builder/page.tsx,34,Must reconcile against an API endpoint row.
CALL-00104,frontend_api_call,/admin/managed-hiring/agreements/builder,/admin/managed-hiring/agreements/builder,src/app/admin/managed-hiring/agreements/builder/page.tsx,fetch GET /api/agreements/requirements/${reqId},/api/agreements/requirements/${reqId},GET,,,,,,,,unknown,yes,unknown,unknown,false,true,unknown,,GREEN,LOW,src/app/admin/managed-hiring/agreements/builder/page.tsx:35 — frontend call GET /api/agreements/requirements/${reqId},src/app/admin/managed-hiring/agreements/builder/page.tsx,35,Must reconcile against an API endpoint row.
CALL-00105,frontend_api_call,/admin/managed-hiring/agreements/builder,/admin/managed-hiring/agreements/builder,src/app/admin/managed-hiring/agreements/builder/page.tsx,fetch POST /api/agreements/contracts,/api/agreements/contracts,POST,,,,,,,,unknown,yes,unknown,unknown,false,true,unknown,,GREEN,LOW,src/app/admin/managed-hiring/agreements/builder/page.tsx:100 — frontend call POST /api/agreements/contracts,src/app/admin/managed-hiring/agreements/builder/page.tsx,100,Must reconcile against an API endpoint row.
CALL-00106,frontend_api_call,/admin/managed-hiring/agreements/builder,/admin/managed-hiring/agreements/builder,src/app/admin/managed-hiring/agreements/builder/page.tsx,fetch POST /api/agreements/contracts/${data.agreement.id},/api/agreements/contracts/${data.agreement.id},POST,,,,,,,,unknown,yes,unknown,unknown,false,true,unknown,,GREEN,LOW,src/app/admin/managed-hiring/agreements/builder/page.tsx:110 — frontend call POST /api/agreements/contracts/${data.agreement.id},src/app/admin/managed-hiring/agreements/builder/page.tsx,110,Must reconcile against an API endpoint row.
CALL-00107,frontend_api_call,/admin/managed-hiring/agreements/builder,/admin/managed-hiring/agreements/builder,src/app/admin/managed-hiring/agreements/builder/page.tsx,fetch PATCH /api/agreements/requirements/${reqId},/api/agreements/requirements/${reqId},PATCH,,,,,,,,unknown,yes,unknown,unknown,false,true,unknown,,GREEN,LOW,src/app/admin/managed-hiring/agreements/builder/page.tsx:118 — frontend call PATCH /api/agreements/requirements/${reqId},src/app/admin/managed-hiring/agreements/builder/page.tsx,118,Must reconcile against an API endpoint row.
SCR-00108,screen,/admin/managed-hiring/operations,/admin/managed-hiring/operations,src/app/admin/managed-hiring/operations/page.tsx,Screen render,,,,,,,,,,yes,yes,unknown,unknown,false,false,none/unknown,,GREEN,LOW,src/app/admin/managed-hiring/operations/page.tsx:1 — screen route /admin/managed-hiring/operations,src/app/admin/managed-hiring/operations/page.tsx,1,Interactive handlers detected; action-level rows follow.
CALL-00109,frontend_api_call,/admin/managed-hiring/operations,/admin/managed-hiring/operations,src/app/admin/managed-hiring/operations/page.tsx,fetch GET /api/admin/managed-hiring/config,/api/admin/managed-hiring/config,GET,,,,,,,,unknown,yes,unknown,unknown,false,false,unknown,,GREEN,LOW,src/app/admin/managed-hiring/operations/page.tsx:24 — frontend call GET /api/admin/managed-hiring/config,src/app/admin/managed-hiring/operations/page.tsx,24,Must reconcile against an API endpoint row.
CALL-00110,frontend_api_call,/admin/managed-hiring/operations,/admin/managed-hiring/operations,src/app/admin/managed-hiring/operations/page.tsx,fetch GET /api/admin/invoices,/api/admin/invoices,GET,,,,,,,,unknown,yes,unknown,unknown,false,false,unknown,,GREEN,LOW,src/app/admin/managed-hiring/operations/page.tsx:25 — frontend call GET /api/admin/invoices,src/app/admin/managed-hiring/operations/page.tsx,25,Must reconcile against an API endpoint row.
SCR-00111,screen,/admin/managed-hiring/pipeline,/admin/managed-hiring/pipeline,src/app/admin/managed-hiring/pipeline/page.tsx,Screen render,,,,,HiringPipeline,,,,,yes,yes,unknown,unknown,false,true,none/unknown,,GREEN,LOW,src/app/admin/managed-hiring/pipeline/page.tsx:1 — screen route /admin/managed-hiring/pipeline,src/app/admin/managed-hiring/pipeline/page.tsx,1,Interactive handlers detected; action-level rows follow.
CALL-00112,frontend_api_call,/admin/managed-hiring/pipeline,/admin/managed-hiring/pipeline,src/app/admin/managed-hiring/pipeline/page.tsx,fetch GET /api/agreements/requirements,/api/agreements/requirements,GET,,,HiringPipeline,,,,,unknown,yes,unknown,unknown,false,true,unknown,,GREEN,LOW,src/app/admin/managed-hiring/pipeline/page.tsx:13 — frontend call GET /api/agreements/requirements,src/app/admin/managed-hiring/pipeline/page.tsx,13,Must reconcile against an API endpoint row.
SCR-00113,screen,/admin/managed-hiring/requests,/admin/managed-hiring/requests,src/app/admin/managed-hiring/requests/page.tsx,Screen render,,,,,,,,,,yes,yes,unknown,unknown,false,true,none/unknown,,GREEN,LOW,src/app/admin/managed-hiring/requests/page.tsx:1 — screen route /admin/managed-hiring/requests,src/app/admin/managed-hiring/requests/page.tsx,1,Interactive handlers detected; action-level rows follow.
ACT-00114,user_action,/admin/managed-hiring/requests,/admin/managed-hiring/requests,src/app/admin/managed-hiring/requests/page.tsx,onClick handler,,,,,,,,,,unknown,yes,unknown,unknown,false,false,unknown,,GREEN,LOW,src/app/admin/managed-hiring/requests/page.tsx:51 — onClick handler,src/app/admin/managed-hiring/requests/page.tsx,51,No nearby API call detected; verify whether UI-only is intentional.
ACT-00115,user_action,/admin/managed-hiring/requests,/admin/managed-hiring/requests,src/app/admin/managed-hiring/requests/page.tsx,undefined handler,,,,,,,,,,unknown,yes,unknown,unknown,false,false,unknown,,GREEN,LOW,src/app/admin/managed-hiring/requests/page.tsx:51 — undefined handler,src/app/admin/managed-hiring/requests/page.tsx,51,No nearby API call detected; verify whether UI-only is intentional.
ACT-00116,user_action,/admin/managed-hiring/requests,/admin/managed-hiring/requests,src/app/admin/managed-hiring/requests/page.tsx,onClick handler,,,,,,,,,,unknown,yes,unknown,unknown,false,false,unknown,,GREEN,LOW,src/app/admin/managed-hiring/requests/page.tsx:58 — onClick handler,src/app/admin/managed-hiring/requests/page.tsx,58,No nearby API call detected; verify whether UI-only is intentional.
ACT-00117,user_action,/admin/managed-hiring/requests,/admin/managed-hiring/requests,src/app/admin/managed-hiring/requests/page.tsx,undefined handler,,,,,,,,,,unknown,yes,unknown,unknown,false,false,unknown,,GREEN,LOW,src/app/admin/managed-hiring/requests/page.tsx:58 — undefined handler,src/app/admin/managed-hiring/requests/page.tsx,58,No nearby API call detected; verify whether UI-only is intentional.
ACT-00118,user_action,/admin/managed-hiring/requests,/admin/managed-hiring/requests,src/app/admin/managed-hiring/requests/page.tsx,onClick handler,,,,,,,,,,unknown,yes,unknown,unknown,false,false,unknown,,GREEN,LOW,src/app/admin/managed-hiring/requests/page.tsx:118 — onClick handler,src/app/admin/managed-hiring/requests/page.tsx,118,No nearby API call detected; verify whether UI-only is intentional.
ACT-00119,user_action,/admin/managed-hiring/requests,/admin/managed-hiring/requests,src/app/admin/managed-hiring/requests/page.tsx,undefined handler,,,,,,,,,,unknown,yes,unknown,unknown,false,false,unknown,,GREEN,LOW,src/app/admin/managed-hiring/requests/page.tsx:118 — undefined handler,src/app/admin/managed-hiring/requests/page.tsx,118,No nearby API call detected; verify whether UI-only is intentional.
CALL-00120,frontend_api_call,/admin/managed-hiring/requests,/admin/managed-hiring/requests,src/app/admin/managed-hiring/requests/page.tsx,fetch GET /api/agreements/requirements,/api/agreements/requirements,GET,,,,,,,,unknown,yes,unknown,unknown,false,true,unknown,,GREEN,LOW,src/app/admin/managed-hiring/requests/page.tsx:14 — frontend call GET /api/agreements/requirements,src/app/admin/managed-hiring/requests/page.tsx,14,Must reconcile against an API endpoint row.
SCR-00121,screen,/admin/managed-hiring/templates,/admin/managed-hiring/templates,src/app/admin/managed-hiring/templates/page.tsx,Screen render,,,,,,,,,,yes,yes,unknown,yes,false,true,none/unknown,,GREEN,LOW,src/app/admin/managed-hiring/templates/page.tsx:1 — screen route /admin/managed-hiring/templates,src/app/admin/managed-hiring/templates/page.tsx,1,Interactive handlers detected; action-level rows follow.
ACT-00122,user_action,/admin/managed-hiring/templates,/admin/managed-hiring/templates,src/app/admin/managed-hiring/templates/page.tsx,onClick handler,,,,,,,,,,unknown,yes,unknown,unknown,false,false,unknown,,GREEN,LOW,src/app/admin/managed-hiring/templates/page.tsx:72 — onClick handler,src/app/admin/managed-hiring/templates/page.tsx,72,No nearby API call detected; verify whether UI-only is intentional.
ACT-00123,user_action,/admin/managed-hiring/templates,/admin/managed-hiring/templates,src/app/admin/managed-hiring/templates/page.tsx,undefined handler,,,,,,,,,,unknown,yes,unknown,unknown,false,false,unknown,,GREEN,LOW,src/app/admin/managed-hiring/templates/page.tsx:72 — undefined handler,src/app/admin/managed-hiring/templates/page.tsx,72,No nearby API call detected; verify whether UI-only is intentional.
ACT-00124,user_action,/admin/managed-hiring/templates,/admin/managed-hiring/templates,src/app/admin/managed-hiring/templates/page.tsx,onClick handler,,,,,,,,,,unknown,yes,unknown,unknown,false,false,unknown,,GREEN,LOW,src/app/admin/managed-hiring/templates/page.tsx:79 — onClick handler,src/app/admin/managed-hiring/templates/page.tsx,79,No nearby API call detected; verify whether UI-only is intentional.
ACT-00125,user_action,/admin/managed-hiring/templates,/admin/managed-hiring/templates,src/app/admin/managed-hiring/templates/page.tsx,undefined handler,,,,,,,,,,unknown,yes,unknown,unknown,false,false,unknown,,GREEN,LOW,src/app/admin/managed-hiring/templates/page.tsx:79 — undefined handler,src/app/admin/managed-hiring/templates/page.tsx,79,No nearby API call detected; verify whether UI-only is intentional.
ACT-00126,user_action,/admin/managed-hiring/templates,/admin/managed-hiring/templates,src/app/admin/managed-hiring/templates/page.tsx,onClick handler,,,,,,,,,,unknown,yes,unknown,yes,false,false,unknown,,GREEN,LOW,src/app/admin/managed-hiring/templates/page.tsx:125 — onClick handler,src/app/admin/managed-hiring/templates/page.tsx,125,No nearby API call detected; verify whether UI-only is intentional.
ACT-00127,user_action,/admin/managed-hiring/templates,/admin/managed-hiring/templates,src/app/admin/managed-hiring/templates/page.tsx,undefined handler,,,,,,,,,,unknown,yes,unknown,yes,false,false,unknown,,GREEN,LOW,src/app/admin/managed-hiring/templates/page.tsx:125 — undefined handler,src/app/admin/managed-hiring/templates/page.tsx,125,No nearby API call detected; verify whether UI-only is intentional.
ACT-00128,user_action,/admin/managed-hiring/templates,/admin/managed-hiring/templates,src/app/admin/managed-hiring/templates/page.tsx,onClick handler,,,,,,,,,,unknown,yes,unknown,yes,false,false,unknown,,GREEN,LOW,src/app/admin/managed-hiring/templates/page.tsx:128 — onClick handler,src/app/admin/managed-hiring/templates/page.tsx,128,No nearby API call detected; verify whether UI-only is intentional.
ACT-00129,user_action,/admin/managed-hiring/templates,/admin/managed-hiring/templates,src/app/admin/managed-hiring/templates/page.tsx,onClick handler,,,,,,,,,,unknown,yes,unknown,unknown,false,false,unknown,,GREEN,LOW,src/app/admin/managed-hiring/templates/page.tsx:132 — onClick handler,src/app/admin/managed-hiring/templates/page.tsx,132,No nearby API call detected; verify whether UI-only is intentional.
CALL-00130,frontend_api_call,/admin/managed-hiring/templates,/admin/managed-hiring/templates,src/app/admin/managed-hiring/templates/page.tsx,fetch POST /api/agreements/templates,/api/agreements/templates,POST,,,,,,,,unknown,yes,unknown,yes,false,true,unknown,,GREEN,LOW,src/app/admin/managed-hiring/templates/page.tsx:17 — frontend call POST /api/agreements/templates,src/app/admin/managed-hiring/templates/page.tsx,17,Must reconcile against an API endpoint row.
CALL-00131,frontend_api_call,/admin/managed-hiring/templates,/admin/managed-hiring/templates,src/app/admin/managed-hiring/templates/page.tsx,fetch POST /api/agreements/templates/${id},/api/agreements/templates/${id},POST,,,,,,,,unknown,yes,unknown,yes,false,true,unknown,,GREEN,LOW,src/app/admin/managed-hiring/templates/page.tsx:31 — frontend call POST /api/agreements/templates/${id},src/app/admin/managed-hiring/templates/page.tsx,31,Must reconcile against an API endpoint row.
CALL-00132,frontend_api_call,/admin/managed-hiring/templates,/admin/managed-hiring/templates,src/app/admin/managed-hiring/templates/page.tsx,fetch DELETE /api/agreements/templates/${id},/api/agreements/templates/${id},DELETE,,,,,,,,unknown,yes,unknown,unknown,false,true,unknown,,GREEN,LOW,src/app/admin/managed-hiring/templates/page.tsx:50 — frontend call DELETE /api/agreements/templates/${id},src/app/admin/managed-hiring/templates/page.tsx,50,Must reconcile against an API endpoint row.
SCR-00133,screen,/admin/models/playground,/admin/models/playground,src/app/admin/models/playground/page.tsx,Screen render,,,,,,,,,,yes,yes,yes,unknown,false,false,none/unknown,,GREEN,LOW,src/app/admin/models/playground/page.tsx:1 — screen route /admin/models/playground,src/app/admin/models/playground/page.tsx,1,No interactive handler detected by static scan.
SCR-00134,screen,/admin/models/registry,/admin/models/registry,src/app/admin/models/registry/page.tsx,Screen render,,,,,,,OpenAI | Anthropic,,OpenAI | Anthropic,yes,yes,unknown,unknown,false,false,none/unknown,,GREEN,LOW,src/app/admin/models/registry/page.tsx:1 — screen route /admin/models/registry,src/app/admin/models/registry/page.tsx,1,No interactive handler detected by static scan.
SCR-00135,screen,/admin,/admin,src/app/admin/page.tsx,Screen render,,,,,,,,,,yes,yes,unknown,unknown,false,false,none/unknown,,GREEN,LOW,src/app/admin/page.tsx:1 — screen route /admin,src/app/admin/page.tsx,1,No interactive handler detected by static scan.
SCR-00136,screen,/admin/payment-gateways,/admin/payment-gateways,src/app/admin/payment-gateways/page.tsx,Screen render,,,,,,,PayU | Stripe,,PayU | Stripe,yes,yes,unknown,unknown,false,true,none/unknown,,GREEN,LOW,src/app/admin/payment-gateways/page.tsx:1 — screen route /admin/payment-gateways,src/app/admin/payment-gateways/page.tsx,1,Interactive handlers detected; action-level rows follow.
ACT-00137,user_action,/admin/payment-gateways,/admin/payment-gateways,src/app/admin/payment-gateways/page.tsx,onClick handler,,,,,,,PayU | Stripe,,PayU | Stripe,unknown,yes,unknown,unknown,false,false,unknown,,GREEN,LOW,src/app/admin/payment-gateways/page.tsx:107 — onClick handler,src/app/admin/payment-gateways/page.tsx,107,No nearby API call detected; verify whether UI-only is intentional.
ACT-00138,user_action,/admin/payment-gateways,/admin/payment-gateways,src/app/admin/payment-gateways/page.tsx,onClick handler,,,,,,,,,,unknown,yes,unknown,unknown,false,false,unknown,,GREEN,LOW,src/app/admin/payment-gateways/page.tsx:138 — onClick handler,src/app/admin/payment-gateways/page.tsx,138,No nearby API call detected; verify whether UI-only is intentional.
ACT-00139,user_action,/admin/payment-gateways,/admin/payment-gateways,src/app/admin/payment-gateways/page.tsx,onClick handler,,,,,,,,,,unknown,yes,unknown,unknown,false,false,unknown,,GREEN,LOW,src/app/admin/payment-gateways/page.tsx:146 — onClick handler,src/app/admin/payment-gateways/page.tsx,146,No nearby API call detected; verify whether UI-only is intentional.
ACT-00140,user_action,/admin/payment-gateways,/admin/payment-gateways,src/app/admin/payment-gateways/page.tsx,onChange handler,,,,,,,,,,unknown,yes,unknown,unknown,false,false,unknown,,GREEN,LOW,src/app/admin/payment-gateways/page.tsx:163 — onChange handler,src/app/admin/payment-gateways/page.tsx,163,No nearby API call detected; verify whether UI-only is intentional.
ACT-00141,user_action,/admin/payment-gateways,/admin/payment-gateways,src/app/admin/payment-gateways/page.tsx,onClick handler,,,,,,,,,,unknown,yes,unknown,unknown,false,false,unknown,,GREEN,LOW,src/app/admin/payment-gateways/page.tsx:178 — onClick handler,src/app/admin/payment-gateways/page.tsx,178,No nearby API call detected; verify whether UI-only is intentional.
ACT-00142,user_action,/admin/payment-gateways,/admin/payment-gateways,src/app/admin/payment-gateways/page.tsx,onClick handler,,,,,,,,,,unknown,yes,unknown,unknown,false,false,unknown,,GREEN,LOW,src/app/admin/payment-gateways/page.tsx:193 — onClick handler,src/app/admin/payment-gateways/page.tsx,193,No nearby API call detected; verify whether UI-only is intentional.
ACT-00143,user_action,/admin/payment-gateways,/admin/payment-gateways,src/app/admin/payment-gateways/page.tsx,onClick handler,,,,,,,,,,unknown,yes,unknown,unknown,false,false,unknown,,GREEN,LOW,src/app/admin/payment-gateways/page.tsx:235 — onClick handler,src/app/admin/payment-gateways/page.tsx,235,No nearby API call detected; verify whether UI-only is intentional.
CALL-00144,frontend_api_call,/admin/payment-gateways,/admin/payment-gateways,src/app/admin/payment-gateways/page.tsx,fetch GET /api/admin/payment-gateway/config,/api/admin/payment-gateway/config,GET,,,,,PayU | Stripe,,PayU | Stripe,unknown,yes,unknown,unknown,false,true,unknown,,GREEN,LOW,src/app/admin/payment-gateways/page.tsx:31 — frontend call GET /api/admin/payment-gateway/config,src/app/admin/payment-gateways/page.tsx,31,Must reconcile against an API endpoint row.
CALL-00145,frontend_api_call,/admin/payment-gateways,/admin/payment-gateways,src/app/admin/payment-gateways/page.tsx,fetch POST /api/admin/payment-gateway/config,/api/admin/payment-gateway/config,POST,,,,,PayU | Stripe,,PayU | Stripe,unknown,yes,unknown,unknown,false,true,unknown,,GREEN,LOW,src/app/admin/payment-gateways/page.tsx:50 — frontend call POST /api/admin/payment-gateway/config,src/app/admin/payment-gateways/page.tsx,50,Must reconcile against an API endpoint row.
SCR-00146,screen,/admin/pricing-engine,/admin/pricing-engine,src/app/admin/pricing-engine/page.tsx,Screen render,,,,,,,,,,yes,yes,unknown,unknown,false,false,none/unknown,,GREEN,LOW,src/app/admin/pricing-engine/page.tsx:1 — screen route /admin/pricing-engine,src/app/admin/pricing-engine/page.tsx,1,Interactive handlers detected; action-level rows follow.
ACT-00147,user_action,/admin/pricing-engine,/admin/pricing-engine,src/app/admin/pricing-engine/page.tsx,onChange handler,,,,,,,,,,unknown,yes,unknown,unknown,false,false,unknown,,GREEN,LOW,src/app/admin/pricing-engine/page.tsx:62 — onChange handler,src/app/admin/pricing-engine/page.tsx,62,No nearby API call detected; verify whether UI-only is intentional.
ACT-00148,user_action,/admin/pricing-engine,/admin/pricing-engine,src/app/admin/pricing-engine/page.tsx,onClick handler,,,,,,,,,,unknown,yes,unknown,unknown,false,false,unknown,,GREEN,LOW,src/app/admin/pricing-engine/page.tsx:84 — onClick handler,src/app/admin/pricing-engine/page.tsx,84,No nearby API call detected; verify whether UI-only is intentional.
ACT-00149,user_action,/admin/pricing-engine,/admin/pricing-engine,src/app/admin/pricing-engine/page.tsx,onChange handler,,,,,,,,,,unknown,yes,unknown,unknown,false,false,unknown,,GREEN,LOW,src/app/admin/pricing-engine/page.tsx:111 — onChange handler,src/app/admin/pricing-engine/page.tsx,111,No nearby API call detected; verify whether UI-only is intentional.
ACT-00150,user_action,/admin/pricing-engine,/admin/pricing-engine,src/app/admin/pricing-engine/page.tsx,onChange handler,,,,,,,,,,unknown,yes,unknown,unknown,false,false,unknown,,GREEN,LOW,src/app/admin/pricing-engine/page.tsx:123 — onChange handler,src/app/admin/pricing-engine/page.tsx,123,No nearby API call detected; verify whether UI-only is intentional.
ACT-00151,user_action,/admin/pricing-engine,/admin/pricing-engine,src/app/admin/pricing-engine/page.tsx,onChange handler,,,,,,,,,,unknown,yes,unknown,unknown,false,false,unknown,,GREEN,LOW,src/app/admin/pricing-engine/page.tsx:136 — onChange handler,src/app/admin/pricing-engine/page.tsx,136,No nearby API call detected; verify whether UI-only is intentional.
ACT-00152,user_action,/admin/pricing-engine,/admin/pricing-engine,src/app/admin/pricing-engine/page.tsx,onChange handler,,,,,,,,,,unknown,yes,unknown,unknown,false,false,unknown,,GREEN,LOW,src/app/admin/pricing-engine/page.tsx:146 — onChange handler,src/app/admin/pricing-engine/page.tsx,146,No nearby API call detected; verify whether UI-only is intentional.
ACT-00153,user_action,/admin/pricing-engine,/admin/pricing-engine,src/app/admin/pricing-engine/page.tsx,onChange handler,,,,,,,,,,unknown,yes,unknown,unknown,false,false,unknown,,GREEN,LOW,src/app/admin/pricing-engine/page.tsx:157 — onChange handler,src/app/admin/pricing-engine/page.tsx,157,No nearby API call detected; verify whether UI-only is intentional.
ACT-00154,user_action,/admin/pricing-engine,/admin/pricing-engine,src/app/admin/pricing-engine/page.tsx,onChange handler,,,,,,,,,,unknown,yes,unknown,unknown,false,false,unknown,,GREEN,LOW,src/app/admin/pricing-engine/page.tsx:173 — onChange handler,src/app/admin/pricing-engine/page.tsx,173,No nearby API call detected; verify whether UI-only is intentional.
SCR-00155,screen,/admin/proctoring-control-panel,/admin/proctoring-control-panel,src/app/admin/proctoring-control-panel/page.tsx,Screen render,,,,,,,,,,yes,yes,yes,unknown,false,false,none/unknown,,GREEN,LOW,src/app/admin/proctoring-control-panel/page.tsx:1 — screen route /admin/proctoring-control-panel,src/app/admin/proctoring-control-panel/page.tsx,1,No interactive handler detected by static scan.
SCR-00156,screen,/admin/recorded-assessment/questions,/admin/recorded-assessment/questions,src/app/admin/recorded-assessment/questions/page.tsx,Screen render,,,,,,,,,,yes,yes,unknown,unknown,false,true,none/unknown,,GREEN,LOW,src/app/admin/recorded-assessment/questions/page.tsx:1 — screen route /admin/recorded-assessment/questions,src/app/admin/recorded-assessment/questions/page.tsx,1,Interactive handlers detected; action-level rows follow.
ACT-00157,user_action,/admin/recorded-assessment/questions,/admin/recorded-assessment/questions,src/app/admin/recorded-assessment/questions/page.tsx,onChange handler,,,,,,,,,,unknown,yes,unknown,unknown,false,false,unknown,,GREEN,LOW,src/app/admin/recorded-assessment/questions/page.tsx:108 — onChange handler,src/app/admin/recorded-assessment/questions/page.tsx,108,No nearby API call detected; verify whether UI-only is intentional.
ACT-00158,user_action,/admin/recorded-assessment/questions,/admin/recorded-assessment/questions,src/app/admin/recorded-assessment/questions/page.tsx,onClick handler,,,,,,,,,,unknown,yes,unknown,unknown,false,false,unknown,,GREEN,LOW,src/app/admin/recorded-assessment/questions/page.tsx:109 — onClick handler,src/app/admin/recorded-assessment/questions/page.tsx,109,No nearby API call detected; verify whether UI-only is intentional.
ACT-00159,user_action,/admin/recorded-assessment/questions,/admin/recorded-assessment/questions,src/app/admin/recorded-assessment/questions/page.tsx,onSubmit handler,,,,,,,,,,unknown,yes,unknown,unknown,false,false,unknown,,GREEN,LOW,src/app/admin/recorded-assessment/questions/page.tsx:112 — onSubmit handler,src/app/admin/recorded-assessment/questions/page.tsx,112,No nearby API call detected; verify whether UI-only is intentional.
ACT-00160,user_action,/admin/recorded-assessment/questions,/admin/recorded-assessment/questions,src/app/admin/recorded-assessment/questions/page.tsx,onChange handler,,,,,,,,,,unknown,yes,unknown,unknown,false,false,unknown,,GREEN,LOW,src/app/admin/recorded-assessment/questions/page.tsx:113 — onChange handler,src/app/admin/recorded-assessment/questions/page.tsx,113,No nearby API call detected; verify whether UI-only is intentional.
ACT-00161,user_action,/admin/recorded-assessment/questions,/admin/recorded-assessment/questions,src/app/admin/recorded-assessment/questions/page.tsx,onChange handler,,,,,,,,,,unknown,yes,unknown,unknown,false,false,unknown,,GREEN,LOW,src/app/admin/recorded-assessment/questions/page.tsx:114 — onChange handler,src/app/admin/recorded-assessment/questions/page.tsx,114,No nearby API call detected; verify whether UI-only is intentional.
ACT-00162,user_action,/admin/recorded-assessment/questions,/admin/recorded-assessment/questions,src/app/admin/recorded-assessment/questions/page.tsx,onChange handler,,,,,,,,,,unknown,yes,unknown,unknown,false,false,unknown,,GREEN,LOW,src/app/admin/recorded-assessment/questions/page.tsx:115 — onChange handler,src/app/admin/recorded-assessment/questions/page.tsx,115,No nearby API call detected; verify whether UI-only is intentional.
ACT-00163,user_action,/admin/recorded-assessment/questions,/admin/recorded-assessment/questions,src/app/admin/recorded-assessment/questions/page.tsx,onChange handler,,,,,,,,,,unknown,yes,unknown,unknown,false,false,unknown,,GREEN,LOW,src/app/admin/recorded-assessment/questions/page.tsx:116 — onChange handler,src/app/admin/recorded-assessment/questions/page.tsx,116,No nearby API call detected; verify whether UI-only is intentional.
ACT-00164,user_action,/admin/recorded-assessment/questions,/admin/recorded-assessment/questions,src/app/admin/recorded-assessment/questions/page.tsx,onChange handler,,,,,,,,,,unknown,yes,unknown,unknown,false,false,unknown,,GREEN,LOW,src/app/admin/recorded-assessment/questions/page.tsx:117 — onChange handler,src/app/admin/recorded-assessment/questions/page.tsx,117,No nearby API call detected; verify whether UI-only is intentional.
ACT-00165,user_action,/admin/recorded-assessment/questions,/admin/recorded-assessment/questions,src/app/admin/recorded-assessment/questions/page.tsx,onChange handler,,,,,,,,,,unknown,yes,unknown,unknown,false,false,unknown,,GREEN,LOW,src/app/admin/recorded-assessment/questions/page.tsx:118 — onChange handler,src/app/admin/recorded-assessment/questions/page.tsx,118,No nearby API call detected; verify whether UI-only is intentional.
ACT-00166,user_action,/admin/recorded-assessment/questions,/admin/recorded-assessment/questions,src/app/admin/recorded-assessment/questions/page.tsx,onChange handler,,,,,,,,,,unknown,yes,unknown,unknown,false,false,unknown,,GREEN,LOW,src/app/admin/recorded-assessment/questions/page.tsx:119 — onChange handler,src/app/admin/recorded-assessment/questions/page.tsx,119,No nearby API call detected; verify whether UI-only is intentional.
ACT-00167,user_action,/admin/recorded-assessment/questions,/admin/recorded-assessment/questions,src/app/admin/recorded-assessment/questions/page.tsx,onClick handler,,,,,,,,,,unknown,yes,unknown,unknown,false,false,unknown,,GREEN,LOW,src/app/admin/recorded-assessment/questions/page.tsx:132 — onClick handler,src/app/admin/recorded-assessment/questions/page.tsx,132,No nearby API call detected; verify whether UI-only is intentional.
CALL-00168,frontend_api_call,/admin/recorded-assessment/questions,/admin/recorded-assessment/questions,src/app/admin/recorded-assessment/questions/page.tsx,fetch GET /api/admin/recorded-assessment/questions?roleTitle=${encodeURIComponent(roleTitle)},/api/admin/recorded-assessment/questions?roleTitle=${encodeURIComponent(roleTitle)},GET,,,,,,,,unknown,yes,unknown,unknown,false,true,unknown,,GREEN,LOW,src/app/admin/recorded-assessment/questions/page.tsx:48 — frontend call GET /api/admin/recorded-assessment/questions?roleTitle=${encodeURIComponent(roleTitle)},src/app/admin/recorded-assessment/questions/page.tsx,48,Must reconcile against an API endpoint row.
CALL-00169,frontend_api_call,/admin/recorded-assessment/questions,/admin/recorded-assessment/questions,src/app/admin/recorded-assessment/questions/page.tsx,fetch POST /api/admin/recorded-assessment/questions,/api/admin/recorded-assessment/questions,POST,,,,,,,,unknown,yes,unknown,unknown,false,true,unknown,,GREEN,LOW,src/app/admin/recorded-assessment/questions/page.tsx:64 — frontend call POST /api/admin/recorded-assessment/questions,src/app/admin/recorded-assessment/questions/page.tsx,64,Must reconcile against an API endpoint row.
CALL-00170,frontend_api_call,/admin/recorded-assessment/questions,/admin/recorded-assessment/questions,src/app/admin/recorded-assessment/questions/page.tsx,fetch DELETE /api/admin/recorded-assessment/questions/${id},/api/admin/recorded-assessment/questions/${id},DELETE,,,,,,,,unknown,yes,unknown,unknown,false,true,unknown,,GREEN,LOW,src/app/admin/recorded-assessment/questions/page.tsx:90 — frontend call DELETE /api/admin/recorded-assessment/questions/${id},src/app/admin/recorded-assessment/questions/page.tsx,90,Must reconcile against an API endpoint row.
SCR-00171,screen,/admin/recorded-assessment/restrictions,/admin/recorded-assessment/restrictions,src/app/admin/recorded-assessment/restrictions/page.tsx,Screen render,,,,,,,,,,yes,yes,unknown,unknown,false,true,none/unknown,,GREEN,LOW,src/app/admin/recorded-assessment/restrictions/page.tsx:1 — screen route /admin/recorded-assessment/restrictions,src/app/admin/recorded-assessment/restrictions/page.tsx,1,Interactive handlers detected; action-level rows follow.
ACT-00172,user_action,/admin/recorded-assessment/restrictions,/admin/recorded-assessment/restrictions,src/app/admin/recorded-assessment/restrictions/page.tsx,onChange handler,,,,,,,,,,unknown,yes,unknown,unknown,false,false,unknown,,GREEN,LOW,src/app/admin/recorded-assessment/restrictions/page.tsx:78 — onChange handler,src/app/admin/recorded-assessment/restrictions/page.tsx,78,No nearby API call detected; verify whether UI-only is intentional.
ACT-00173,user_action,/admin/recorded-assessment/restrictions,/admin/recorded-assessment/restrictions,src/app/admin/recorded-assessment/restrictions/page.tsx,onClick handler,,,,,,,,,,unknown,yes,unknown,unknown,false,false,unknown,,GREEN,LOW,src/app/admin/recorded-assessment/restrictions/page.tsx:116 — onClick handler,src/app/admin/recorded-assessment/restrictions/page.tsx,116,No nearby API call detected; verify whether UI-only is intentional.
ACT-00174,user_action,/admin/recorded-assessment/restrictions,/admin/recorded-assessment/restrictions,src/app/admin/recorded-assessment/restrictions/page.tsx,onClick handler,,,,,,,,,,unknown,yes,unknown,unknown,false,false,unknown,,GREEN,LOW,src/app/admin/recorded-assessment/restrictions/page.tsx:117 — onClick handler,src/app/admin/recorded-assessment/restrictions/page.tsx,117,No nearby API call detected; verify whether UI-only is intentional.
ACT-00175,user_action,/admin/recorded-assessment/restrictions,/admin/recorded-assessment/restrictions,src/app/admin/recorded-assessment/restrictions/page.tsx,onClick handler,,,,,,,,,,unknown,yes,unknown,unknown,false,false,unknown,,GREEN,LOW,src/app/admin/recorded-assessment/restrictions/page.tsx:120 — onClick handler,src/app/admin/recorded-assessment/restrictions/page.tsx,120,No nearby API call detected; verify whether UI-only is intentional.
CALL-00176,frontend_api_call,/admin/recorded-assessment/restrictions,/admin/recorded-assessment/restrictions,src/app/admin/recorded-assessment/restrictions/page.tsx,fetch GET /api/admin/recorded-assessment/restrictions?status=${status},/api/admin/recorded-assessment/restrictions?status=${status},GET,,,,,,,,unknown,yes,unknown,unknown,false,true,unknown,,GREEN,LOW,src/app/admin/recorded-assessment/restrictions/page.tsx:39 — frontend call GET /api/admin/recorded-assessment/restrictions?status=${status},src/app/admin/recorded-assessment/restrictions/page.tsx,39,Must reconcile against an API endpoint row.
CALL-00177,frontend_api_call,/admin/recorded-assessment/restrictions,/admin/recorded-assessment/restrictions,src/app/admin/recorded-assessment/restrictions/page.tsx,fetch POST /api/admin/recorded-assessment/restrictions/${id},/api/admin/recorded-assessment/restrictions/${id},POST,,,,,,,,unknown,yes,unknown,unknown,false,true,unknown,,GREEN,LOW,src/app/admin/recorded-assessment/restrictions/page.tsx:58 — frontend call POST /api/admin/recorded-assessment/restrictions/${id},src/app/admin/recorded-assessment/restrictions/page.tsx,58,Must reconcile against an API endpoint row.
SCR-00178,screen,/admin/referrals,/admin/referrals,src/app/admin/referrals/page.tsx,Screen render,,,,,,,,,,yes,yes,unknown,unknown,false,true,none/unknown,,GREEN,LOW,src/app/admin/referrals/page.tsx:1 — screen route /admin/referrals,src/app/admin/referrals/page.tsx,1,Interactive handlers detected; action-level rows follow.
ACT-00179,user_action,/admin/referrals,/admin/referrals,src/app/admin/referrals/page.tsx,onClick handler,,,,,,,,,,unknown,yes,unknown,unknown,false,false,unknown,,GREEN,LOW,src/app/admin/referrals/page.tsx:153 — onClick handler,src/app/admin/referrals/page.tsx,153,No nearby API call detected; verify whether UI-only is intentional.
ACT-00180,user_action,/admin/referrals,/admin/referrals,src/app/admin/referrals/page.tsx,onSubmit handler,,,,,,,,,,unknown,yes,unknown,unknown,false,false,unknown,,GREEN,LOW,src/app/admin/referrals/page.tsx:176 — onSubmit handler,src/app/admin/referrals/page.tsx,176,No nearby API call detected; verify whether UI-only is intentional.
ACT-00181,user_action,/admin/referrals,/admin/referrals,src/app/admin/referrals/page.tsx,onChange handler,,,,,,,,,,unknown,yes,unknown,unknown,false,false,unknown,,GREEN,LOW,src/app/admin/referrals/page.tsx:196 — onChange handler,src/app/admin/referrals/page.tsx,196,No nearby API call detected; verify whether UI-only is intentional.
ACT-00182,user_action,/admin/referrals,/admin/referrals,src/app/admin/referrals/page.tsx,onChange handler,,,,,,,,,,unknown,yes,unknown,unknown,false,false,unknown,,GREEN,LOW,src/app/admin/referrals/page.tsx:200 — onChange handler,src/app/admin/referrals/page.tsx,200,No nearby API call detected; verify whether UI-only is intentional.
ACT-00183,user_action,/admin/referrals,/admin/referrals,src/app/admin/referrals/page.tsx,onChange handler,,,,,,,,,,unknown,yes,unknown,unknown,false,false,unknown,,GREEN,LOW,src/app/admin/referrals/page.tsx:207 — onChange handler,src/app/admin/referrals/page.tsx,207,No nearby API call detected; verify whether UI-only is intentional.
ACT-00184,user_action,/admin/referrals,/admin/referrals,src/app/admin/referrals/page.tsx,onChange handler,,,,,,,,,,unknown,yes,unknown,unknown,false,false,unknown,,GREEN,LOW,src/app/admin/referrals/page.tsx:211 — onChange handler,src/app/admin/referrals/page.tsx,211,No nearby API call detected; verify whether UI-only is intentional.
ACT-00185,user_action,/admin/referrals,/admin/referrals,src/app/admin/referrals/page.tsx,onChange handler,,,,,,,,,,unknown,yes,unknown,unknown,false,false,unknown,,GREEN,LOW,src/app/admin/referrals/page.tsx:218 — onChange handler,src/app/admin/referrals/page.tsx,218,No nearby API call detected; verify whether UI-only is intentional.
ACT-00186,user_action,/admin/referrals,/admin/referrals,src/app/admin/referrals/page.tsx,onChange handler,,,,,,,,,,unknown,yes,unknown,unknown,false,false,unknown,,GREEN,LOW,src/app/admin/referrals/page.tsx:222 — onChange handler,src/app/admin/referrals/page.tsx,222,No nearby API call detected; verify whether UI-only is intentional.
ACT-00187,user_action,/admin/referrals,/admin/referrals,src/app/admin/referrals/page.tsx,onChange handler,,,,,,,,,,unknown,yes,unknown,unknown,false,false,unknown,,GREEN,LOW,src/app/admin/referrals/page.tsx:233 — onChange handler,src/app/admin/referrals/page.tsx,233,No nearby API call detected; verify whether UI-only is intentional.
ACT-00188,user_action,/admin/referrals,/admin/referrals,src/app/admin/referrals/page.tsx,onChange handler,,,,,,,,,,unknown,yes,unknown,unknown,false,false,unknown,,GREEN,LOW,src/app/admin/referrals/page.tsx:237 — onChange handler,src/app/admin/referrals/page.tsx,237,No nearby API call detected; verify whether UI-only is intentional.
ACT-00189,user_action,/admin/referrals,/admin/referrals,src/app/admin/referrals/page.tsx,onChange handler,,,,,,,,,,unknown,yes,unknown,unknown,false,false,unknown,,GREEN,LOW,src/app/admin/referrals/page.tsx:301 — onChange handler,src/app/admin/referrals/page.tsx,301,No nearby API call detected; verify whether UI-only is intentional.
ACT-00190,user_action,/admin/referrals,/admin/referrals,src/app/admin/referrals/page.tsx,onClick handler,,,,,,,,,,unknown,yes,unknown,unknown,false,false,unknown,,GREEN,LOW,src/app/admin/referrals/page.tsx:320 — onClick handler,src/app/admin/referrals/page.tsx,320,No nearby API call detected; verify whether UI-only is intentional.
ACT-00191,user_action,/admin/referrals,/admin/referrals,src/app/admin/referrals/page.tsx,onClick handler,,,,,,,,,,unknown,yes,unknown,unknown,false,false,unknown,,GREEN,LOW,src/app/admin/referrals/page.tsx:323 — onClick handler,src/app/admin/referrals/page.tsx,323,No nearby API call detected; verify whether UI-only is intentional.
ACT-00192,user_action,/admin/referrals,/admin/referrals,src/app/admin/referrals/page.tsx,onClick handler,,,,,,,,,,unknown,yes,unknown,unknown,false,false,unknown,,GREEN,LOW,src/app/admin/referrals/page.tsx:330 — onClick handler,src/app/admin/referrals/page.tsx,330,No nearby API call detected; verify whether UI-only is intentional.
ACT-00193,user_action,/admin/referrals,/admin/referrals,src/app/admin/referrals/page.tsx,onClick handler,,,,,,,,,,unknown,yes,unknown,unknown,false,false,unknown,,GREEN,LOW,src/app/admin/referrals/page.tsx:333 — onClick handler,src/app/admin/referrals/page.tsx,333,No nearby API call detected; verify whether UI-only is intentional.
CALL-00194,frontend_api_call,/admin/referrals,/admin/referrals,src/app/admin/referrals/page.tsx,fetch GET /api/admin/referrals/config,/api/admin/referrals/config,GET,,,,,,,,unknown,yes,unknown,unknown,false,true,unknown,,GREEN,LOW,src/app/admin/referrals/page.tsx:23 — frontend call GET /api/admin/referrals/config,src/app/admin/referrals/page.tsx,23,Must reconcile against an API endpoint row.
CALL-00195,frontend_api_call,/admin/referrals,/admin/referrals,src/app/admin/referrals/page.tsx,fetch GET /api/admin/referrals/payouts,/api/admin/referrals/payouts,GET,,,,,,,,unknown,yes,unknown,unknown,false,true,unknown,,GREEN,LOW,src/app/admin/referrals/page.tsx:24 — frontend call GET /api/admin/referrals/payouts,src/app/admin/referrals/page.tsx,24,Must reconcile against an API endpoint row.
CALL-00196,frontend_api_call,/admin/referrals,/admin/referrals,src/app/admin/referrals/page.tsx,fetch GET /api/admin/referrals/analytics,/api/admin/referrals/analytics,GET,,,,,,,,unknown,yes,unknown,unknown,false,true,unknown,,GREEN,LOW,src/app/admin/referrals/page.tsx:25 — frontend call GET /api/admin/referrals/analytics,src/app/admin/referrals/page.tsx,25,Must reconcile against an API endpoint row.
CALL-00197,frontend_api_call,/admin/referrals,/admin/referrals,src/app/admin/referrals/page.tsx,fetch PUT /api/admin/referrals/config,/api/admin/referrals/config,PUT,,,,,,,,unknown,yes,unknown,unknown,false,true,unknown,,GREEN,LOW,src/app/admin/referrals/page.tsx:40 — frontend call PUT /api/admin/referrals/config,src/app/admin/referrals/page.tsx,40,Must reconcile against an API endpoint row.
CALL-00198,frontend_api_call,/admin/referrals,/admin/referrals,src/app/admin/referrals/page.tsx,fetch POST /api/admin/referrals/payouts,/api/admin/referrals/payouts,POST,,,,,,,,unknown,yes,unknown,unknown,false,true,unknown,,GREEN,LOW,src/app/admin/referrals/page.tsx:58 — frontend call POST /api/admin/referrals/payouts,src/app/admin/referrals/page.tsx,58,Must reconcile against an API endpoint row.
CALL-00199,frontend_api_call,/admin/referrals,/admin/referrals,src/app/admin/referrals/page.tsx,fetch POST /api/admin/referrals/payouts,/api/admin/referrals/payouts,POST,,,,,,,,unknown,yes,unknown,unknown,false,true,unknown,,GREEN,LOW,src/app/admin/referrals/page.tsx:87 — frontend call POST /api/admin/referrals/payouts,src/app/admin/referrals/page.tsx,87,Must reconcile against an API endpoint row.
CALL-00200,frontend_api_call,/admin/referrals,/admin/referrals,src/app/admin/referrals/page.tsx,fetch POST /api/admin/referrals/payouts,/api/admin/referrals/payouts,POST,,,,,,,,unknown,yes,unknown,unknown,false,true,unknown,,GREEN,LOW,src/app/admin/referrals/page.tsx:112 — frontend call POST /api/admin/referrals/payouts,src/app/admin/referrals/page.tsx,112,Must reconcile against an API endpoint row.
SCR-00201,screen,/admin/revenue,/admin/revenue,src/app/admin/revenue/page.tsx,Screen render,,,,,,,,,,yes,yes,unknown,unknown,false,false,none/unknown,,GREEN,LOW,src/app/admin/revenue/page.tsx:1 — screen route /admin/revenue,src/app/admin/revenue/page.tsx,1,No interactive handler detected by static scan.
SCR-00202,screen,/admin/roles,/admin/roles,src/app/admin/roles/page.tsx,Screen render,,,,,,,,,,yes,yes,unknown,unknown,false,false,none/unknown,,GREEN,LOW,src/app/admin/roles/page.tsx:1 — screen route /admin/roles,src/app/admin/roles/page.tsx,1,No interactive handler detected by static scan.
SCR-00203,screen,/admin/security/vulnerability-inspector,/admin/security/vulnerability-inspector,src/app/admin/security/vulnerability-inspector/page.tsx,Screen render,,,,,,,,,,yes,yes,unknown,unknown,false,false,none/unknown,,GREEN,LOW,src/app/admin/security/vulnerability-inspector/page.tsx:1 — screen route /admin/security/vulnerability-inspector,src/app/admin/security/vulnerability-inspector/page.tsx,1,No interactive handler detected by static scan.
SCR-00204,screen,/admin/settings/ai-agents,/admin/settings/ai-agents,src/app/admin/settings/ai-agents/page.tsx,Screen render,,,,,,,,,,yes,yes,unknown,unknown,false,false,none/unknown,,GREEN,LOW,src/app/admin/settings/ai-agents/page.tsx:1 — screen route /admin/settings/ai-agents,src/app/admin/settings/ai-agents/page.tsx,1,No interactive handler detected by static scan.
SCR-00205,screen,/admin/settings/analytics,/admin/settings/analytics,src/app/admin/settings/analytics/page.tsx,Screen render,,,,,,,,,,yes,yes,unknown,unknown,false,false,none/unknown,,GREEN,LOW,src/app/admin/settings/analytics/page.tsx:1 — screen route /admin/settings/analytics,src/app/admin/settings/analytics/page.tsx,1,No interactive handler detected by static scan.
SCR-00206,screen,/admin/settings/audit-log,/admin/settings/audit-log,src/app/admin/settings/audit-log/page.tsx,Screen render,,,,,,,,,,yes,yes,unknown,unknown,false,true,none/unknown,,GREEN,LOW,src/app/admin/settings/audit-log/page.tsx:1 — screen route /admin/settings/audit-log,src/app/admin/settings/audit-log/page.tsx,1,Interactive handlers detected; action-level rows follow.
ACT-00207,user_action,/admin/settings/audit-log,/admin/settings/audit-log,src/app/admin/settings/audit-log/page.tsx,onChange handler,,,,,,,,,,unknown,yes,unknown,unknown,false,false,unknown,,GREEN,LOW,src/app/admin/settings/audit-log/page.tsx:55 — onChange handler,src/app/admin/settings/audit-log/page.tsx,55,No nearby API call detected; verify whether UI-only is intentional.
CALL-00208,frontend_api_call,/admin/settings/audit-log,/admin/settings/audit-log,src/app/admin/settings/audit-log/page.tsx,fetch GET /api/admin/audit-logs,/api/admin/audit-logs,GET,,,,,,,,unknown,yes,unknown,unknown,false,true,unknown,,GREEN,LOW,src/app/admin/settings/audit-log/page.tsx:14 — frontend call GET /api/admin/audit-logs,src/app/admin/settings/audit-log/page.tsx,14,Must reconcile against an API endpoint row.
SCR-00209,screen,/admin/settings/domain,/admin/settings/domain,src/app/admin/settings/domain/page.tsx,Screen render,,,,,,,,,,yes,yes,unknown,unknown,false,false,none/unknown,,GREEN,LOW,src/app/admin/settings/domain/page.tsx:1 — screen route /admin/settings/domain,src/app/admin/settings/domain/page.tsx,1,No interactive handler detected by static scan.
SCR-00210,screen,/admin/settings/hub,/admin/settings/hub,src/app/admin/settings/hub/page.tsx,Screen render,,,,,,,,,,yes,yes,unknown,unknown,false,false,none/unknown,,GREEN,LOW,src/app/admin/settings/hub/page.tsx:1 — screen route /admin/settings/hub,src/app/admin/settings/hub/page.tsx,1,No interactive handler detected by static scan.
SCR-00211,screen,/admin/settings/integrations,/admin/settings/integrations,src/app/admin/settings/integrations/page.tsx,Screen render,,,,,,,,,,yes,yes,unknown,unknown,false,false,none/unknown,,GREEN,LOW,src/app/admin/settings/integrations/page.tsx:1 — screen route /admin/settings/integrations,src/app/admin/settings/integrations/page.tsx,1,No interactive handler detected by static scan.
SCR-00212,screen,/admin/settings/llm-usage,/admin/settings/llm-usage,src/app/admin/settings/llm-usage/page.tsx,Screen render,,,,,,,OpenAI | Anthropic | Google Gemini | DeepSeek,,OpenAI | Anthropic | Google Gemini | DeepSeek,yes,yes,unknown,unknown,false,true,none/unknown,,GREEN,LOW,src/app/admin/settings/llm-usage/page.tsx:1 — screen route /admin/settings/llm-usage,src/app/admin/settings/llm-usage/page.tsx,1,Interactive handlers detected; action-level rows follow.
ACT-00213,user_action,/admin/settings/llm-usage,/admin/settings/llm-usage,src/app/admin/settings/llm-usage/page.tsx,onChange handler,,,,,,,OpenAI | Anthropic | Google Gemini | DeepSeek,,OpenAI | Anthropic | Google Gemini | DeepSeek,unknown,yes,unknown,unknown,false,false,unknown,,GREEN,LOW,src/app/admin/settings/llm-usage/page.tsx:126 — onChange handler,src/app/admin/settings/llm-usage/page.tsx,126,No nearby API call detected; verify whether UI-only is intentional.
ACT-00214,user_action,/admin/settings/llm-usage,/admin/settings/llm-usage,src/app/admin/settings/llm-usage/page.tsx,onChange handler,,,,,,,OpenAI | Anthropic | Google Gemini | DeepSeek,,OpenAI | Anthropic | Google Gemini | DeepSeek,unknown,yes,unknown,unknown,false,false,unknown,,GREEN,LOW,src/app/admin/settings/llm-usage/page.tsx:134 — onChange handler,src/app/admin/settings/llm-usage/page.tsx,134,No nearby API call detected; verify whether UI-only is intentional.
ACT-00215,user_action,/admin/settings/llm-usage,/admin/settings/llm-usage,src/app/admin/settings/llm-usage/page.tsx,onClick handler,,,,,,,Anthropic | DeepSeek,,Anthropic | DeepSeek,unknown,yes,unknown,unknown,false,false,unknown,,GREEN,LOW,src/app/admin/settings/llm-usage/page.tsx:147 — onClick handler,src/app/admin/settings/llm-usage/page.tsx,147,No nearby API call detected; verify whether UI-only is intentional.
CALL-00216,frontend_api_call,/admin/settings/llm-usage,/admin/settings/llm-usage,src/app/admin/settings/llm-usage/page.tsx,fetch GET /api/admin/llm-usage,/api/admin/llm-usage,GET,,,,,OpenAI | Anthropic | Google Gemini | DeepSeek,,OpenAI | Anthropic | Google Gemini | DeepSeek,unknown,yes,unknown,unknown,false,true,unknown,,GREEN,LOW,src/app/admin/settings/llm-usage/page.tsx:17 — frontend call GET /api/admin/llm-usage,src/app/admin/settings/llm-usage/page.tsx,17,Must reconcile against an API endpoint row.
CALL-00217,frontend_api_call,/admin/settings/llm-usage,/admin/settings/llm-usage,src/app/admin/settings/llm-usage/page.tsx,fetch POST /api/agents/dispatch,/api/agents/dispatch,POST,,,,,OpenAI | Anthropic | Google Gemini | DeepSeek,,OpenAI | Anthropic | Google Gemini | DeepSeek,unknown,yes,unknown,unknown,false,true,unknown,,GREEN,LOW,src/app/admin/settings/llm-usage/page.tsx:36 — frontend call POST /api/agents/dispatch,src/app/admin/settings/llm-usage/page.tsx,36,Must reconcile against an API endpoint row.
SCR-00218,screen,/admin/settings/managed-hiring,/admin/settings/managed-hiring,src/app/admin/settings/managed-hiring/page.tsx,Screen render,,,,,,,,,,yes,yes,unknown,unknown,false,true,none/unknown,,GREEN,LOW,src/app/admin/settings/managed-hiring/page.tsx:1 — screen route /admin/settings/managed-hiring,src/app/admin/settings/managed-hiring/page.tsx,1,Interactive handlers detected; action-level rows follow.
ACT-00219,user_action,/admin/settings/managed-hiring,/admin/settings/managed-hiring,src/app/admin/settings/managed-hiring/page.tsx,onClick handler,,,,,,,,,,unknown,yes,unknown,unknown,false,false,unknown,,GREEN,LOW,src/app/admin/settings/managed-hiring/page.tsx:88 — onClick handler,src/app/admin/settings/managed-hiring/page.tsx,88,No nearby API call detected; verify whether UI-only is intentional.
ACT-00220,user_action,/admin/settings/managed-hiring,/admin/settings/managed-hiring,src/app/admin/settings/managed-hiring/page.tsx,onClick handler,,,,,,,,,,unknown,yes,unknown,unknown,false,false,unknown,,GREEN,LOW,src/app/admin/settings/managed-hiring/page.tsx:120 — onClick handler,src/app/admin/settings/managed-hiring/page.tsx,120,No nearby API call detected; verify whether UI-only is intentional.
ACT-00221,user_action,/admin/settings/managed-hiring,/admin/settings/managed-hiring,src/app/admin/settings/managed-hiring/page.tsx,onChange handler,,,,,,,,,,unknown,yes,unknown,unknown,false,false,unknown,,GREEN,LOW,src/app/admin/settings/managed-hiring/page.tsx:148 — onChange handler,src/app/admin/settings/managed-hiring/page.tsx,148,No nearby API call detected; verify whether UI-only is intentional.
ACT-00222,user_action,/admin/settings/managed-hiring,/admin/settings/managed-hiring,src/app/admin/settings/managed-hiring/page.tsx,onChange handler,,,,,,,,,,unknown,yes,unknown,unknown,false,false,unknown,,GREEN,LOW,src/app/admin/settings/managed-hiring/page.tsx:158 — onChange handler,src/app/admin/settings/managed-hiring/page.tsx,158,No nearby API call detected; verify whether UI-only is intentional.
ACT-00223,user_action,/admin/settings/managed-hiring,/admin/settings/managed-hiring,src/app/admin/settings/managed-hiring/page.tsx,onChange handler,,,,,,,,,,unknown,yes,unknown,unknown,false,false,unknown,,GREEN,LOW,src/app/admin/settings/managed-hiring/page.tsx:168 — onChange handler,src/app/admin/settings/managed-hiring/page.tsx,168,No nearby API call detected; verify whether UI-only is intentional.
ACT-00224,user_action,/admin/settings/managed-hiring,/admin/settings/managed-hiring,src/app/admin/settings/managed-hiring/page.tsx,onChange handler,,,,,,,,,,unknown,yes,unknown,unknown,false,false,unknown,,GREEN,LOW,src/app/admin/settings/managed-hiring/page.tsx:178 — onChange handler,src/app/admin/settings/managed-hiring/page.tsx,178,No nearby API call detected; verify whether UI-only is intentional.
ACT-00225,user_action,/admin/settings/managed-hiring,/admin/settings/managed-hiring,src/app/admin/settings/managed-hiring/page.tsx,onChange handler,,,,,,,,,,unknown,yes,unknown,unknown,false,false,unknown,,GREEN,LOW,src/app/admin/settings/managed-hiring/page.tsx:188 — onChange handler,src/app/admin/settings/managed-hiring/page.tsx,188,No nearby API call detected; verify whether UI-only is intentional.
ACT-00226,user_action,/admin/settings/managed-hiring,/admin/settings/managed-hiring,src/app/admin/settings/managed-hiring/page.tsx,onChange handler,,,,,,,,,,unknown,yes,unknown,unknown,false,false,unknown,,GREEN,LOW,src/app/admin/settings/managed-hiring/page.tsx:198 — onChange handler,src/app/admin/settings/managed-hiring/page.tsx,198,No nearby API call detected; verify whether UI-only is intentional.
CALL-00227,frontend_api_call,/admin/settings/managed-hiring,/admin/settings/managed-hiring,src/app/admin/settings/managed-hiring/page.tsx,fetch GET /api/admin/config,/api/admin/config,GET,,,,,,,,unknown,yes,unknown,unknown,false,true,unknown,,GREEN,LOW,src/app/admin/settings/managed-hiring/page.tsx:27 — frontend call GET /api/admin/config,src/app/admin/settings/managed-hiring/page.tsx,27,Must reconcile against an API endpoint row.
CALL-00228,frontend_api_call,/admin/settings/managed-hiring,/admin/settings/managed-hiring,src/app/admin/settings/managed-hiring/page.tsx,fetch POST /api/admin/config,/api/admin/config,POST,,,,,,,,unknown,yes,unknown,unknown,false,true,unknown,,GREEN,LOW,src/app/admin/settings/managed-hiring/page.tsx:53 — frontend call POST /api/admin/config,src/app/admin/settings/managed-hiring/page.tsx,53,Must reconcile against an API endpoint row.
SCR-00229,screen,/admin/settings/payment-gateway,/admin/settings/payment-gateway,src/app/admin/settings/payment-gateway/page.tsx,Screen render,,,,,,,,,,yes,yes,unknown,unknown,false,false,none/unknown,,GREEN,LOW,src/app/admin/settings/payment-gateway/page.tsx:1 — screen route /admin/settings/payment-gateway,src/app/admin/settings/payment-gateway/page.tsx,1,No interactive handler detected by static scan.
SCR-00230,screen,/admin/settings/plan-management,/admin/settings/plan-management,src/app/admin/settings/plan-management/page.tsx,Screen render,,,,,,,,,,yes,yes,unknown,unknown,false,false,none/unknown,,GREEN,LOW,src/app/admin/settings/plan-management/page.tsx:1 — screen route /admin/settings/plan-management,src/app/admin/settings/plan-management/page.tsx,1,No interactive handler detected by static scan.
SCR-00231,screen,/admin/settings/security,/admin/settings/security,src/app/admin/settings/security/page.tsx,Screen render,,,,,,,,,,yes,yes,unknown,unknown,false,true,none/unknown,,GREEN,LOW,src/app/admin/settings/security/page.tsx:1 — screen route /admin/settings/security,src/app/admin/settings/security/page.tsx,1,Interactive handlers detected; action-level rows follow.
CALL-00232,frontend_api_call,/admin/settings/security,/admin/settings/security,src/app/admin/settings/security/page.tsx,fetch GET /api/admin/security/status,/api/admin/security/status,GET,,,,,,,,unknown,yes,unknown,unknown,false,true,unknown,,GREEN,LOW,src/app/admin/settings/security/page.tsx:27 — frontend call GET /api/admin/security/status,src/app/admin/settings/security/page.tsx,27,Must reconcile against an API endpoint row.
SCR-00233,screen,/admin/settings/smtp,/admin/settings/smtp,src/app/admin/settings/smtp/page.tsx,Screen render,,,,,,,SMTP/SendGrid,,SMTP/SendGrid,yes,yes,unknown,unknown,false,false,none/unknown,,GREEN,LOW,src/app/admin/settings/smtp/page.tsx:1 — screen route /admin/settings/smtp,src/app/admin/settings/smtp/page.tsx,1,No interactive handler detected by static scan.
SCR-00234,screen,/admin/settings/terms-privacy,/admin/settings/terms-privacy,src/app/admin/settings/terms-privacy/page.tsx,Screen render,,,,,,,,,,yes,yes,unknown,unknown,false,false,none/unknown,,GREEN,LOW,src/app/admin/settings/terms-privacy/page.tsx:1 — screen route /admin/settings/terms-privacy,src/app/admin/settings/terms-privacy/page.tsx,1,No interactive handler detected by static scan.
SCR-00235,screen,/admin/settings/whatsapp,/admin/settings/whatsapp,src/app/admin/settings/whatsapp/page.tsx,Screen render,,,,,,,WhatsApp Cloud API,,WhatsApp Cloud API,yes,yes,unknown,unknown,false,false,none/unknown,,GREEN,LOW,src/app/admin/settings/whatsapp/page.tsx:1 — screen route /admin/settings/whatsapp,src/app/admin/settings/whatsapp/page.tsx,1,No interactive handler detected by static scan.
SCR-00236,screen,/admin/signups,/admin/signups,src/app/admin/signups/page.tsx,Screen render,,,,,,,,,,yes,yes,unknown,unknown,false,true,none/unknown,,GREEN,LOW,src/app/admin/signups/page.tsx:1 — screen route /admin/signups,src/app/admin/signups/page.tsx,1,Interactive handlers detected; action-level rows follow.
CALL-00237,frontend_api_call,/admin/signups,/admin/signups,src/app/admin/signups/page.tsx,fetch GET /api/admin/users?search=${encodeURIComponent(search)}&limit=100,/api/admin/users?search=${encodeURIComponent(search)}&limit=100,GET,,,,,,,,unknown,yes,unknown,unknown,false,true,unknown,,GREEN,LOW,src/app/admin/signups/page.tsx:16 — frontend call GET /api/admin/users?search=${encodeURIComponent(search)}&limit=100,src/app/admin/signups/page.tsx,16,Must reconcile against an API endpoint row.
SCR-00238,screen,/admin/sla/monitor,/admin/sla/monitor,src/app/admin/sla/monitor/page.tsx,Screen render,,,,,,,,,,yes,yes,unknown,unknown,false,false,none/unknown,,GREEN,LOW,src/app/admin/sla/monitor/page.tsx:1 — screen route /admin/sla/monitor,src/app/admin/sla/monitor/page.tsx,1,No interactive handler detected by static scan.
SCR-00239,screen,/admin/subscriptions,/admin/subscriptions,src/app/admin/subscriptions/page.tsx,Screen render,,,,,,,,,,yes,yes,unknown,unknown,false,true,none/unknown,,GREEN,LOW,src/app/admin/subscriptions/page.tsx:1 — screen route /admin/subscriptions,src/app/admin/subscriptions/page.tsx,1,Interactive handlers detected; action-level rows follow.
ACT-00240,user_action,/admin/subscriptions,/admin/subscriptions,src/app/admin/subscriptions/page.tsx,onClick handler,,,,,,,,,,unknown,yes,unknown,unknown,false,false,unknown,,GREEN,LOW,src/app/admin/subscriptions/page.tsx:264 — onClick handler,src/app/admin/subscriptions/page.tsx,264,No nearby API call detected; verify whether UI-only is intentional.
ACT-00241,user_action,/admin/subscriptions,/admin/subscriptions,src/app/admin/subscriptions/page.tsx,onClick handler,,,,,,,,,,unknown,yes,unknown,unknown,false,false,unknown,,GREEN,LOW,src/app/admin/subscriptions/page.tsx:273 — onClick handler,src/app/admin/subscriptions/page.tsx,273,No nearby API call detected; verify whether UI-only is intentional.
ACT-00242,user_action,/admin/subscriptions,/admin/subscriptions,src/app/admin/subscriptions/page.tsx,onClick handler,,,,,,,,,,unknown,yes,unknown,unknown,false,false,unknown,,GREEN,LOW,src/app/admin/subscriptions/page.tsx:282 — onClick handler,src/app/admin/subscriptions/page.tsx,282,No nearby API call detected; verify whether UI-only is intentional.
ACT-00243,user_action,/admin/subscriptions,/admin/subscriptions,src/app/admin/subscriptions/page.tsx,onSubmit handler,,,,,,,,,,unknown,yes,unknown,unknown,false,false,unknown,,GREEN,LOW,src/app/admin/subscriptions/page.tsx:312 — onSubmit handler,src/app/admin/subscriptions/page.tsx,312,No nearby API call detected; verify whether UI-only is intentional.
ACT-00244,user_action,/admin/subscriptions,/admin/subscriptions,src/app/admin/subscriptions/page.tsx,onChange handler,,,,,,,,,,unknown,yes,unknown,unknown,false,false,unknown,,GREEN,LOW,src/app/admin/subscriptions/page.tsx:322 — onChange handler,src/app/admin/subscriptions/page.tsx,322,No nearby API call detected; verify whether UI-only is intentional.
ACT-00245,user_action,/admin/subscriptions,/admin/subscriptions,src/app/admin/subscriptions/page.tsx,onChange handler,,,,,,,,,,unknown,yes,unknown,unknown,false,false,unknown,,GREEN,LOW,src/app/admin/subscriptions/page.tsx:336 — onChange handler,src/app/admin/subscriptions/page.tsx,336,No nearby API call detected; verify whether UI-only is intentional.
ACT-00246,user_action,/admin/subscriptions,/admin/subscriptions,src/app/admin/subscriptions/page.tsx,onChange handler,,,,,,,,,,unknown,yes,unknown,unknown,false,false,unknown,,GREEN,LOW,src/app/admin/subscriptions/page.tsx:352 — onChange handler,src/app/admin/subscriptions/page.tsx,352,No nearby API call detected; verify whether UI-only is intentional.
ACT-00247,user_action,/admin/subscriptions,/admin/subscriptions,src/app/admin/subscriptions/page.tsx,onChange handler,,,,,,,,,,unknown,yes,unknown,unknown,false,false,unknown,,GREEN,LOW,src/app/admin/subscriptions/page.tsx:362 — onChange handler,src/app/admin/subscriptions/page.tsx,362,No nearby API call detected; verify whether UI-only is intentional.
ACT-00248,user_action,/admin/subscriptions,/admin/subscriptions,src/app/admin/subscriptions/page.tsx,onChange handler,,,,,,,,,,unknown,yes,unknown,unknown,false,false,unknown,,GREEN,LOW,src/app/admin/subscriptions/page.tsx:384 — onChange handler,src/app/admin/subscriptions/page.tsx,384,No nearby API call detected; verify whether UI-only is intentional.
ACT-00249,user_action,/admin/subscriptions,/admin/subscriptions,src/app/admin/subscriptions/page.tsx,onChange handler,,,,,,,,,,unknown,yes,unknown,unknown,false,false,unknown,,GREEN,LOW,src/app/admin/subscriptions/page.tsx:394 — onChange handler,src/app/admin/subscriptions/page.tsx,394,No nearby API call detected; verify whether UI-only is intentional.
ACT-00250,user_action,/admin/subscriptions,/admin/subscriptions,src/app/admin/subscriptions/page.tsx,onChange handler,,,,,,,,,,unknown,yes,unknown,unknown,false,false,unknown,,GREEN,LOW,src/app/admin/subscriptions/page.tsx:404 — onChange handler,src/app/admin/subscriptions/page.tsx,404,No nearby API call detected; verify whether UI-only is intentional.
ACT-00251,user_action,/admin/subscriptions,/admin/subscriptions,src/app/admin/subscriptions/page.tsx,onChange handler,,,,,,,,,,unknown,yes,unknown,unknown,false,false,unknown,,GREEN,LOW,src/app/admin/subscriptions/page.tsx:417 — onChange handler,src/app/admin/subscriptions/page.tsx,417,No nearby API call detected; verify whether UI-only is intentional.
ACT-00252,user_action,/admin/subscriptions,/admin/subscriptions,src/app/admin/subscriptions/page.tsx,onChange handler,,,,,,,,,,unknown,yes,unknown,unknown,false,false,unknown,,GREEN,LOW,src/app/admin/subscriptions/page.tsx:427 — onChange handler,src/app/admin/subscriptions/page.tsx,427,No nearby API call detected; verify whether UI-only is intentional.
ACT-00253,user_action,/admin/subscriptions,/admin/subscriptions,src/app/admin/subscriptions/page.tsx,onChange handler,,,,,,,,,,unknown,yes,unknown,unknown,false,false,unknown,,GREEN,LOW,src/app/admin/subscriptions/page.tsx:437 — onChange handler,src/app/admin/subscriptions/page.tsx,437,No nearby API call detected; verify whether UI-only is intentional.
ACT-00254,user_action,/admin/subscriptions,/admin/subscriptions,src/app/admin/subscriptions/page.tsx,onChange handler,,,,,,,,,,unknown,yes,unknown,unknown,false,false,unknown,,GREEN,LOW,src/app/admin/subscriptions/page.tsx:454 — onChange handler,src/app/admin/subscriptions/page.tsx,454,No nearby API call detected; verify whether UI-only is intentional.
ACT-00255,user_action,/admin/subscriptions,/admin/subscriptions,src/app/admin/subscriptions/page.tsx,onClick handler,,,,,,,,,,unknown,yes,unknown,unknown,false,false,unknown,,GREEN,LOW,src/app/admin/subscriptions/page.tsx:474 — onClick handler,src/app/admin/subscriptions/page.tsx,474,No nearby API call detected; verify whether UI-only is intentional.
ACT-00256,user_action,/admin/subscriptions,/admin/subscriptions,src/app/admin/subscriptions/page.tsx,onClick handler,,,,,,,,,,unknown,yes,unknown,unknown,false,false,unknown,,GREEN,LOW,src/app/admin/subscriptions/page.tsx:537 — onClick handler,src/app/admin/subscriptions/page.tsx,537,No nearby API call detected; verify whether UI-only is intentional.
ACT-00257,user_action,/admin/subscriptions,/admin/subscriptions,src/app/admin/subscriptions/page.tsx,onClick handler,,,,,,,,,,unknown,yes,unknown,unknown,false,false,unknown,,GREEN,LOW,src/app/admin/subscriptions/page.tsx:545 — onClick handler,src/app/admin/subscriptions/page.tsx,545,No nearby API call detected; verify whether UI-only is intentional.
ACT-00258,user_action,/admin/subscriptions,/admin/subscriptions,src/app/admin/subscriptions/page.tsx,onChange handler,,,,,,,,,,unknown,yes,unknown,unknown,false,false,unknown,,GREEN,LOW,src/app/admin/subscriptions/page.tsx:593 — onChange handler,src/app/admin/subscriptions/page.tsx,593,No nearby API call detected; verify whether UI-only is intentional.
ACT-00259,user_action,/admin/subscriptions,/admin/subscriptions,src/app/admin/subscriptions/page.tsx,onChange handler,,,,,,,,,,unknown,yes,unknown,unknown,false,false,unknown,,GREEN,LOW,src/app/admin/subscriptions/page.tsx:618 — onChange handler,src/app/admin/subscriptions/page.tsx,618,No nearby API call detected; verify whether UI-only is intentional.
ACT-00260,user_action,/admin/subscriptions,/admin/subscriptions,src/app/admin/subscriptions/page.tsx,onClick handler,,,,,,,,,,unknown,yes,unknown,unknown,false,false,unknown,,GREEN,LOW,src/app/admin/subscriptions/page.tsx:629 — onClick handler,src/app/admin/subscriptions/page.tsx,629,No nearby API call detected; verify whether UI-only is intentional.
ACT-00261,user_action,/admin/subscriptions,/admin/subscriptions,src/app/admin/subscriptions/page.tsx,onClick handler,,,,,,,,,,unknown,yes,unknown,unknown,false,false,unknown,,GREEN,LOW,src/app/admin/subscriptions/page.tsx:636 — onClick handler,src/app/admin/subscriptions/page.tsx,636,No nearby API call detected; verify whether UI-only is intentional.
ACT-00262,user_action,/admin/subscriptions,/admin/subscriptions,src/app/admin/subscriptions/page.tsx,onClick handler,,,,,,,,,,unknown,yes,unknown,unknown,false,false,unknown,,GREEN,LOW,src/app/admin/subscriptions/page.tsx:644 — onClick handler,src/app/admin/subscriptions/page.tsx,644,No nearby API call detected; verify whether UI-only is intentional.
ACT-00263,user_action,/admin/subscriptions,/admin/subscriptions,src/app/admin/subscriptions/page.tsx,onSubmit handler,,,,,,,,,,unknown,yes,unknown,unknown,false,false,unknown,,GREEN,LOW,src/app/admin/subscriptions/page.tsx:676 — onSubmit handler,src/app/admin/subscriptions/page.tsx,676,No nearby API call detected; verify whether UI-only is intentional.
ACT-00264,user_action,/admin/subscriptions,/admin/subscriptions,src/app/admin/subscriptions/page.tsx,onChange handler,,,,,,,,,,unknown,yes,unknown,unknown,false,false,unknown,,GREEN,LOW,src/app/admin/subscriptions/page.tsx:686 — onChange handler,src/app/admin/subscriptions/page.tsx,686,No nearby API call detected; verify whether UI-only is intentional.
ACT-00265,user_action,/admin/subscriptions,/admin/subscriptions,src/app/admin/subscriptions/page.tsx,onChange handler,,,,,,,,,,unknown,yes,unknown,unknown,false,false,unknown,,GREEN,LOW,src/app/admin/subscriptions/page.tsx:698 — onChange handler,src/app/admin/subscriptions/page.tsx,698,No nearby API call detected; verify whether UI-only is intentional.
ACT-00266,user_action,/admin/subscriptions,/admin/subscriptions,src/app/admin/subscriptions/page.tsx,onChange handler,,,,,,,,,,unknown,yes,unknown,unknown,false,false,unknown,,GREEN,LOW,src/app/admin/subscriptions/page.tsx:715 — onChange handler,src/app/admin/subscriptions/page.tsx,715,No nearby API call detected; verify whether UI-only is intentional.
ACT-00267,user_action,/admin/subscriptions,/admin/subscriptions,src/app/admin/subscriptions/page.tsx,onChange handler,,,,,,,,,,unknown,yes,unknown,unknown,false,false,unknown,,GREEN,LOW,src/app/admin/subscriptions/page.tsx:731 — onChange handler,src/app/admin/subscriptions/page.tsx,731,No nearby API call detected; verify whether UI-only is intentional.
ACT-00268,user_action,/admin/subscriptions,/admin/subscriptions,src/app/admin/subscriptions/page.tsx,onChange handler,,,,,,,,,,unknown,yes,unknown,unknown,false,false,unknown,,GREEN,LOW,src/app/admin/subscriptions/page.tsx:742 — onChange handler,src/app/admin/subscriptions/page.tsx,742,No nearby API call detected; verify whether UI-only is intentional.
ACT-00269,user_action,/admin/subscriptions,/admin/subscriptions,src/app/admin/subscriptions/page.tsx,onClick handler,,,,,,,,,,unknown,yes,unknown,unknown,false,false,unknown,,GREEN,LOW,src/app/admin/subscriptions/page.tsx:788 — onClick handler,src/app/admin/subscriptions/page.tsx,788,No nearby API call detected; verify whether UI-only is intentional.
CALL-00270,frontend_api_call,/admin/subscriptions,/admin/subscriptions,src/app/admin/subscriptions/page.tsx,fetch GET /api/admin/subscription-plans?includeArchived=true,/api/admin/subscription-plans?includeArchived=true,GET,,,,,,,,unknown,yes,unknown,unknown,false,true,unknown,,GREEN,LOW,src/app/admin/subscriptions/page.tsx:42 — frontend call GET /api/admin/subscription-plans?includeArchived=true,src/app/admin/subscriptions/page.tsx,42,Must reconcile against an API endpoint row.
CALL-00271,frontend_api_call,/admin/subscriptions,/admin/subscriptions,src/app/admin/subscriptions/page.tsx,fetch GET /api/admin/subscriptions/settings,/api/admin/subscriptions/settings,GET,,,,,,,,unknown,yes,unknown,unknown,false,true,unknown,,GREEN,LOW,src/app/admin/subscriptions/page.tsx:45 — frontend call GET /api/admin/subscriptions/settings,src/app/admin/subscriptions/page.tsx,45,Must reconcile against an API endpoint row.
CALL-00272,frontend_api_call,/admin/subscriptions,/admin/subscriptions,src/app/admin/subscriptions/page.tsx,fetch POST /api/admin/subscriptions/settings,/api/admin/subscriptions/settings,POST,,,,,,,,unknown,yes,unknown,unknown,false,true,unknown,,GREEN,LOW,src/app/admin/subscriptions/page.tsx:114 — frontend call POST /api/admin/subscriptions/settings,src/app/admin/subscriptions/page.tsx,114,Must reconcile against an API endpoint row.
CALL-00273,frontend_api_call,/admin/subscriptions,/admin/subscriptions,src/app/admin/subscriptions/page.tsx,fetch PUT /api/admin/subscriptions/settings,/api/admin/subscriptions/settings,PUT,,,,,,,,unknown,yes,unknown,unknown,false,true,unknown,,GREEN,LOW,src/app/admin/subscriptions/page.tsx:149 — frontend call PUT /api/admin/subscriptions/settings,src/app/admin/subscriptions/page.tsx,149,Must reconcile against an API endpoint row.
CALL-00274,frontend_api_call,/admin/subscriptions,/admin/subscriptions,src/app/admin/subscriptions/page.tsx,fetch DELETE /api/admin/subscription-plans?id=${id},/api/admin/subscription-plans?id=${id},DELETE,,,,,,,,unknown,yes,unknown,unknown,false,true,unknown,,GREEN,LOW,src/app/admin/subscriptions/page.tsx:176 — frontend call DELETE /api/admin/subscription-plans?id=${id},src/app/admin/subscriptions/page.tsx,176,Must reconcile against an API endpoint row.
CALL-00275,frontend_api_call,/admin/subscriptions,/admin/subscriptions,src/app/admin/subscriptions/page.tsx,fetch DELETE /api/admin/subscriptions/settings?code=${code},/api/admin/subscriptions/settings?code=${code},DELETE,,,,,,,,unknown,yes,unknown,unknown,false,true,unknown,,GREEN,LOW,src/app/admin/subscriptions/page.tsx:193 — frontend call DELETE /api/admin/subscriptions/settings?code=${code},src/app/admin/subscriptions/page.tsx,193,Must reconcile against an API endpoint row.
SCR-00276,screen,/admin/system/backup-recovery,/admin/system/backup-recovery,src/app/admin/system/backup-recovery/page.tsx,Screen render,,,,,,,,,,yes,yes,unknown,unknown,false,false,none/unknown,,GREEN,LOW,src/app/admin/system/backup-recovery/page.tsx:1 — screen route /admin/system/backup-recovery,src/app/admin/system/backup-recovery/page.tsx,1,No interactive handler detected by static scan.
SCR-00277,screen,/admin/system/db-pool,/admin/system/db-pool,src/app/admin/system/db-pool/page.tsx,Screen render,,,,,,,,,,yes,yes,unknown,unknown,false,false,none/unknown,,GREEN,LOW,src/app/admin/system/db-pool/page.tsx:1 — screen route /admin/system/db-pool,src/app/admin/system/db-pool/page.tsx,1,No interactive handler detected by static scan.
SCR-00278,screen,/admin/system/infrastructure,/admin/system/infrastructure,src/app/admin/system/infrastructure/page.tsx,Screen render,,,,,,,,,,yes,yes,unknown,unknown,false,true,none/unknown,,GREEN,LOW,src/app/admin/system/infrastructure/page.tsx:1 — screen route /admin/system/infrastructure,src/app/admin/system/infrastructure/page.tsx,1,Interactive handlers detected; action-level rows follow.
ACT-00279,user_action,/admin/system/infrastructure,/admin/system/infrastructure,src/app/admin/system/infrastructure/page.tsx,onClick handler,,,,,,,,,,unknown,yes,unknown,unknown,false,false,unknown,,GREEN,LOW,src/app/admin/system/infrastructure/page.tsx:43 — onClick handler,src/app/admin/system/infrastructure/page.tsx,43,No nearby API call detected; verify whether UI-only is intentional.
CALL-00280,frontend_api_call,/admin/system/infrastructure,/admin/system/infrastructure,src/app/admin/system/infrastructure/page.tsx,fetch GET /api/admin/system-health,/api/admin/system-health,GET,,,,,,,,unknown,yes,unknown,unknown,false,true,unknown,,GREEN,LOW,src/app/admin/system/infrastructure/page.tsx:12 — frontend call GET /api/admin/system-health,src/app/admin/system/infrastructure/page.tsx,12,Must reconcile against an API endpoint row.
SCR-00281,screen,/admin/system/queue-broker,/admin/system/queue-broker,src/app/admin/system/queue-broker/page.tsx,Screen render,,,,,,,,,,yes,yes,unknown,unknown,false,true,none/unknown,,GREEN,LOW,src/app/admin/system/queue-broker/page.tsx:1 — screen route /admin/system/queue-broker,src/app/admin/system/queue-broker/page.tsx,1,Interactive handlers detected; action-level rows follow.
ACT-00282,user_action,/admin/system/queue-broker,/admin/system/queue-broker,src/app/admin/system/queue-broker/page.tsx,onClick handler,,,,,,,,,,unknown,yes,unknown,unknown,false,false,unknown,,GREEN,LOW,src/app/admin/system/queue-broker/page.tsx:40 — onClick handler,src/app/admin/system/queue-broker/page.tsx,40,No nearby API call detected; verify whether UI-only is intentional.
CALL-00283,frontend_api_call,/admin/system/queue-broker,/admin/system/queue-broker,src/app/admin/system/queue-broker/page.tsx,fetch GET /api/admin/system/queues,/api/admin/system/queues,GET,,,,,,,,unknown,yes,unknown,unknown,false,true,unknown,,GREEN,LOW,src/app/admin/system/queue-broker/page.tsx:17 — frontend call GET /api/admin/system/queues,src/app/admin/system/queue-broker/page.tsx,17,Must reconcile against an API endpoint row.
SCR-00284,screen,/admin/system-health,/admin/system-health,src/app/admin/system-health/page.tsx,Screen render,,,,,,,,,,yes,yes,unknown,unknown,false,true,none/unknown,,GREEN,LOW,src/app/admin/system-health/page.tsx:1 — screen route /admin/system-health,src/app/admin/system-health/page.tsx,1,Interactive handlers detected; action-level rows follow.
CALL-00285,frontend_api_call,/admin/system-health,/admin/system-health,src/app/admin/system-health/page.tsx,fetch GET /api/admin/system-health,/api/admin/system-health,GET,,,,,,,,unknown,yes,unknown,unknown,false,true,unknown,,GREEN,LOW,src/app/admin/system-health/page.tsx:16 — frontend call GET /api/admin/system-health,src/app/admin/system-health/page.tsx,16,Must reconcile against an API endpoint row.
SCR-00286,screen,/admin/users,/admin/users,src/app/admin/users/page.tsx,Screen render,,,,,,,,,,yes,yes,unknown,unknown,false,true,none/unknown,,GREEN,LOW,src/app/admin/users/page.tsx:1 — screen route /admin/users,src/app/admin/users/page.tsx,1,Interactive handlers detected; action-level rows follow.
CALL-00287,frontend_api_call,/admin/users,/admin/users,src/app/admin/users/page.tsx,fetch GET /api/admin/users?search=${encodeURIComponent(search)},/api/admin/users?search=${encodeURIComponent(search)},GET,,,,,,,,unknown,yes,unknown,unknown,false,true,unknown,,GREEN,LOW,src/app/admin/users/page.tsx:16 — frontend call GET /api/admin/users?search=${encodeURIComponent(search)},src/app/admin/users/page.tsx,16,Must reconcile against an API endpoint row.
SCR-00288,screen,/ai/career-insights,/ai/career-insights,src/app/ai/career-insights/page.tsx,Screen render,,,,,,,,,,unknown,unknown,unknown,unknown,false,false,none/unknown,,GREEN,LOW,src/app/ai/career-insights/page.tsx:1 — screen route /ai/career-insights,src/app/ai/career-insights/page.tsx,1,No interactive handler detected by static scan.
SCR-00289,screen,/ai/career-prediction,/ai/career-prediction,src/app/ai/career-prediction/page.tsx,Screen render,,,,,,,,,,unknown,unknown,unknown,unknown,false,false,none/unknown,,GREEN,LOW,src/app/ai/career-prediction/page.tsx:1 — screen route /ai/career-prediction,src/app/ai/career-prediction/page.tsx,1,No interactive handler detected by static scan.
SCR-00290,screen,/ai/coach/active,/ai/coach/active,src/app/ai/coach/active/page.tsx,Screen render,,,,,,,,,,unknown,unknown,unknown,unknown,false,false,none/unknown,,GREEN,LOW,src/app/ai/coach/active/page.tsx:1 — screen route /ai/coach/active,src/app/ai/coach/active/page.tsx,1,No interactive handler detected by static scan.
SCR-00291,screen,/ai/coach/results,/ai/coach/results,src/app/ai/coach/results/page.tsx,Screen render,,,,,,,,,,unknown,unknown,unknown,unknown,false,false,none/unknown,,GREEN,LOW,src/app/ai/coach/results/page.tsx:1 — screen route /ai/coach/results,src/app/ai/coach/results/page.tsx,1,No interactive handler detected by static scan.
SCR-00292,screen,/ai/mock-interview/active,/ai/mock-interview/active,src/app/ai/mock-interview/active/page.tsx,Screen render,,,,,,,,,,yes,yes,unknown,unknown,false,true,none/unknown,,GREEN,LOW,src/app/ai/mock-interview/active/page.tsx:1 — screen route /ai/mock-interview/active,src/app/ai/mock-interview/active/page.tsx,1,Interactive handlers detected; action-level rows follow.
ACT-00293,user_action,/ai/mock-interview/active,/ai/mock-interview/active,src/app/ai/mock-interview/active/page.tsx,undefined handler,/api/assessment/mock-interview/session?id=${sessionId},see endpoint row,,,,,,,,yes,yes,unknown,unknown,false,true,unknown,,GREEN,LOW,src/app/ai/mock-interview/active/page.tsx:33 — undefined handler,src/app/ai/mock-interview/active/page.tsx,33,Static nearby fetch association; verify exact handler path.
ACT-00294,user_action,/ai/mock-interview/active,/ai/mock-interview/active,src/app/ai/mock-interview/active/page.tsx,undefined handler,,,,,,,,,,yes,yes,unknown,unknown,false,true,unknown,,GREEN,LOW,src/app/ai/mock-interview/active/page.tsx:63 — undefined handler,src/app/ai/mock-interview/active/page.tsx,63,No nearby API call detected; verify whether UI-only is intentional.
ACT-00295,user_action,/ai/mock-interview/active,/ai/mock-interview/active,src/app/ai/mock-interview/active/page.tsx,undefined handler,/api/assessment/mock-interview/finish,see endpoint row,,,,,,,,yes,yes,unknown,unknown,false,false,unknown,,GREEN,LOW,src/app/ai/mock-interview/active/page.tsx:150 — undefined handler,src/app/ai/mock-interview/active/page.tsx,150,Static nearby fetch association; verify exact handler path.
ACT-00296,user_action,/ai/mock-interview/active,/ai/mock-interview/active,src/app/ai/mock-interview/active/page.tsx,undefined handler,,,,,,,,,,yes,yes,unknown,unknown,false,false,unknown,,GREEN,LOW,src/app/ai/mock-interview/active/page.tsx:152 — undefined handler,src/app/ai/mock-interview/active/page.tsx,152,No nearby API call detected; verify whether UI-only is intentional.
ACT-00297,user_action,/ai/mock-interview/active,/ai/mock-interview/active,src/app/ai/mock-interview/active/page.tsx,undefined handler,,,,,,,,,,yes,yes,unknown,unknown,false,false,unknown,,GREEN,LOW,src/app/ai/mock-interview/active/page.tsx:155 — undefined handler,src/app/ai/mock-interview/active/page.tsx,155,No nearby API call detected; verify whether UI-only is intentional.
ACT-00298,user_action,/ai/mock-interview/active,/ai/mock-interview/active,src/app/ai/mock-interview/active/page.tsx,onChange handler,,,,,,,,,,yes,yes,unknown,unknown,false,false,unknown,,GREEN,LOW,src/app/ai/mock-interview/active/page.tsx:263 — onChange handler,src/app/ai/mock-interview/active/page.tsx,263,No nearby API call detected; verify whether UI-only is intentional.
ACT-00299,user_action,/ai/mock-interview/active,/ai/mock-interview/active,src/app/ai/mock-interview/active/page.tsx,onClick handler,,,,,,,,,,yes,yes,unknown,unknown,false,false,unknown,,GREEN,LOW,src/app/ai/mock-interview/active/page.tsx:276 — onClick handler,src/app/ai/mock-interview/active/page.tsx,276,No nearby API call detected; verify whether UI-only is intentional.
ACT-00300,user_action,/ai/mock-interview/active,/ai/mock-interview/active,src/app/ai/mock-interview/active/page.tsx,onClick handler,,,,,,,,,,yes,yes,unknown,unknown,false,false,unknown,,GREEN,LOW,src/app/ai/mock-interview/active/page.tsx:320 — onClick handler,src/app/ai/mock-interview/active/page.tsx,320,No nearby API call detected; verify whether UI-only is intentional.
CALL-00301,frontend_api_call,/ai/mock-interview/active,/ai/mock-interview/active,src/app/ai/mock-interview/active/page.tsx,fetch GET /api/assessment/mock-interview/session?id=${sessionId},/api/assessment/mock-interview/session?id=${sessionId},GET,,,,,,,,yes,yes,unknown,unknown,false,true,unknown,,GREEN,LOW,src/app/ai/mock-interview/active/page.tsx:39 — frontend call GET /api/assessment/mock-interview/session?id=${sessionId},src/app/ai/mock-interview/active/page.tsx,39,Must reconcile against an API endpoint row.
CALL-00302,frontend_api_call,/ai/mock-interview/active,/ai/mock-interview/active,src/app/ai/mock-interview/active/page.tsx,fetch POST /api/assessment/mock-interview/turn,/api/assessment/mock-interview/turn,POST,,,,,,,,yes,yes,unknown,unknown,false,true,unknown,,GREEN,LOW,src/app/ai/mock-interview/active/page.tsx:99 — frontend call POST /api/assessment/mock-interview/turn,src/app/ai/mock-interview/active/page.tsx,99,Must reconcile against an API endpoint row.
CALL-00303,frontend_api_call,/ai/mock-interview/active,/ai/mock-interview/active,src/app/ai/mock-interview/active/page.tsx,fetch POST /api/assessment/mock-interview/finish,/api/assessment/mock-interview/finish,POST,,,,,,,,yes,yes,unknown,unknown,false,true,unknown,,GREEN,LOW,src/app/ai/mock-interview/active/page.tsx:143 — frontend call POST /api/assessment/mock-interview/finish,src/app/ai/mock-interview/active/page.tsx,143,Must reconcile against an API endpoint row.
SCR-00304,screen,/ai/mock-interview/setup,/ai/mock-interview/setup,src/app/ai/mock-interview/setup/page.tsx,Screen render,,,,,,,,,,yes,yes,unknown,unknown,false,true,none/unknown,,GREEN,LOW,src/app/ai/mock-interview/setup/page.tsx:1 — screen route /ai/mock-interview/setup,src/app/ai/mock-interview/setup/page.tsx,1,Interactive handlers detected; action-level rows follow.
ACT-00305,user_action,/ai/mock-interview/setup,/ai/mock-interview/setup,src/app/ai/mock-interview/setup/page.tsx,undefined handler,,,,,,,,,,yes,yes,unknown,unknown,false,true,unknown,,GREEN,LOW,src/app/ai/mock-interview/setup/page.tsx:65 — undefined handler,src/app/ai/mock-interview/setup/page.tsx,65,No nearby API call detected; verify whether UI-only is intentional.
ACT-00306,user_action,/ai/mock-interview/setup,/ai/mock-interview/setup,src/app/ai/mock-interview/setup/page.tsx,onSubmit handler,,,,,,,,,,yes,yes,unknown,unknown,false,false,unknown,,GREEN,LOW,src/app/ai/mock-interview/setup/page.tsx:123 — onSubmit handler,src/app/ai/mock-interview/setup/page.tsx,123,No nearby API call detected; verify whether UI-only is intentional.
ACT-00307,user_action,/ai/mock-interview/setup,/ai/mock-interview/setup,src/app/ai/mock-interview/setup/page.tsx,onClick handler,,,,,,,,,,yes,yes,unknown,unknown,false,false,unknown,,GREEN,LOW,src/app/ai/mock-interview/setup/page.tsx:139 — onClick handler,src/app/ai/mock-interview/setup/page.tsx,139,No nearby API call detected; verify whether UI-only is intentional.
ACT-00308,user_action,/ai/mock-interview/setup,/ai/mock-interview/setup,src/app/ai/mock-interview/setup/page.tsx,onChange handler,,,,,,,,,,yes,yes,unknown,unknown,false,false,unknown,,GREEN,LOW,src/app/ai/mock-interview/setup/page.tsx:153 — onChange handler,src/app/ai/mock-interview/setup/page.tsx,153,No nearby API call detected; verify whether UI-only is intentional.
ACT-00309,user_action,/ai/mock-interview/setup,/ai/mock-interview/setup,src/app/ai/mock-interview/setup/page.tsx,onClick handler,,,,,,,,,,yes,yes,unknown,unknown,false,false,unknown,,GREEN,LOW,src/app/ai/mock-interview/setup/page.tsx:171 — onClick handler,src/app/ai/mock-interview/setup/page.tsx,171,No nearby API call detected; verify whether UI-only is intentional.
ACT-00310,user_action,/ai/mock-interview/setup,/ai/mock-interview/setup,src/app/ai/mock-interview/setup/page.tsx,onClick handler,,,,,,,,,,yes,yes,unknown,unknown,false,false,unknown,,GREEN,LOW,src/app/ai/mock-interview/setup/page.tsx:198 — onClick handler,src/app/ai/mock-interview/setup/page.tsx,198,No nearby API call detected; verify whether UI-only is intentional.
CALL-00311,frontend_api_call,/ai/mock-interview/setup,/ai/mock-interview/setup,src/app/ai/mock-interview/setup/page.tsx,fetch GET /api/assessment/mock-interview/session,/api/assessment/mock-interview/session,GET,,,,,,,,yes,yes,unknown,unknown,false,true,unknown,,GREEN,LOW,src/app/ai/mock-interview/setup/page.tsx:22 — frontend call GET /api/assessment/mock-interview/session,src/app/ai/mock-interview/setup/page.tsx,22,Must reconcile against an API endpoint row.
CALL-00312,frontend_api_call,/ai/mock-interview/setup,/ai/mock-interview/setup,src/app/ai/mock-interview/setup/page.tsx,fetch POST /api/assessment/mock-interview/start,/api/assessment/mock-interview/start,POST,,,,,,,,yes,yes,unknown,unknown,false,true,unknown,,GREEN,LOW,src/app/ai/mock-interview/setup/page.tsx:50 — frontend call POST /api/assessment/mock-interview/start,src/app/ai/mock-interview/setup/page.tsx,50,Must reconcile against an API endpoint row.
SCR-00313,screen,/ai/mock-interview/summary,/ai/mock-interview/summary,src/app/ai/mock-interview/summary/page.tsx,Screen render,,,,,,,,,,yes,yes,unknown,unknown,false,true,none/unknown,,GREEN,LOW,src/app/ai/mock-interview/summary/page.tsx:1 — screen route /ai/mock-interview/summary,src/app/ai/mock-interview/summary/page.tsx,1,Interactive handlers detected; action-level rows follow.
ACT-00314,user_action,/ai/mock-interview/summary,/ai/mock-interview/summary,src/app/ai/mock-interview/summary/page.tsx,undefined handler,/api/assessment/mock-interview/session?id=${sessionId},see endpoint row,,,,,,,,yes,yes,unknown,unknown,false,true,unknown,,GREEN,LOW,src/app/ai/mock-interview/summary/page.tsx:20 — undefined handler,src/app/ai/mock-interview/summary/page.tsx,20,Static nearby fetch association; verify exact handler path.
ACT-00315,user_action,/ai/mock-interview/summary,/ai/mock-interview/summary,src/app/ai/mock-interview/summary/page.tsx,onClick handler,,,,,,,,,,yes,yes,unknown,unknown,false,false,unknown,,GREEN,LOW,src/app/ai/mock-interview/summary/page.tsx:161 — onClick handler,src/app/ai/mock-interview/summary/page.tsx,161,No nearby API call detected; verify whether UI-only is intentional.
CALL-00316,frontend_api_call,/ai/mock-interview/summary,/ai/mock-interview/summary,src/app/ai/mock-interview/summary/page.tsx,fetch GET /api/assessment/mock-interview/session?id=${sessionId},/api/assessment/mock-interview/session?id=${sessionId},GET,,,,,,,,yes,yes,unknown,unknown,false,true,unknown,,GREEN,LOW,src/app/ai/mock-interview/summary/page.tsx:26 — frontend call GET /api/assessment/mock-interview/session?id=${sessionId},src/app/ai/mock-interview/summary/page.tsx,26,Must reconcile against an API endpoint row.
SCR-00317,screen,/ai/practice-hub,/ai/practice-hub,src/app/ai/practice-hub/page.tsx,Screen render,,,,,,,,,,unknown,yes,unknown,unknown,false,false,none/unknown,,GREEN,LOW,src/app/ai/practice-hub/page.tsx:1 — screen route /ai/practice-hub,src/app/ai/practice-hub/page.tsx,1,Interactive handlers detected; action-level rows follow.
ACT-00318,user_action,/ai/practice-hub,/ai/practice-hub,src/app/ai/practice-hub/page.tsx,onClick handler,,,,,,,,,,unknown,yes,unknown,unknown,false,false,unknown,,GREEN,LOW,src/app/ai/practice-hub/page.tsx:103 — onClick handler,src/app/ai/practice-hub/page.tsx,103,No nearby API call detected; verify whether UI-only is intentional.
SCR-00319,screen,/ai/resume-score,/ai/resume-score,src/app/ai/resume-score/page.tsx,Screen render,,,,,,,,,,unknown,unknown,unknown,unknown,false,false,none/unknown,,GREEN,LOW,src/app/ai/resume-score/page.tsx:1 — screen route /ai/resume-score,src/app/ai/resume-score/page.tsx,1,No interactive handler detected by static scan.
SCR-00320,screen,/ai/skill-gap,/ai/skill-gap,src/app/ai/skill-gap/page.tsx,Screen render,,,,,,,,,,unknown,unknown,unknown,unknown,false,false,none/unknown,,GREEN,LOW,src/app/ai/skill-gap/page.tsx:1 — screen route /ai/skill-gap,src/app/ai/skill-gap/page.tsx,1,No interactive handler detected by static scan.
SCR-00321,screen,/ai-features,/ai-features,src/app/ai-features/page.tsx,Screen render,,,,,,,,,,unknown,unknown,unknown,unknown,false,false,none/unknown,,GREEN,LOW,src/app/ai-features/page.tsx:1 — screen route /ai-features,src/app/ai-features/page.tsx,1,No interactive handler detected by static scan.
SCR-00322,screen,/applications/history,/applications/history,src/app/applications/history/page.tsx,Screen render,,,,,,,Google Gemini | External asset host,,Google Gemini | External asset host,yes,yes,unknown,unknown,true,false,none/unknown,,RED,HIGH,src/app/applications/history/page.tsx:1 — screen route /applications/history,src/app/applications/history/page.tsx,1,Interactive handlers detected; action-level rows follow.
ACT-00323,user_action,/applications/history,/applications/history,src/app/applications/history/page.tsx,onClick handler,,,,,,,,,,yes,yes,unknown,unknown,false,false,unknown,,GREEN,LOW,src/app/applications/history/page.tsx:7 — onClick handler,src/app/applications/history/page.tsx,7,No nearby API call detected; verify whether UI-only is intentional.
ACT-00324,user_action,/applications/history,/applications/history,src/app/applications/history/page.tsx,onClick handler,,,,,,,,,,yes,yes,unknown,unknown,false,false,unknown,,GREEN,LOW,src/app/applications/history/page.tsx:7 — onClick handler,src/app/applications/history/page.tsx,7,No nearby API call detected; verify whether UI-only is intentional.
ACT-00325,user_action,/applications/history,/applications/history,src/app/applications/history/page.tsx,onClick handler,,,,,,,,,,yes,yes,unknown,unknown,false,false,unknown,,GREEN,LOW,src/app/applications/history/page.tsx:7 — onClick handler,src/app/applications/history/page.tsx,7,No nearby API call detected; verify whether UI-only is intentional.
SCR-00326,screen,/applications,/applications,src/app/applications/page.tsx,Screen render,,,,,,,,,,yes,yes,unknown,unknown,false,true,none/unknown,,GREEN,LOW,src/app/applications/page.tsx:1 — screen route /applications,src/app/applications/page.tsx,1,Interactive handlers detected; action-level rows follow.
ACT-00327,user_action,/applications,/applications,src/app/applications/page.tsx,onClick handler,,,,,,,,,,unknown,yes,unknown,unknown,false,false,unknown,,GREEN,LOW,src/app/applications/page.tsx:116 — onClick handler,src/app/applications/page.tsx,116,No nearby API call detected; verify whether UI-only is intentional.
ACT-00328,user_action,/applications,/applications,src/app/applications/page.tsx,onClick handler,,,,,,,,,,unknown,yes,unknown,unknown,false,false,unknown,,GREEN,LOW,src/app/applications/page.tsx:151 — onClick handler,src/app/applications/page.tsx,151,No nearby API call detected; verify whether UI-only is intentional.
ACT-00329,user_action,/applications,/applications,src/app/applications/page.tsx,undefined handler,,,,,,,,,,unknown,yes,unknown,unknown,false,false,unknown,,GREEN,LOW,src/app/applications/page.tsx:151 — undefined handler,src/app/applications/page.tsx,151,No nearby API call detected; verify whether UI-only is intentional.
CALL-00330,frontend_api_call,/applications,/applications,src/app/applications/page.tsx,fetch GET /api/applications,/api/applications,GET,,,,,,,,unknown,yes,unknown,unknown,false,true,unknown,,GREEN,LOW,src/app/applications/page.tsx:15 — frontend call GET /api/applications,src/app/applications/page.tsx,15,Must reconcile against an API endpoint row.
SCR-00331,screen,/applications/pipeline,/applications/pipeline,src/app/applications/pipeline/page.tsx,Screen render,,,,,,,,,,yes,yes,unknown,unknown,false,false,none/unknown,,GREEN,LOW,src/app/applications/pipeline/page.tsx:1 — screen route /applications/pipeline,src/app/applications/pipeline/page.tsx,1,Interactive handlers detected; action-level rows follow.
ACT-00332,user_action,/applications/pipeline,/applications/pipeline,src/app/applications/pipeline/page.tsx,onClick handler,,,,,,,,,,unknown,yes,unknown,unknown,false,false,unknown,,GREEN,LOW,src/app/applications/pipeline/page.tsx:148 — onClick handler,src/app/applications/pipeline/page.tsx,148,No nearby API call detected; verify whether UI-only is intentional.
ACT-00333,user_action,/applications/pipeline,/applications/pipeline,src/app/applications/pipeline/page.tsx,onChange handler,,,,,,,,,,unknown,yes,unknown,unknown,false,false,unknown,,GREEN,LOW,src/app/applications/pipeline/page.tsx:194 — onChange handler,src/app/applications/pipeline/page.tsx,194,No nearby API call detected; verify whether UI-only is intentional.
ACT-00334,user_action,/applications/pipeline,/applications/pipeline,src/app/applications/pipeline/page.tsx,onClick handler,,,,,,,,,,unknown,yes,unknown,unknown,false,false,unknown,,GREEN,LOW,src/app/applications/pipeline/page.tsx:213 — onClick handler,src/app/applications/pipeline/page.tsx,213,No nearby API call detected; verify whether UI-only is intentional.
ACT-00335,user_action,/applications/pipeline,/applications/pipeline,src/app/applications/pipeline/page.tsx,undefined handler,,,,,,,,,,unknown,yes,unknown,unknown,false,false,unknown,,GREEN,LOW,src/app/applications/pipeline/page.tsx:213 — undefined handler,src/app/applications/pipeline/page.tsx,213,No nearby API call detected; verify whether UI-only is intentional.
SCR-00336,screen,/applications/timeline,/applications/timeline,src/app/applications/timeline/page.tsx,Screen render,,,,,,,,,,yes,yes,unknown,unknown,false,true,none/unknown,,GREEN,LOW,src/app/applications/timeline/page.tsx:1 — screen route /applications/timeline,src/app/applications/timeline/page.tsx,1,Interactive handlers detected; action-level rows follow.
CALL-00337,frontend_api_call,/applications/timeline,/applications/timeline,src/app/applications/timeline/page.tsx,fetch GET /api/applications,/api/applications,GET,,,,,,,,unknown,yes,unknown,unknown,false,true,unknown,,GREEN,LOW,src/app/applications/timeline/page.tsx:28 — frontend call GET /api/applications,src/app/applications/timeline/page.tsx,28,Must reconcile against an API endpoint row.
SCR-00338,screen,/applications/withdraw,/applications/withdraw,src/app/applications/withdraw/page.tsx,Screen render,,,,,,,Google Gemini | External asset host,,Google Gemini | External asset host,yes,yes,unknown,unknown,true,false,none/unknown,,RED,HIGH,src/app/applications/withdraw/page.tsx:1 — screen route /applications/withdraw,src/app/applications/withdraw/page.tsx,1,No interactive handler detected by static scan.
SCR-00339,screen,/assessment/mcq/active,/assessment/mcq/active,src/app/assessment/mcq/active/page.tsx,Screen render,,,,,,,,,,yes,unknown,unknown,unknown,false,true,none/unknown,,GREEN,LOW,src/app/assessment/mcq/active/page.tsx:1 — screen route /assessment/mcq/active,src/app/assessment/mcq/active/page.tsx,1,Interactive handlers detected; action-level rows follow.
ACT-00340,user_action,/assessment/mcq/active,/assessment/mcq/active,src/app/assessment/mcq/active/page.tsx,onClick handler,,,,,,,,,,yes,unknown,unknown,unknown,false,false,unknown,,GREEN,LOW,src/app/assessment/mcq/active/page.tsx:203 — onClick handler,src/app/assessment/mcq/active/page.tsx,203,No nearby API call detected; verify whether UI-only is intentional.
ACT-00341,user_action,/assessment/mcq/active,/assessment/mcq/active,src/app/assessment/mcq/active/page.tsx,undefined handler,,,,,,,,,,yes,unknown,unknown,unknown,false,false,unknown,,GREEN,LOW,src/app/assessment/mcq/active/page.tsx:203 — undefined handler,src/app/assessment/mcq/active/page.tsx,203,No nearby API call detected; verify whether UI-only is intentional.
ACT-00342,user_action,/assessment/mcq/active,/assessment/mcq/active,src/app/assessment/mcq/active/page.tsx,onClick handler,,,,,,,,,,yes,unknown,unknown,unknown,false,false,unknown,,GREEN,LOW,src/app/assessment/mcq/active/page.tsx:247 — onClick handler,src/app/assessment/mcq/active/page.tsx,247,No nearby API call detected; verify whether UI-only is intentional.
ACT-00343,user_action,/assessment/mcq/active,/assessment/mcq/active,src/app/assessment/mcq/active/page.tsx,undefined handler,,,,,,,,,,yes,unknown,unknown,unknown,false,false,unknown,,GREEN,LOW,src/app/assessment/mcq/active/page.tsx:247 — undefined handler,src/app/assessment/mcq/active/page.tsx,247,No nearby API call detected; verify whether UI-only is intentional.
ACT-00344,user_action,/assessment/mcq/active,/assessment/mcq/active,src/app/assessment/mcq/active/page.tsx,onClick handler,,,,,,,,,,yes,unknown,unknown,unknown,false,false,unknown,,GREEN,LOW,src/app/assessment/mcq/active/page.tsx:276 — onClick handler,src/app/assessment/mcq/active/page.tsx,276,No nearby API call detected; verify whether UI-only is intentional.
ACT-00345,user_action,/assessment/mcq/active,/assessment/mcq/active,src/app/assessment/mcq/active/page.tsx,onChange handler,,,,,,,,,,yes,unknown,unknown,unknown,false,false,unknown,,GREEN,LOW,src/app/assessment/mcq/active/page.tsx:331 — onChange handler,src/app/assessment/mcq/active/page.tsx,331,No nearby API call detected; verify whether UI-only is intentional.
ACT-00346,user_action,/assessment/mcq/active,/assessment/mcq/active,src/app/assessment/mcq/active/page.tsx,onClick handler,,,,,,,,,,yes,unknown,unknown,unknown,false,false,unknown,,GREEN,LOW,src/app/assessment/mcq/active/page.tsx:341 — onClick handler,src/app/assessment/mcq/active/page.tsx,341,No nearby API call detected; verify whether UI-only is intentional.
ACT-00347,user_action,/assessment/mcq/active,/assessment/mcq/active,src/app/assessment/mcq/active/page.tsx,onClick handler,,,,,,,,,,yes,unknown,unknown,unknown,false,false,unknown,,GREEN,LOW,src/app/assessment/mcq/active/page.tsx:351 — onClick handler,src/app/assessment/mcq/active/page.tsx,351,No nearby API call detected; verify whether UI-only is intentional.
ACT-00348,user_action,/assessment/mcq/active,/assessment/mcq/active,src/app/assessment/mcq/active/page.tsx,onClick handler,,,,,,,,,,yes,unknown,unknown,unknown,false,false,unknown,,GREEN,LOW,src/app/assessment/mcq/active/page.tsx:359 — onClick handler,src/app/assessment/mcq/active/page.tsx,359,No nearby API call detected; verify whether UI-only is intentional.
ACT-00349,user_action,/assessment/mcq/active,/assessment/mcq/active,src/app/assessment/mcq/active/page.tsx,onClick handler,,,,,,,,,,yes,unknown,unknown,unknown,false,false,unknown,,GREEN,LOW,src/app/assessment/mcq/active/page.tsx:406 — onClick handler,src/app/assessment/mcq/active/page.tsx,406,No nearby API call detected; verify whether UI-only is intentional.
CALL-00350,frontend_api_call,/assessment/mcq/active,/assessment/mcq/active,src/app/assessment/mcq/active/page.tsx,fetch POST /api/assessment/mcq/start,/api/assessment/mcq/start,POST,,,,,,,,yes,unknown,unknown,unknown,false,true,unknown,,GREEN,LOW,src/app/assessment/mcq/active/page.tsx:76 — frontend call POST /api/assessment/mcq/start,src/app/assessment/mcq/active/page.tsx,76,Must reconcile against an API endpoint row.
CALL-00351,frontend_api_call,/assessment/mcq/active,/assessment/mcq/active,src/app/assessment/mcq/active/page.tsx,fetch POST /api/assessment/mcq/submit,/api/assessment/mcq/submit,POST,,,,,,,,yes,unknown,unknown,unknown,false,true,unknown,,GREEN,LOW,src/app/assessment/mcq/active/page.tsx:133 — frontend call POST /api/assessment/mcq/submit,src/app/assessment/mcq/active/page.tsx,133,Must reconcile against an API endpoint row.
SCR-00352,screen,/assessment/mcq,/assessment/mcq,src/app/assessment/mcq/page.tsx,Screen render,,,,,,,,,,unknown,yes,unknown,unknown,false,true,none/unknown,,GREEN,LOW,src/app/assessment/mcq/page.tsx:1 — screen route /assessment/mcq,src/app/assessment/mcq/page.tsx,1,Interactive handlers detected; action-level rows follow.
CALL-00353,frontend_api_call,/assessment/mcq,/assessment/mcq,src/app/assessment/mcq/page.tsx,fetch GET /api/assessment/mcq/assigned,/api/assessment/mcq/assigned,GET,,,,,,,,unknown,yes,unknown,unknown,false,true,unknown,,GREEN,LOW,src/app/assessment/mcq/page.tsx:23 — frontend call GET /api/assessment/mcq/assigned,src/app/assessment/mcq/page.tsx,23,Must reconcile against an API endpoint row.
SCR-00354,screen,/assessment/mock-interview/dna,/assessment/mock-interview/dna,src/app/assessment/mock-interview/dna/page.tsx,Screen render,,,,,,,,,,unknown,unknown,unknown,unknown,false,false,none/unknown,,GREEN,LOW,src/app/assessment/mock-interview/dna/page.tsx:1 — screen route /assessment/mock-interview/dna,src/app/assessment/mock-interview/dna/page.tsx,1,No interactive handler detected by static scan.
SCR-00355,screen,/assessment/readiness,/assessment/readiness,src/app/assessment/readiness/page.tsx,Screen render,,,,,,,,,,unknown,yes,unknown,unknown,false,true,none/unknown,,GREEN,LOW,src/app/assessment/readiness/page.tsx:1 — screen route /assessment/readiness,src/app/assessment/readiness/page.tsx,1,Interactive handlers detected; action-level rows follow.
ACT-00356,user_action,/assessment/readiness,/assessment/readiness,src/app/assessment/readiness/page.tsx,undefined handler,,,,,,,,,,unknown,yes,unknown,unknown,false,true,unknown,,GREEN,LOW,src/app/assessment/readiness/page.tsx:59 — undefined handler,src/app/assessment/readiness/page.tsx,59,No nearby API call detected; verify whether UI-only is intentional.
ACT-00357,user_action,/assessment/readiness,/assessment/readiness,src/app/assessment/readiness/page.tsx,onClick handler,,,,,,,,,,unknown,yes,unknown,unknown,false,false,unknown,,GREEN,LOW,src/app/assessment/readiness/page.tsx:90 — onClick handler,src/app/assessment/readiness/page.tsx,90,No nearby API call detected; verify whether UI-only is intentional.
CALL-00358,frontend_api_call,/assessment/readiness,/assessment/readiness,src/app/assessment/readiness/page.tsx,fetch GET /api/candidate/readiness,/api/candidate/readiness,GET,,,,,,,,unknown,yes,unknown,unknown,false,true,unknown,,GREEN,LOW,src/app/assessment/readiness/page.tsx:34 — frontend call GET /api/candidate/readiness,src/app/assessment/readiness/page.tsx,34,Must reconcile against an API endpoint row.
CALL-00359,frontend_api_call,/assessment/readiness,/assessment/readiness,src/app/assessment/readiness/page.tsx,fetch POST /api/candidate/readiness,/api/candidate/readiness,POST,,,,,,,,unknown,yes,unknown,unknown,false,true,unknown,,GREEN,LOW,src/app/assessment/readiness/page.tsx:52 — frontend call POST /api/candidate/readiness,src/app/assessment/readiness/page.tsx,52,Must reconcile against an API endpoint row.
SCR-00360,screen,/assessment/typing/active,/assessment/typing/active,src/app/assessment/typing/active/page.tsx,Screen render,,,,,,,,,,unknown,yes,unknown,unknown,false,true,none/unknown,,GREEN,LOW,src/app/assessment/typing/active/page.tsx:1 — screen route /assessment/typing/active,src/app/assessment/typing/active/page.tsx,1,Interactive handlers detected; action-level rows follow.
ACT-00361,user_action,/assessment/typing/active,/assessment/typing/active,src/app/assessment/typing/active/page.tsx,onChange handler,,,,,,,,,,unknown,yes,unknown,unknown,false,false,unknown,,GREEN,LOW,src/app/assessment/typing/active/page.tsx:144 — onChange handler,src/app/assessment/typing/active/page.tsx,144,No nearby API call detected; verify whether UI-only is intentional.
CALL-00362,frontend_api_call,/assessment/typing/active,/assessment/typing/active,src/app/assessment/typing/active/page.tsx,fetch GET /api/assessment/typing/prompt,/api/assessment/typing/prompt,GET,,,,,,,,unknown,yes,unknown,unknown,false,true,unknown,,GREEN,LOW,src/app/assessment/typing/active/page.tsx:26 — frontend call GET /api/assessment/typing/prompt,src/app/assessment/typing/active/page.tsx,26,Must reconcile against an API endpoint row.
CALL-00363,frontend_api_call,/assessment/typing/active,/assessment/typing/active,src/app/assessment/typing/active/page.tsx,fetch POST /api/assessment/typing/submit,/api/assessment/typing/submit,POST,,,,,,,,unknown,yes,unknown,unknown,false,true,unknown,,GREEN,LOW,src/app/assessment/typing/active/page.tsx:54 — frontend call POST /api/assessment/typing/submit,src/app/assessment/typing/active/page.tsx,54,Must reconcile against an API endpoint row.
SCR-00364,screen,/assessment/typing/results,/assessment/typing/results,src/app/assessment/typing/results/page.tsx,Screen render,,,,,,,,,,unknown,yes,unknown,unknown,false,true,none/unknown,,GREEN,LOW,src/app/assessment/typing/results/page.tsx:1 — screen route /assessment/typing/results,src/app/assessment/typing/results/page.tsx,1,Interactive handlers detected; action-level rows follow.
CALL-00365,frontend_api_call,/assessment/typing/results,/assessment/typing/results,src/app/assessment/typing/results/page.tsx,fetch GET /api/assessment/typing/${encodeURIComponent(resultId)},/api/assessment/typing/${encodeURIComponent(resultId)},GET,,,,,,,,unknown,yes,unknown,unknown,false,true,unknown,,GREEN,LOW,src/app/assessment/typing/results/page.tsx:28 — frontend call GET /api/assessment/typing/${encodeURIComponent(resultId)},src/app/assessment/typing/results/page.tsx,28,Must reconcile against an API endpoint row.
SCR-00366,screen,/assessment/typing/setup,/assessment/typing/setup,src/app/assessment/typing/setup/page.tsx,Screen render,,,,,,,Google Gemini | External asset host,,Google Gemini | External asset host,unknown,yes,unknown,unknown,true,false,none/unknown,,RED,HIGH,src/app/assessment/typing/setup/page.tsx:1 — screen route /assessment/typing/setup,src/app/assessment/typing/setup/page.tsx,1,Interactive handlers detected; action-level rows follow.
ACT-00367,user_action,/assessment/typing/setup,/assessment/typing/setup,src/app/assessment/typing/setup/page.tsx,onClick handler,,,,,,,,,,unknown,yes,unknown,unknown,false,false,unknown,,GREEN,LOW,src/app/assessment/typing/setup/page.tsx:7 — onClick handler,src/app/assessment/typing/setup/page.tsx,7,No nearby API call detected; verify whether UI-only is intentional.
ACT-00368,user_action,/assessment/typing/setup,/assessment/typing/setup,src/app/assessment/typing/setup/page.tsx,onClick handler,,,,,,,,,,unknown,yes,unknown,unknown,false,false,unknown,,GREEN,LOW,src/app/assessment/typing/setup/page.tsx:7 — onClick handler,src/app/assessment/typing/setup/page.tsx,7,No nearby API call detected; verify whether UI-only is intentional.
ACT-00369,user_action,/assessment/typing/setup,/assessment/typing/setup,src/app/assessment/typing/setup/page.tsx,onClick handler,,,,,,,,,,unknown,yes,unknown,unknown,false,false,unknown,,GREEN,LOW,src/app/assessment/typing/setup/page.tsx:7 — onClick handler,src/app/assessment/typing/setup/page.tsx,7,No nearby API call detected; verify whether UI-only is intentional.
SCR-00370,screen,/billing,/billing,src/app/billing/page.tsx,Screen render,,,,,,,Google Gemini | External asset host,,Google Gemini | External asset host,yes,yes,unknown,unknown,true,false,none/unknown,,RED,HIGH,src/app/billing/page.tsx:1 — screen route /billing,src/app/billing/page.tsx,1,No interactive handler detected by static scan.
SCR-00371,screen,/blog,/blog,src/app/blog/page.tsx,Screen render,,,,@/lib/marketingMetadata,,,,,,unknown,unknown,unknown,unknown,false,false,none/unknown,,GREEN,LOW,src/app/blog/page.tsx:1 — screen route /blog,src/app/blog/page.tsx,1,No interactive handler detected by static scan.
SCR-00372,screen,/candidate/assessment-restrictions,/candidate/assessment-restrictions,src/app/candidate/assessment-restrictions/page.tsx,Screen render,,,,,,,,,,yes,yes,unknown,unknown,false,true,none/unknown,,GREEN,LOW,src/app/candidate/assessment-restrictions/page.tsx:1 — screen route /candidate/assessment-restrictions,src/app/candidate/assessment-restrictions/page.tsx,1,Interactive handlers detected; action-level rows follow.
ACT-00373,user_action,/candidate/assessment-restrictions,/candidate/assessment-restrictions,src/app/candidate/assessment-restrictions/page.tsx,onClick handler,,,,,,,,,,unknown,yes,unknown,unknown,false,false,unknown,,GREEN,LOW,src/app/candidate/assessment-restrictions/page.tsx:93 — onClick handler,src/app/candidate/assessment-restrictions/page.tsx,93,No nearby API call detected; verify whether UI-only is intentional.
ACT-00374,user_action,/candidate/assessment-restrictions,/candidate/assessment-restrictions,src/app/candidate/assessment-restrictions/page.tsx,onSubmit handler,,,,,,,,,,unknown,yes,unknown,unknown,false,false,unknown,,GREEN,LOW,src/app/candidate/assessment-restrictions/page.tsx:97 — onSubmit handler,src/app/candidate/assessment-restrictions/page.tsx,97,No nearby API call detected; verify whether UI-only is intentional.
ACT-00375,user_action,/candidate/assessment-restrictions,/candidate/assessment-restrictions,src/app/candidate/assessment-restrictions/page.tsx,onChange handler,,,,,,,,,,unknown,yes,unknown,unknown,false,false,unknown,,GREEN,LOW,src/app/candidate/assessment-restrictions/page.tsx:100 — onChange handler,src/app/candidate/assessment-restrictions/page.tsx,100,No nearby API call detected; verify whether UI-only is intentional.
ACT-00376,user_action,/candidate/assessment-restrictions,/candidate/assessment-restrictions,src/app/candidate/assessment-restrictions/page.tsx,onClick handler,,,,,,,,,,unknown,yes,unknown,unknown,false,false,unknown,,GREEN,LOW,src/app/candidate/assessment-restrictions/page.tsx:104 — onClick handler,src/app/candidate/assessment-restrictions/page.tsx,104,No nearby API call detected; verify whether UI-only is intentional.
CALL-00377,frontend_api_call,/candidate/assessment-restrictions,/candidate/assessment-restrictions,src/app/candidate/assessment-restrictions/page.tsx,fetch GET /api/candidate/recorded-assessment/restrictions,/api/candidate/recorded-assessment/restrictions,GET,,,,,,,,unknown,yes,unknown,unknown,false,true,unknown,,GREEN,LOW,src/app/candidate/assessment-restrictions/page.tsx:33 — frontend call GET /api/candidate/recorded-assessment/restrictions,src/app/candidate/assessment-restrictions/page.tsx,33,Must reconcile against an API endpoint row.
CALL-00378,frontend_api_call,/candidate/assessment-restrictions,/candidate/assessment-restrictions,src/app/candidate/assessment-restrictions/page.tsx,fetch POST /api/candidate/recorded-assessment/restrictions,/api/candidate/recorded-assessment/restrictions,POST,,,,,,,,unknown,yes,unknown,unknown,false,true,unknown,,GREEN,LOW,src/app/candidate/assessment-restrictions/page.tsx:50 — frontend call POST /api/candidate/recorded-assessment/restrictions,src/app/candidate/assessment-restrictions/page.tsx,50,Must reconcile against an API endpoint row.
SCR-00379,screen,/candidate/dashboard,/candidate/dashboard,src/app/candidate/dashboard/page.tsx,Screen render,,,,,,,,,,yes,yes,unknown,unknown,false,false,none/unknown,,GREEN,LOW,src/app/candidate/dashboard/page.tsx:1 — screen route /candidate/dashboard,src/app/candidate/dashboard/page.tsx,1,No interactive handler detected by static scan.
SCR-00380,screen,/candidate/job-search,/candidate/job-search,src/app/candidate/job-search/page.tsx,Screen render,,,,,,,,,,yes,yes,unknown,unknown,false,false,none/unknown,,GREEN,LOW,src/app/candidate/job-search/page.tsx:1 — screen route /candidate/job-search,src/app/candidate/job-search/page.tsx,1,No interactive handler detected by static scan.
SCR-00381,screen,/candidate/profile,/candidate/profile,src/app/candidate/profile/page.tsx,Screen render,,,,,,,,,,yes,yes,unknown,unknown,false,false,none/unknown,,GREEN,LOW,src/app/candidate/profile/page.tsx:1 — screen route /candidate/profile,src/app/candidate/profile/page.tsx,1,No interactive handler detected by static scan.
SCR-00382,screen,/candidate/universal-profile,/candidate/universal-profile,src/app/candidate/universal-profile/page.tsx,Screen render,,,,,,,,,,yes,yes,unknown,unknown,false,false,none/unknown,,GREEN,LOW,src/app/candidate/universal-profile/page.tsx:1 — screen route /candidate/universal-profile,src/app/candidate/universal-profile/page.tsx,1,No interactive handler detected by static scan.
SCR-00383,screen,/career-resources,/career-resources,src/app/career-resources/page.tsx,Screen render,,,,,,,,,,unknown,unknown,unknown,unknown,false,false,none/unknown,,GREEN,LOW,src/app/career-resources/page.tsx:1 — screen route /career-resources,src/app/career-resources/page.tsx,1,No interactive handler detected by static scan.
SCR-00384,screen,/careers,/careers,src/app/careers/page.tsx,Screen render,,,,@/lib/marketingMetadata,,,,,,unknown,unknown,unknown,unknown,false,false,none/unknown,,GREEN,LOW,src/app/careers/page.tsx:1 — screen route /careers,src/app/careers/page.tsx,1,No interactive handler detected by static scan.
SCR-00385,screen,/certifications,/certifications,src/app/certifications/page.tsx,Screen render,,,,,,,,,,unknown,unknown,unknown,unknown,false,false,none/unknown,,GREEN,LOW,src/app/certifications/page.tsx:1 — screen route /certifications,src/app/certifications/page.tsx,1,No interactive handler detected by static scan.
SCR-00386,screen,/checkout,/checkout,src/app/checkout/page.tsx,Screen render,,,,,,,,,,unknown,yes,unknown,unknown,false,false,none/unknown,,GREEN,LOW,src/app/checkout/page.tsx:1 — screen route /checkout,src/app/checkout/page.tsx,1,Interactive handlers detected; action-level rows follow.
ACT-00387,user_action,/checkout,/checkout,src/app/checkout/page.tsx,undefined handler,,,,,,,,,,unknown,yes,unknown,unknown,false,false,unknown,,GREEN,LOW,src/app/checkout/page.tsx:11 — undefined handler,src/app/checkout/page.tsx,11,No nearby API call detected; verify whether UI-only is intentional.
SCR-00388,screen,/company,/company,src/app/company/page.tsx,Screen render,,,,@/lib/marketingMetadata,,,,,,unknown,unknown,unknown,unknown,false,false,none/unknown,,GREEN,LOW,src/app/company/page.tsx:1 — screen route /company,src/app/company/page.tsx,1,No interactive handler detected by static scan.
SCR-00389,screen,/contact,/contact,src/app/contact/page.tsx,Screen render,,,,@/lib/marketingMetadata,,,,,,unknown,unknown,unknown,unknown,false,false,none/unknown,,GREEN,LOW,src/app/contact/page.tsx:1 — screen route /contact,src/app/contact/page.tsx,1,No interactive handler detected by static scan.
SCR-00390,screen,/credits,/credits,src/app/credits/page.tsx,Screen render,,,,,,,,,,unknown,yes,unknown,yes,false,true,none/unknown,,GREEN,LOW,src/app/credits/page.tsx:1 — screen route /credits,src/app/credits/page.tsx,1,Interactive handlers detected; action-level rows follow.
ACT-00391,user_action,/credits,/credits,src/app/credits/page.tsx,onClick handler,,,,,,,,,,unknown,yes,unknown,unknown,false,false,unknown,,GREEN,LOW,src/app/credits/page.tsx:53 — onClick handler,src/app/credits/page.tsx,53,No nearby API call detected; verify whether UI-only is intentional.
CALL-00392,frontend_api_call,/credits,/credits,src/app/credits/page.tsx,fetch GET /api/candidate/credits,/api/candidate/credits,GET,,,,,,,,unknown,yes,unknown,unknown,false,true,unknown,,GREEN,LOW,src/app/credits/page.tsx:16 — frontend call GET /api/candidate/credits,src/app/credits/page.tsx,16,Must reconcile against an API endpoint row.
CALL-00393,frontend_api_call,/credits,/credits,src/app/credits/page.tsx,fetch POST /api/candidate/services/${encodeURIComponent(service.serviceKey)}/request,/api/candidate/services/${encodeURIComponent(service.serviceKey)}/request,POST,,,,,,,,unknown,yes,unknown,yes,false,true,unknown,,GREEN,LOW,src/app/credits/page.tsx:32 — frontend call POST /api/candidate/services/${encodeURIComponent(service.serviceKey)}/request,src/app/credits/page.tsx,32,Must reconcile against an API endpoint row.
SCR-00394,screen,/dashboard,/dashboard,src/app/dashboard/page.tsx,Screen render,,,,,,,,,,yes,yes,unknown,unknown,false,true,none/unknown,,GREEN,LOW,src/app/dashboard/page.tsx:1 — screen route /dashboard,src/app/dashboard/page.tsx,1,Interactive handlers detected; action-level rows follow.
ACT-00395,user_action,/dashboard,/dashboard,src/app/dashboard/page.tsx,undefined handler,/api/auth/logout | /api/candidate/profile | /api/candidate/availability | /api/applications,see endpoint row,,,,,,,,yes,yes,unknown,unknown,false,true,unknown,,GREEN,LOW,src/app/dashboard/page.tsx:27 — undefined handler,src/app/dashboard/page.tsx,27,Static nearby fetch association; verify exact handler path.
ACT-00396,user_action,/dashboard,/dashboard,src/app/dashboard/page.tsx,onClick handler,,,,,,,,,,yes,yes,unknown,unknown,false,false,unknown,,GREEN,LOW,src/app/dashboard/page.tsx:144 — onClick handler,src/app/dashboard/page.tsx,144,No nearby API call detected; verify whether UI-only is intentional.
ACT-00397,user_action,/dashboard,/dashboard,src/app/dashboard/page.tsx,onClick handler,,,,,,,,,,yes,yes,unknown,unknown,false,false,unknown,,GREEN,LOW,src/app/dashboard/page.tsx:169 — onClick handler,src/app/dashboard/page.tsx,169,No nearby API call detected; verify whether UI-only is intentional.
ACT-00398,user_action,/dashboard,/dashboard,src/app/dashboard/page.tsx,onClick handler,,,,,,,,,,yes,yes,unknown,unknown,false,false,unknown,,GREEN,LOW,src/app/dashboard/page.tsx:177 — onClick handler,src/app/dashboard/page.tsx,177,No nearby API call detected; verify whether UI-only is intentional.
ACT-00399,user_action,/dashboard,/dashboard,src/app/dashboard/page.tsx,onClick handler,,,,,,,,,,yes,yes,unknown,unknown,false,false,unknown,,GREEN,LOW,src/app/dashboard/page.tsx:185 — onClick handler,src/app/dashboard/page.tsx,185,No nearby API call detected; verify whether UI-only is intentional.
ACT-00400,user_action,/dashboard,/dashboard,src/app/dashboard/page.tsx,onClick handler,,,,,,,,,,yes,yes,unknown,unknown,false,false,unknown,,GREEN,LOW,src/app/dashboard/page.tsx:215 — onClick handler,src/app/dashboard/page.tsx,215,No nearby API call detected; verify whether UI-only is intentional.
ACT-00401,user_action,/dashboard,/dashboard,src/app/dashboard/page.tsx,onClick handler,,,,,,,,,,yes,yes,unknown,unknown,false,false,unknown,,GREEN,LOW,src/app/dashboard/page.tsx:251 — onClick handler,src/app/dashboard/page.tsx,251,No nearby API call detected; verify whether UI-only is intentional.
ACT-00402,user_action,/dashboard,/dashboard,src/app/dashboard/page.tsx,onClick handler,,,,,,,,,,yes,yes,unknown,unknown,false,false,unknown,,GREEN,LOW,src/app/dashboard/page.tsx:261 — onClick handler,src/app/dashboard/page.tsx,261,No nearby API call detected; verify whether UI-only is intentional.
ACT-00403,user_action,/dashboard,/dashboard,src/app/dashboard/page.tsx,onClick handler,,,,,,,,,,yes,yes,unknown,unknown,false,false,unknown,,GREEN,LOW,src/app/dashboard/page.tsx:270 — onClick handler,src/app/dashboard/page.tsx,270,No nearby API call detected; verify whether UI-only is intentional.
ACT-00404,user_action,/dashboard,/dashboard,src/app/dashboard/page.tsx,onClick handler,,,,,,,,,,yes,yes,unknown,unknown,false,false,unknown,,GREEN,LOW,src/app/dashboard/page.tsx:281 — onClick handler,src/app/dashboard/page.tsx,281,No nearby API call detected; verify whether UI-only is intentional.
ACT-00405,user_action,/dashboard,/dashboard,src/app/dashboard/page.tsx,onClick handler,,,,,,,,,,yes,yes,unknown,unknown,false,false,unknown,,GREEN,LOW,src/app/dashboard/page.tsx:283 — onClick handler,src/app/dashboard/page.tsx,283,No nearby API call detected; verify whether UI-only is intentional.
ACT-00406,user_action,/dashboard,/dashboard,src/app/dashboard/page.tsx,onClick handler,,,,,,,,,,yes,yes,unknown,unknown,false,false,unknown,,GREEN,LOW,src/app/dashboard/page.tsx:289 — onClick handler,src/app/dashboard/page.tsx,289,No nearby API call detected; verify whether UI-only is intentional.
ACT-00407,user_action,/dashboard,/dashboard,src/app/dashboard/page.tsx,onClick handler,,,,,,,,,,yes,yes,unknown,unknown,false,false,unknown,,GREEN,LOW,src/app/dashboard/page.tsx:308 — onClick handler,src/app/dashboard/page.tsx,308,No nearby API call detected; verify whether UI-only is intentional.
ACT-00408,user_action,/dashboard,/dashboard,src/app/dashboard/page.tsx,onClick handler,,,,,,,,,,yes,yes,unknown,unknown,false,false,unknown,,GREEN,LOW,src/app/dashboard/page.tsx:308 — onClick handler,src/app/dashboard/page.tsx,308,No nearby API call detected; verify whether UI-only is intentional.
ACT-00409,user_action,/dashboard,/dashboard,src/app/dashboard/page.tsx,onClick handler,,,,,,,,,,yes,yes,unknown,unknown,false,false,unknown,,GREEN,LOW,src/app/dashboard/page.tsx:308 — onClick handler,src/app/dashboard/page.tsx,308,No nearby API call detected; verify whether UI-only is intentional.
CALL-00410,frontend_api_call,/dashboard,/dashboard,src/app/dashboard/page.tsx,fetch POST /api/auth/logout,/api/auth/logout,POST,,,,,,,,yes,yes,unknown,unknown,false,true,unknown,,GREEN,LOW,src/app/dashboard/page.tsx:24 — frontend call POST /api/auth/logout,src/app/dashboard/page.tsx,24,Must reconcile against an API endpoint row.
CALL-00411,frontend_api_call,/dashboard,/dashboard,src/app/dashboard/page.tsx,fetch GET /api/candidate/profile,/api/candidate/profile,GET,,,,,,,,yes,yes,unknown,unknown,false,true,unknown,,GREEN,LOW,src/app/dashboard/page.tsx:33 — frontend call GET /api/candidate/profile,src/app/dashboard/page.tsx,33,Must reconcile against an API endpoint row.
CALL-00412,frontend_api_call,/dashboard,/dashboard,src/app/dashboard/page.tsx,fetch GET /api/candidate/availability,/api/candidate/availability,GET,,,,,,,,yes,yes,unknown,unknown,false,true,unknown,,GREEN,LOW,src/app/dashboard/page.tsx:45 — frontend call GET /api/candidate/availability,src/app/dashboard/page.tsx,45,Must reconcile against an API endpoint row.
CALL-00413,frontend_api_call,/dashboard,/dashboard,src/app/dashboard/page.tsx,fetch PUT /api/applications,/api/applications,PUT,,,,,,,,yes,yes,unknown,unknown,false,true,unknown,,GREEN,LOW,src/app/dashboard/page.tsx:50 — frontend call PUT /api/applications,src/app/dashboard/page.tsx,50,Must reconcile against an API endpoint row.
CALL-00414,frontend_api_call,/dashboard,/dashboard,src/app/dashboard/page.tsx,fetch PUT /api/candidate/availability,/api/candidate/availability,PUT,,,,,,,,yes,yes,unknown,unknown,false,true,unknown,,GREEN,LOW,src/app/dashboard/page.tsx:63 — frontend call PUT /api/candidate/availability,src/app/dashboard/page.tsx,63,Must reconcile against an API endpoint row.
SCR-00415,screen,/employer/active-proctoring-monitor,/employer/active-proctoring-monitor,src/app/employer/active-proctoring-monitor/page.tsx,Screen render,,,,,,,WebRTC,,WebRTC,yes,yes,unknown,unknown,false,false,none/unknown,,GREEN,LOW,src/app/employer/active-proctoring-monitor/page.tsx:1 — screen route /employer/active-proctoring-monitor,src/app/employer/active-proctoring-monitor/page.tsx,1,No interactive handler detected by static scan.
SCR-00416,screen,/employer/active-video-interview-interviewer-view,/employer/active-video-interview-interviewer-view,src/app/employer/active-video-interview-interviewer-view/page.tsx,Screen render,,,,,,,WebRTC,,WebRTC,yes,yes,unknown,unknown,false,true,none/unknown,,GREEN,LOW,src/app/employer/active-video-interview-interviewer-view/page.tsx:1 — screen route /employer/active-video-interview-interviewer-view,src/app/employer/active-video-interview-interviewer-view/page.tsx,1,Interactive handlers detected; action-level rows follow.
ACT-00417,user_action,/employer/active-video-interview-interviewer-view,/employer/active-video-interview-interviewer-view,src/app/employer/active-video-interview-interviewer-view/page.tsx,undefined handler,,,,,,,WebRTC,,WebRTC,unknown,yes,unknown,unknown,false,false,unknown,,GREEN,LOW,src/app/employer/active-video-interview-interviewer-view/page.tsx:95 — undefined handler,src/app/employer/active-video-interview-interviewer-view/page.tsx,95,No nearby API call detected; verify whether UI-only is intentional.
CALL-00418,frontend_api_call,/employer/active-video-interview-interviewer-view,/employer/active-video-interview-interviewer-view,src/app/employer/active-video-interview-interviewer-view/page.tsx,fetch GET /api/interviews/room?roomId=${encodeURIComponent(requestedRoomId)},/api/interviews/room?roomId=${encodeURIComponent(requestedRoomId)},GET,,,,,WebRTC,,WebRTC,unknown,yes,unknown,unknown,false,true,unknown,,GREEN,LOW,src/app/employer/active-video-interview-interviewer-view/page.tsx:25 — frontend call GET /api/interviews/room?roomId=${encodeURIComponent(requestedRoomId)},src/app/employer/active-video-interview-interviewer-view/page.tsx,25,Must reconcile against an API endpoint row.
CALL-00419,frontend_api_call,/employer/active-video-interview-interviewer-view,/employer/active-video-interview-interviewer-view,src/app/employer/active-video-interview-interviewer-view/page.tsx,fetch GET /api/employer/interviews/${encodeURIComponent(id)},/api/employer/interviews/${encodeURIComponent(id)},GET,,,,,WebRTC,,WebRTC,unknown,yes,unknown,unknown,false,true,unknown,,GREEN,LOW,src/app/employer/active-video-interview-interviewer-view/page.tsx:32 — frontend call GET /api/employer/interviews/${encodeURIComponent(id)},src/app/employer/active-video-interview-interviewer-view/page.tsx,32,Must reconcile against an API endpoint row.
CALL-00420,frontend_api_call,/employer/active-video-interview-interviewer-view,/employer/active-video-interview-interviewer-view,src/app/employer/active-video-interview-interviewer-view/page.tsx,fetch GET /api/employer/interviews/${searchParams.get(,/api/employer/interviews/${searchParams.get(,GET,,,,,WebRTC,,WebRTC,unknown,yes,unknown,unknown,false,true,unknown,,GREEN,LOW,src/app/employer/active-video-interview-interviewer-view/page.tsx:43 — frontend call GET /api/employer/interviews/${searchParams.get(,src/app/employer/active-video-interview-interviewer-view/page.tsx,43,Must reconcile against an API endpoint row.
SCR-00421,screen,/employer/ai-candidate-ranking-explanation,/employer/ai-candidate-ranking-explanation,src/app/employer/ai-candidate-ranking-explanation/page.tsx,Screen render,,,,,,,,,,yes,unknown,unknown,unknown,false,false,none/unknown,,GREEN,LOW,src/app/employer/ai-candidate-ranking-explanation/page.tsx:1 — screen route /employer/ai-candidate-ranking-explanation,src/app/employer/ai-candidate-ranking-explanation/page.tsx,1,No interactive handler detected by static scan.
SCR-00422,screen,/employer/ai-evaluation-scores,/employer/ai-evaluation-scores,src/app/employer/ai-evaluation-scores/page.tsx,Screen render,,,,,,,,,,yes,unknown,unknown,unknown,false,false,none/unknown,,GREEN,LOW,src/app/employer/ai-evaluation-scores/page.tsx:1 — screen route /employer/ai-evaluation-scores,src/app/employer/ai-evaluation-scores/page.tsx,1,No interactive handler detected by static scan.
SCR-00423,screen,/employer/ai-hiring-copilot-hub,/employer/ai-hiring-copilot-hub,src/app/employer/ai-hiring-copilot-hub/page.tsx,Screen render,,,,,,,,,,yes,unknown,unknown,unknown,false,false,none/unknown,,GREEN,LOW,src/app/employer/ai-hiring-copilot-hub/page.tsx:1 — screen route /employer/ai-hiring-copilot-hub,src/app/employer/ai-hiring-copilot-hub/page.tsx,1,No interactive handler detected by static scan.
SCR-00424,screen,/employer/ai-hiring-insights,/employer/ai-hiring-insights,src/app/employer/ai-hiring-insights/page.tsx,Screen render,,,,,,,,,,yes,yes,unknown,unknown,false,false,none/unknown,,GREEN,LOW,src/app/employer/ai-hiring-insights/page.tsx:1 — screen route /employer/ai-hiring-insights,src/app/employer/ai-hiring-insights/page.tsx,1,No interactive handler detected by static scan.
SCR-00425,screen,/employer/ai-interview-question-generator,/employer/ai-interview-question-generator,src/app/employer/ai-interview-question-generator/page.tsx,Screen render,,,,,,,,,,yes,yes,unknown,unknown,false,false,none/unknown,,GREEN,LOW,src/app/employer/ai-interview-question-generator/page.tsx:1 — screen route /employer/ai-interview-question-generator,src/app/employer/ai-interview-question-generator/page.tsx,1,No interactive handler detected by static scan.
SCR-00426,screen,/employer/assessments/builder,/employer/assessments/builder,src/app/employer/assessments/builder/page.tsx,Screen render,,,,,,,,,,yes,yes,unknown,unknown,false,true,none/unknown,,GREEN,LOW,src/app/employer/assessments/builder/page.tsx:1 — screen route /employer/assessments/builder,src/app/employer/assessments/builder/page.tsx,1,Interactive handlers detected; action-level rows follow.
ACT-00427,user_action,/employer/assessments/builder,/employer/assessments/builder,src/app/employer/assessments/builder/page.tsx,onClick handler,,,,,,,,,,unknown,yes,unknown,unknown,false,false,unknown,,GREEN,LOW,src/app/employer/assessments/builder/page.tsx:353 — onClick handler,src/app/employer/assessments/builder/page.tsx,353,No nearby API call detected; verify whether UI-only is intentional.
ACT-00428,user_action,/employer/assessments/builder,/employer/assessments/builder,src/app/employer/assessments/builder/page.tsx,onClick handler,,,,,,,,,,unknown,yes,unknown,unknown,false,false,unknown,,GREEN,LOW,src/app/employer/assessments/builder/page.tsx:369 — onClick handler,src/app/employer/assessments/builder/page.tsx,369,No nearby API call detected; verify whether UI-only is intentional.
ACT-00429,user_action,/employer/assessments/builder,/employer/assessments/builder,src/app/employer/assessments/builder/page.tsx,onClick handler,,,,,,,,,,unknown,yes,unknown,unknown,false,true,unknown,,GREEN,LOW,src/app/employer/assessments/builder/page.tsx:400 — onClick handler,src/app/employer/assessments/builder/page.tsx,400,No nearby API call detected; verify whether UI-only is intentional.
ACT-00430,user_action,/employer/assessments/builder,/employer/assessments/builder,src/app/employer/assessments/builder/page.tsx,onSubmit handler,,,,,,,,,,unknown,yes,unknown,unknown,false,false,unknown,,GREEN,LOW,src/app/employer/assessments/builder/page.tsx:416 — onSubmit handler,src/app/employer/assessments/builder/page.tsx,416,No nearby API call detected; verify whether UI-only is intentional.
ACT-00431,user_action,/employer/assessments/builder,/employer/assessments/builder,src/app/employer/assessments/builder/page.tsx,onChange handler,,,,,,,,,,unknown,yes,unknown,unknown,false,false,unknown,,GREEN,LOW,src/app/employer/assessments/builder/page.tsx:423 — onChange handler,src/app/employer/assessments/builder/page.tsx,423,No nearby API call detected; verify whether UI-only is intentional.
ACT-00432,user_action,/employer/assessments/builder,/employer/assessments/builder,src/app/employer/assessments/builder/page.tsx,onChange handler,,,,,,,,,,unknown,yes,unknown,unknown,false,false,unknown,,GREEN,LOW,src/app/employer/assessments/builder/page.tsx:434 — onChange handler,src/app/employer/assessments/builder/page.tsx,434,No nearby API call detected; verify whether UI-only is intentional.
ACT-00433,user_action,/employer/assessments/builder,/employer/assessments/builder,src/app/employer/assessments/builder/page.tsx,onChange handler,,,,,,,,,,unknown,yes,unknown,unknown,false,false,unknown,,GREEN,LOW,src/app/employer/assessments/builder/page.tsx:450 — onChange handler,src/app/employer/assessments/builder/page.tsx,450,No nearby API call detected; verify whether UI-only is intentional.
ACT-00434,user_action,/employer/assessments/builder,/employer/assessments/builder,src/app/employer/assessments/builder/page.tsx,onChange handler,,,,,,,,,,unknown,yes,unknown,unknown,false,false,unknown,,GREEN,LOW,src/app/employer/assessments/builder/page.tsx:460 — onChange handler,src/app/employer/assessments/builder/page.tsx,460,No nearby API call detected; verify whether UI-only is intentional.
ACT-00435,user_action,/employer/assessments/builder,/employer/assessments/builder,src/app/employer/assessments/builder/page.tsx,onChange handler,,,,,,,,,,unknown,yes,unknown,unknown,false,false,unknown,,GREEN,LOW,src/app/employer/assessments/builder/page.tsx:470 — onChange handler,src/app/employer/assessments/builder/page.tsx,470,No nearby API call detected; verify whether UI-only is intentional.
ACT-00436,user_action,/employer/assessments/builder,/employer/assessments/builder,src/app/employer/assessments/builder/page.tsx,onChange handler,,,,,,,,,,unknown,yes,unknown,unknown,false,false,unknown,,GREEN,LOW,src/app/employer/assessments/builder/page.tsx:480 — onChange handler,src/app/employer/assessments/builder/page.tsx,480,No nearby API call detected; verify whether UI-only is intentional.
ACT-00437,user_action,/employer/assessments/builder,/employer/assessments/builder,src/app/employer/assessments/builder/page.tsx,onClick handler,,,,,,,,,,unknown,yes,unknown,unknown,false,false,unknown,,GREEN,LOW,src/app/employer/assessments/builder/page.tsx:489 — onClick handler,src/app/employer/assessments/builder/page.tsx,489,No nearby API call detected; verify whether UI-only is intentional.
ACT-00438,user_action,/employer/assessments/builder,/employer/assessments/builder,src/app/employer/assessments/builder/page.tsx,onClick handler,,,,,,,,,,unknown,yes,unknown,unknown,false,false,unknown,,GREEN,LOW,src/app/employer/assessments/builder/page.tsx:525 — onClick handler,src/app/employer/assessments/builder/page.tsx,525,No nearby API call detected; verify whether UI-only is intentional.
ACT-00439,user_action,/employer/assessments/builder,/employer/assessments/builder,src/app/employer/assessments/builder/page.tsx,onClick handler,,,,,,,,,,unknown,yes,unknown,unknown,false,false,unknown,,GREEN,LOW,src/app/employer/assessments/builder/page.tsx:531 — onClick handler,src/app/employer/assessments/builder/page.tsx,531,No nearby API call detected; verify whether UI-only is intentional.
ACT-00440,user_action,/employer/assessments/builder,/employer/assessments/builder,src/app/employer/assessments/builder/page.tsx,onClick handler,,,,,,,,,,unknown,yes,unknown,unknown,false,false,unknown,,GREEN,LOW,src/app/employer/assessments/builder/page.tsx:544 — onClick handler,src/app/employer/assessments/builder/page.tsx,544,No nearby API call detected; verify whether UI-only is intentional.
ACT-00441,user_action,/employer/assessments/builder,/employer/assessments/builder,src/app/employer/assessments/builder/page.tsx,onClick handler,,,,,,,,,,unknown,yes,unknown,unknown,false,false,unknown,,GREEN,LOW,src/app/employer/assessments/builder/page.tsx:547 — onClick handler,src/app/employer/assessments/builder/page.tsx,547,No nearby API call detected; verify whether UI-only is intentional.
ACT-00442,user_action,/employer/assessments/builder,/employer/assessments/builder,src/app/employer/assessments/builder/page.tsx,onClick handler,,,,,,,,,,unknown,yes,unknown,unknown,false,false,unknown,,GREEN,LOW,src/app/employer/assessments/builder/page.tsx:557 — onClick handler,src/app/employer/assessments/builder/page.tsx,557,No nearby API call detected; verify whether UI-only is intentional.
ACT-00443,user_action,/employer/assessments/builder,/employer/assessments/builder,src/app/employer/assessments/builder/page.tsx,onChange handler,,,,,,,,,,unknown,yes,unknown,unknown,false,false,unknown,,GREEN,LOW,src/app/employer/assessments/builder/page.tsx:566 — onChange handler,src/app/employer/assessments/builder/page.tsx,566,No nearby API call detected; verify whether UI-only is intentional.
ACT-00444,user_action,/employer/assessments/builder,/employer/assessments/builder,src/app/employer/assessments/builder/page.tsx,onChange handler,,,,,,,,,,unknown,yes,unknown,unknown,false,false,unknown,,GREEN,LOW,src/app/employer/assessments/builder/page.tsx:578 — onChange handler,src/app/employer/assessments/builder/page.tsx,578,No nearby API call detected; verify whether UI-only is intentional.
ACT-00445,user_action,/employer/assessments/builder,/employer/assessments/builder,src/app/employer/assessments/builder/page.tsx,onChange handler,,,,,,,,,,unknown,yes,unknown,unknown,false,false,unknown,,GREEN,LOW,src/app/employer/assessments/builder/page.tsx:586 — onChange handler,src/app/employer/assessments/builder/page.tsx,586,No nearby API call detected; verify whether UI-only is intentional.
ACT-00446,user_action,/employer/assessments/builder,/employer/assessments/builder,src/app/employer/assessments/builder/page.tsx,onChange handler,,,,,,,,,,unknown,yes,unknown,unknown,false,false,unknown,,GREEN,LOW,src/app/employer/assessments/builder/page.tsx:599 — onChange handler,src/app/employer/assessments/builder/page.tsx,599,No nearby API call detected; verify whether UI-only is intentional.
ACT-00447,user_action,/employer/assessments/builder,/employer/assessments/builder,src/app/employer/assessments/builder/page.tsx,onClick handler,,,,,,,,,,unknown,yes,unknown,unknown,false,false,unknown,,GREEN,LOW,src/app/employer/assessments/builder/page.tsx:617 — onClick handler,src/app/employer/assessments/builder/page.tsx,617,No nearby API call detected; verify whether UI-only is intentional.
ACT-00448,user_action,/employer/assessments/builder,/employer/assessments/builder,src/app/employer/assessments/builder/page.tsx,onChange handler,,,,,,,,,,unknown,yes,unknown,unknown,false,false,unknown,,GREEN,LOW,src/app/employer/assessments/builder/page.tsx:627 — onChange handler,src/app/employer/assessments/builder/page.tsx,627,No nearby API call detected; verify whether UI-only is intentional.
ACT-00449,user_action,/employer/assessments/builder,/employer/assessments/builder,src/app/employer/assessments/builder/page.tsx,onClick handler,,,,,,,,,,unknown,yes,unknown,unknown,false,false,unknown,,GREEN,LOW,src/app/employer/assessments/builder/page.tsx:635 — onClick handler,src/app/employer/assessments/builder/page.tsx,635,No nearby API call detected; verify whether UI-only is intentional.
ACT-00450,user_action,/employer/assessments/builder,/employer/assessments/builder,src/app/employer/assessments/builder/page.tsx,onClick handler,,,,,,,,,,unknown,yes,unknown,unknown,false,false,unknown,,GREEN,LOW,src/app/employer/assessments/builder/page.tsx:648 — onClick handler,src/app/employer/assessments/builder/page.tsx,648,No nearby API call detected; verify whether UI-only is intentional.
ACT-00451,user_action,/employer/assessments/builder,/employer/assessments/builder,src/app/employer/assessments/builder/page.tsx,onChange handler,,,,,,,,,,unknown,yes,unknown,unknown,false,false,unknown,,GREEN,LOW,src/app/employer/assessments/builder/page.tsx:660 — onChange handler,src/app/employer/assessments/builder/page.tsx,660,No nearby API call detected; verify whether UI-only is intentional.
ACT-00452,user_action,/employer/assessments/builder,/employer/assessments/builder,src/app/employer/assessments/builder/page.tsx,onClick handler,,,,,,,,,,unknown,yes,unknown,unknown,false,false,unknown,,GREEN,LOW,src/app/employer/assessments/builder/page.tsx:669 — onClick handler,src/app/employer/assessments/builder/page.tsx,669,No nearby API call detected; verify whether UI-only is intentional.
ACT-00453,user_action,/employer/assessments/builder,/employer/assessments/builder,src/app/employer/assessments/builder/page.tsx,onClick handler,,,,,,,,,,unknown,yes,unknown,unknown,false,false,unknown,,GREEN,LOW,src/app/employer/assessments/builder/page.tsx:676 — onClick handler,src/app/employer/assessments/builder/page.tsx,676,No nearby API call detected; verify whether UI-only is intentional.
ACT-00454,user_action,/employer/assessments/builder,/employer/assessments/builder,src/app/employer/assessments/builder/page.tsx,onClick handler,,,,,,,,,,unknown,yes,unknown,unknown,false,false,unknown,,GREEN,LOW,src/app/employer/assessments/builder/page.tsx:711 — onClick handler,src/app/employer/assessments/builder/page.tsx,711,No nearby API call detected; verify whether UI-only is intentional.
ACT-00455,user_action,/employer/assessments/builder,/employer/assessments/builder,src/app/employer/assessments/builder/page.tsx,onClick handler,,,,,,,,,,unknown,yes,unknown,unknown,false,false,unknown,,GREEN,LOW,src/app/employer/assessments/builder/page.tsx:717 — onClick handler,src/app/employer/assessments/builder/page.tsx,717,No nearby API call detected; verify whether UI-only is intentional.
ACT-00456,user_action,/employer/assessments/builder,/employer/assessments/builder,src/app/employer/assessments/builder/page.tsx,onClick handler,,,,,,,,,,unknown,yes,unknown,unknown,false,false,unknown,,GREEN,LOW,src/app/employer/assessments/builder/page.tsx:753 — onClick handler,src/app/employer/assessments/builder/page.tsx,753,No nearby API call detected; verify whether UI-only is intentional.
CALL-00457,frontend_api_call,/employer/assessments/builder,/employer/assessments/builder,src/app/employer/assessments/builder/page.tsx,fetch GET /api/employer/assessments,/api/employer/assessments,GET,,,,,,,,unknown,yes,unknown,unknown,false,true,unknown,,GREEN,LOW,src/app/employer/assessments/builder/page.tsx:75 — frontend call GET /api/employer/assessments,src/app/employer/assessments/builder/page.tsx,75,Must reconcile against an API endpoint row.
CALL-00458,frontend_api_call,/employer/assessments/builder,/employer/assessments/builder,src/app/employer/assessments/builder/page.tsx,fetch GET /api/employer/jobs,/api/employer/jobs,GET,,,,,,,,unknown,yes,unknown,unknown,false,true,unknown,,GREEN,LOW,src/app/employer/assessments/builder/page.tsx:76 — frontend call GET /api/employer/jobs,src/app/employer/assessments/builder/page.tsx,76,Must reconcile against an API endpoint row.
CALL-00459,frontend_api_call,/employer/assessments/builder,/employer/assessments/builder,src/app/employer/assessments/builder/page.tsx,fetch GET /api/employer/assessments/${assessmentId}/questions,/api/employer/assessments/${assessmentId}/questions,GET,,,,,,,,unknown,yes,unknown,unknown,false,true,unknown,,GREEN,LOW,src/app/employer/assessments/builder/page.tsx:97 — frontend call GET /api/employer/assessments/${assessmentId}/questions,src/app/employer/assessments/builder/page.tsx,97,Must reconcile against an API endpoint row.
CALL-00460,frontend_api_call,/employer/assessments/builder,/employer/assessments/builder,src/app/employer/assessments/builder/page.tsx,fetch POST /api/employer/assessments,/api/employer/assessments,POST,,,,,,,,unknown,yes,unknown,unknown,false,true,unknown,,GREEN,LOW,src/app/employer/assessments/builder/page.tsx:119 — frontend call POST /api/employer/assessments,src/app/employer/assessments/builder/page.tsx,119,Must reconcile against an API endpoint row.
CALL-00461,frontend_api_call,/employer/assessments/builder,/employer/assessments/builder,src/app/employer/assessments/builder/page.tsx,fetch PUT /api/employer/assessments/${selectedAssessment.id},/api/employer/assessments/${selectedAssessment.id},PUT,,,,,,,,unknown,yes,unknown,unknown,false,true,unknown,,GREEN,LOW,src/app/employer/assessments/builder/page.tsx:142 — frontend call PUT /api/employer/assessments/${selectedAssessment.id},src/app/employer/assessments/builder/page.tsx,142,Must reconcile against an API endpoint row.
CALL-00462,frontend_api_call,/employer/assessments/builder,/employer/assessments/builder,src/app/employer/assessments/builder/page.tsx,fetch DELETE /api/employer/assessments/${selectedAssessment.id}/questions/${questionId},/api/employer/assessments/${selectedAssessment.id}/questions/${questionId},DELETE,,,,,,,,unknown,yes,unknown,unknown,false,true,unknown,,GREEN,LOW,src/app/employer/assessments/builder/page.tsx:265 — frontend call DELETE /api/employer/assessments/${selectedAssessment.id}/questions/${questionId},src/app/employer/assessments/builder/page.tsx,265,Must reconcile against an API endpoint row.
CALL-00463,frontend_api_call,/employer/assessments/builder,/employer/assessments/builder,src/app/employer/assessments/builder/page.tsx,fetch POST /api/employer/assessments/${selectedAssessment.id}/questions/reorder,/api/employer/assessments/${selectedAssessment.id}/questions/reorder,POST,,,,,,,,unknown,yes,unknown,unknown,false,true,unknown,,GREEN,LOW,src/app/employer/assessments/builder/page.tsx:330 — frontend call POST /api/employer/assessments/${selectedAssessment.id}/questions/reorder,src/app/employer/assessments/builder/page.tsx,330,Must reconcile against an API endpoint row.
SCR-00464,screen,/employer/assessments/recorded/configure,/employer/assessments/recorded/configure,src/app/employer/assessments/recorded/configure/page.tsx,Screen render,,,,,,,,,,yes,yes,unknown,unknown,false,true,none/unknown,,GREEN,LOW,src/app/employer/assessments/recorded/configure/page.tsx:1 — screen route /employer/assessments/recorded/configure,src/app/employer/assessments/recorded/configure/page.tsx,1,Interactive handlers detected; action-level rows follow.
ACT-00465,user_action,/employer/assessments/recorded/configure,/employer/assessments/recorded/configure,src/app/employer/assessments/recorded/configure/page.tsx,onChange handler,,,,,,,,,,unknown,yes,unknown,unknown,false,false,unknown,,GREEN,LOW,src/app/employer/assessments/recorded/configure/page.tsx:17 — onChange handler,src/app/employer/assessments/recorded/configure/page.tsx,17,No nearby API call detected; verify whether UI-only is intentional.
ACT-00466,user_action,/employer/assessments/recorded/configure,/employer/assessments/recorded/configure,src/app/employer/assessments/recorded/configure/page.tsx,onChange handler,,,,,,,,,,unknown,yes,unknown,unknown,false,false,unknown,,GREEN,LOW,src/app/employer/assessments/recorded/configure/page.tsx:18 — onChange handler,src/app/employer/assessments/recorded/configure/page.tsx,18,No nearby API call detected; verify whether UI-only is intentional.
ACT-00467,user_action,/employer/assessments/recorded/configure,/employer/assessments/recorded/configure,src/app/employer/assessments/recorded/configure/page.tsx,onChange handler,,,,,,,,,,unknown,yes,unknown,unknown,false,false,unknown,,GREEN,LOW,src/app/employer/assessments/recorded/configure/page.tsx:18 — onChange handler,src/app/employer/assessments/recorded/configure/page.tsx,18,No nearby API call detected; verify whether UI-only is intentional.
ACT-00468,user_action,/employer/assessments/recorded/configure,/employer/assessments/recorded/configure,src/app/employer/assessments/recorded/configure/page.tsx,onChange handler,,,,,,,,,,unknown,yes,unknown,unknown,false,false,unknown,,GREEN,LOW,src/app/employer/assessments/recorded/configure/page.tsx:19 — onChange handler,src/app/employer/assessments/recorded/configure/page.tsx,19,No nearby API call detected; verify whether UI-only is intentional.
ACT-00469,user_action,/employer/assessments/recorded/configure,/employer/assessments/recorded/configure,src/app/employer/assessments/recorded/configure/page.tsx,onChange handler,,,,,,,,,,unknown,yes,unknown,unknown,false,false,unknown,,GREEN,LOW,src/app/employer/assessments/recorded/configure/page.tsx:21 — onChange handler,src/app/employer/assessments/recorded/configure/page.tsx,21,No nearby API call detected; verify whether UI-only is intentional.
ACT-00470,user_action,/employer/assessments/recorded/configure,/employer/assessments/recorded/configure,src/app/employer/assessments/recorded/configure/page.tsx,onChange handler,,,,,,,,,,unknown,yes,unknown,unknown,false,false,unknown,,GREEN,LOW,src/app/employer/assessments/recorded/configure/page.tsx:21 — onChange handler,src/app/employer/assessments/recorded/configure/page.tsx,21,No nearby API call detected; verify whether UI-only is intentional.
ACT-00471,user_action,/employer/assessments/recorded/configure,/employer/assessments/recorded/configure,src/app/employer/assessments/recorded/configure/page.tsx,onClick handler,,,,,,,,,,unknown,yes,unknown,unknown,false,false,unknown,,GREEN,LOW,src/app/employer/assessments/recorded/configure/page.tsx:23 — onClick handler,src/app/employer/assessments/recorded/configure/page.tsx,23,No nearby API call detected; verify whether UI-only is intentional.
CALL-00472,frontend_api_call,/employer/assessments/recorded/configure,/employer/assessments/recorded/configure,src/app/employer/assessments/recorded/configure/page.tsx,fetch GET /api/employer/jobs/${jobId}/recorded-assessment,/api/employer/jobs/${jobId}/recorded-assessment,GET,,,,,,,,unknown,yes,unknown,unknown,false,true,unknown,,GREEN,LOW,src/app/employer/assessments/recorded/configure/page.tsx:12 — frontend call GET /api/employer/jobs/${jobId}/recorded-assessment,src/app/employer/assessments/recorded/configure/page.tsx,12,Must reconcile against an API endpoint row.
CALL-00473,frontend_api_call,/employer/assessments/recorded/configure,/employer/assessments/recorded/configure,src/app/employer/assessments/recorded/configure/page.tsx,fetch GET /api/admin/recorded-assessment/questions?roleTitle=${encodeURIComponent(job.title)},/api/admin/recorded-assessment/questions?roleTitle=${encodeURIComponent(job.title)},GET,,,,,,,,unknown,yes,unknown,unknown,false,true,unknown,,GREEN,LOW,src/app/employer/assessments/recorded/configure/page.tsx:13 — frontend call GET /api/admin/recorded-assessment/questions?roleTitle=${encodeURIComponent(job.title)},src/app/employer/assessments/recorded/configure/page.tsx,13,Must reconcile against an API endpoint row.
CALL-00474,frontend_api_call,/employer/assessments/recorded/configure,/employer/assessments/recorded/configure,src/app/employer/assessments/recorded/configure/page.tsx,fetch PUT /api/employer/jobs/${jobId}/recorded-assessment,/api/employer/jobs/${jobId}/recorded-assessment,PUT,,,,,,,,unknown,yes,unknown,unknown,false,true,unknown,,GREEN,LOW,src/app/employer/assessments/recorded/configure/page.tsx:15 — frontend call PUT /api/employer/jobs/${jobId}/recorded-assessment,src/app/employer/assessments/recorded/configure/page.tsx,15,Must reconcile against an API endpoint row.
SCR-00475,screen,/employer/assessments/recorded,/employer/assessments/recorded,src/app/employer/assessments/recorded/page.tsx,Screen render,,,,,,,,,,yes,yes,unknown,unknown,false,true,none/unknown,,GREEN,LOW,src/app/employer/assessments/recorded/page.tsx:1 — screen route /employer/assessments/recorded,src/app/employer/assessments/recorded/page.tsx,1,Interactive handlers detected; action-level rows follow.
CALL-00476,frontend_api_call,/employer/assessments/recorded,/employer/assessments/recorded,src/app/employer/assessments/recorded/page.tsx,fetch GET /api/employer/jobs/${jobId}/recorded-assessment/attempts,/api/employer/jobs/${jobId}/recorded-assessment/attempts,GET,,,,,,,,unknown,yes,unknown,unknown,false,true,unknown,,GREEN,LOW,src/app/employer/assessments/recorded/page.tsx:25 — frontend call GET /api/employer/jobs/${jobId}/recorded-assessment/attempts,src/app/employer/assessments/recorded/page.tsx,25,Must reconcile against an API endpoint row.
SCR-00477,screen,/employer/candidate-comparison,/employer/candidate-comparison,src/app/employer/candidate-comparison/page.tsx,Screen render,,,,,,,Google Gemini | Stripe | External asset host,,Google Gemini | Stripe | External asset host,yes,yes,unknown,unknown,false,false,none/unknown,,GREEN,LOW,src/app/employer/candidate-comparison/page.tsx:1 — screen route /employer/candidate-comparison,src/app/employer/candidate-comparison/page.tsx,1,No interactive handler detected by static scan.
SCR-00478,screen,/employer/candidate-user-management,/employer/candidate-user-management,src/app/employer/candidate-user-management/page.tsx,Screen render,,,,,,,,,,yes,yes,unknown,unknown,false,false,none/unknown,,GREEN,LOW,src/app/employer/candidate-user-management/page.tsx:1 — screen route /employer/candidate-user-management,src/app/employer/candidate-user-management/page.tsx,1,Interactive handlers detected; action-level rows follow.
ACT-00479,user_action,/employer/candidate-user-management,/employer/candidate-user-management,src/app/employer/candidate-user-management/page.tsx,onClick handler,,,,,,,,,,unknown,yes,unknown,unknown,false,false,unknown,,GREEN,LOW,src/app/employer/candidate-user-management/page.tsx:148 — onClick handler,src/app/employer/candidate-user-management/page.tsx,148,No nearby API call detected; verify whether UI-only is intentional.
ACT-00480,user_action,/employer/candidate-user-management,/employer/candidate-user-management,src/app/employer/candidate-user-management/page.tsx,onChange handler,,,,,,,,,,unknown,yes,unknown,unknown,false,false,unknown,,GREEN,LOW,src/app/employer/candidate-user-management/page.tsx:166 — onChange handler,src/app/employer/candidate-user-management/page.tsx,166,No nearby API call detected; verify whether UI-only is intentional.
ACT-00481,user_action,/employer/candidate-user-management,/employer/candidate-user-management,src/app/employer/candidate-user-management/page.tsx,onClick handler,,,,,,,,,,unknown,yes,unknown,unknown,false,false,unknown,,GREEN,LOW,src/app/employer/candidate-user-management/page.tsx:173 — onClick handler,src/app/employer/candidate-user-management/page.tsx,173,No nearby API call detected; verify whether UI-only is intentional.
ACT-00482,user_action,/employer/candidate-user-management,/employer/candidate-user-management,src/app/employer/candidate-user-management/page.tsx,onClick handler,,,,,,,,,,unknown,yes,unknown,unknown,false,false,unknown,,GREEN,LOW,src/app/employer/candidate-user-management/page.tsx:181 — onClick handler,src/app/employer/candidate-user-management/page.tsx,181,No nearby API call detected; verify whether UI-only is intentional.
ACT-00483,user_action,/employer/candidate-user-management,/employer/candidate-user-management,src/app/employer/candidate-user-management/page.tsx,onClick handler,,,,,,,,,,unknown,yes,unknown,unknown,false,false,unknown,,GREEN,LOW,src/app/employer/candidate-user-management/page.tsx:287 — onClick handler,src/app/employer/candidate-user-management/page.tsx,287,No nearby API call detected; verify whether UI-only is intentional.
ACT-00484,user_action,/employer/candidate-user-management,/employer/candidate-user-management,src/app/employer/candidate-user-management/page.tsx,onClick handler,,,,,,,,,,unknown,yes,unknown,unknown,false,false,unknown,,GREEN,LOW,src/app/employer/candidate-user-management/page.tsx:299 — onClick handler,src/app/employer/candidate-user-management/page.tsx,299,No nearby API call detected; verify whether UI-only is intentional.
ACT-00485,user_action,/employer/candidate-user-management,/employer/candidate-user-management,src/app/employer/candidate-user-management/page.tsx,onClick handler,,,,,,,,,,unknown,yes,unknown,unknown,false,false,unknown,,GREEN,LOW,src/app/employer/candidate-user-management/page.tsx:312 — onClick handler,src/app/employer/candidate-user-management/page.tsx,312,No nearby API call detected; verify whether UI-only is intentional.
ACT-00486,user_action,/employer/candidate-user-management,/employer/candidate-user-management,src/app/employer/candidate-user-management/page.tsx,onClick handler,,,,,,,,,,unknown,yes,unknown,unknown,false,false,unknown,,GREEN,LOW,src/app/employer/candidate-user-management/page.tsx:332 — onClick handler,src/app/employer/candidate-user-management/page.tsx,332,No nearby API call detected; verify whether UI-only is intentional.
ACT-00487,user_action,/employer/candidate-user-management,/employer/candidate-user-management,src/app/employer/candidate-user-management/page.tsx,onClick handler,,,,,,,,,,unknown,yes,unknown,unknown,false,false,unknown,,GREEN,LOW,src/app/employer/candidate-user-management/page.tsx:372 — onClick handler,src/app/employer/candidate-user-management/page.tsx,372,No nearby API call detected; verify whether UI-only is intentional.
ACT-00488,user_action,/employer/candidate-user-management,/employer/candidate-user-management,src/app/employer/candidate-user-management/page.tsx,onClick handler,,,,,,,,,,unknown,yes,unknown,unknown,false,false,unknown,,GREEN,LOW,src/app/employer/candidate-user-management/page.tsx:378 — onClick handler,src/app/employer/candidate-user-management/page.tsx,378,No nearby API call detected; verify whether UI-only is intentional.
ACT-00489,user_action,/employer/candidate-user-management,/employer/candidate-user-management,src/app/employer/candidate-user-management/page.tsx,onClick handler,,,,,,,,,,unknown,yes,unknown,unknown,false,false,unknown,,GREEN,LOW,src/app/employer/candidate-user-management/page.tsx:392 — onClick handler,src/app/employer/candidate-user-management/page.tsx,392,No nearby API call detected; verify whether UI-only is intentional.
ACT-00490,user_action,/employer/candidate-user-management,/employer/candidate-user-management,src/app/employer/candidate-user-management/page.tsx,onSubmit handler,,,,,,,,,,unknown,yes,unknown,unknown,false,false,unknown,,GREEN,LOW,src/app/employer/candidate-user-management/page.tsx:407 — onSubmit handler,src/app/employer/candidate-user-management/page.tsx,407,No nearby API call detected; verify whether UI-only is intentional.
ACT-00491,user_action,/employer/candidate-user-management,/employer/candidate-user-management,src/app/employer/candidate-user-management/page.tsx,onChange handler,,,,,,,,,,unknown,yes,unknown,unknown,false,false,unknown,,GREEN,LOW,src/app/employer/candidate-user-management/page.tsx:414 — onChange handler,src/app/employer/candidate-user-management/page.tsx,414,No nearby API call detected; verify whether UI-only is intentional.
ACT-00492,user_action,/employer/candidate-user-management,/employer/candidate-user-management,src/app/employer/candidate-user-management/page.tsx,onChange handler,,,,,,,,,,unknown,yes,unknown,unknown,false,false,unknown,,GREEN,LOW,src/app/employer/candidate-user-management/page.tsx:425 — onChange handler,src/app/employer/candidate-user-management/page.tsx,425,No nearby API call detected; verify whether UI-only is intentional.
ACT-00493,user_action,/employer/candidate-user-management,/employer/candidate-user-management,src/app/employer/candidate-user-management/page.tsx,onChange handler,,,,,,,,,,unknown,yes,unknown,unknown,false,false,unknown,,GREEN,LOW,src/app/employer/candidate-user-management/page.tsx:436 — onChange handler,src/app/employer/candidate-user-management/page.tsx,436,No nearby API call detected; verify whether UI-only is intentional.
ACT-00494,user_action,/employer/candidate-user-management,/employer/candidate-user-management,src/app/employer/candidate-user-management/page.tsx,onClick handler,,,,,,,,,,unknown,yes,unknown,unknown,false,false,unknown,,GREEN,LOW,src/app/employer/candidate-user-management/page.tsx:444 — onClick handler,src/app/employer/candidate-user-management/page.tsx,444,No nearby API call detected; verify whether UI-only is intentional.
SCR-00495,screen,/employer/career-command-center,/employer/career-command-center,src/app/employer/career-command-center/page.tsx,Screen render,,,,,,,Google Gemini | External asset host,,Google Gemini | External asset host,yes,yes,unknown,unknown,false,false,none/unknown,,GREEN,LOW,src/app/employer/career-command-center/page.tsx:1 — screen route /employer/career-command-center,src/app/employer/career-command-center/page.tsx,1,No interactive handler detected by static scan.
SCR-00496,screen,/employer/company-profile-editor,/employer/company-profile-editor,src/app/employer/company-profile-editor/page.tsx,Screen render,,,,,,,,,,yes,yes,unknown,unknown,false,true,none/unknown,,GREEN,LOW,src/app/employer/company-profile-editor/page.tsx:1 — screen route /employer/company-profile-editor,src/app/employer/company-profile-editor/page.tsx,1,Interactive handlers detected; action-level rows follow.
ACT-00497,user_action,/employer/company-profile-editor,/employer/company-profile-editor,src/app/employer/company-profile-editor/page.tsx,onClick handler,,,,,,,,,,unknown,yes,unknown,unknown,false,false,unknown,,GREEN,LOW,src/app/employer/company-profile-editor/page.tsx:89 — onClick handler,src/app/employer/company-profile-editor/page.tsx,89,No nearby API call detected; verify whether UI-only is intentional.
ACT-00498,user_action,/employer/company-profile-editor,/employer/company-profile-editor,src/app/employer/company-profile-editor/page.tsx,onChange handler,,,,,,,,,,unknown,yes,unknown,unknown,false,false,unknown,,GREEN,LOW,src/app/employer/company-profile-editor/page.tsx:114 — onChange handler,src/app/employer/company-profile-editor/page.tsx,114,No nearby API call detected; verify whether UI-only is intentional.
ACT-00499,user_action,/employer/company-profile-editor,/employer/company-profile-editor,src/app/employer/company-profile-editor/page.tsx,onChange handler,,,,,,,,,,unknown,yes,unknown,unknown,false,false,unknown,,GREEN,LOW,src/app/employer/company-profile-editor/page.tsx:126 — onChange handler,src/app/employer/company-profile-editor/page.tsx,126,No nearby API call detected; verify whether UI-only is intentional.
ACT-00500,user_action,/employer/company-profile-editor,/employer/company-profile-editor,src/app/employer/company-profile-editor/page.tsx,onChange handler,,,,,,,,,,unknown,yes,unknown,unknown,false,false,unknown,,GREEN,LOW,src/app/employer/company-profile-editor/page.tsx:144 — onChange handler,src/app/employer/company-profile-editor/page.tsx,144,No nearby API call detected; verify whether UI-only is intentional.
ACT-00501,user_action,/employer/company-profile-editor,/employer/company-profile-editor,src/app/employer/company-profile-editor/page.tsx,onChange handler,,,,,,,,,,unknown,yes,unknown,unknown,false,false,unknown,,GREEN,LOW,src/app/employer/company-profile-editor/page.tsx:158 — onChange handler,src/app/employer/company-profile-editor/page.tsx,158,No nearby API call detected; verify whether UI-only is intentional.
ACT-00502,user_action,/employer/company-profile-editor,/employer/company-profile-editor,src/app/employer/company-profile-editor/page.tsx,onChange handler,,,,,,,,,,unknown,yes,unknown,unknown,false,false,unknown,,GREEN,LOW,src/app/employer/company-profile-editor/page.tsx:171 — onChange handler,src/app/employer/company-profile-editor/page.tsx,171,No nearby API call detected; verify whether UI-only is intentional.
ACT-00503,user_action,/employer/company-profile-editor,/employer/company-profile-editor,src/app/employer/company-profile-editor/page.tsx,onChange handler,,,,,,,,,,unknown,yes,unknown,unknown,false,false,unknown,,GREEN,LOW,src/app/employer/company-profile-editor/page.tsx:193 — onChange handler,src/app/employer/company-profile-editor/page.tsx,193,No nearby API call detected; verify whether UI-only is intentional.
ACT-00504,user_action,/employer/company-profile-editor,/employer/company-profile-editor,src/app/employer/company-profile-editor/page.tsx,onChange handler,,,,,,,,,,unknown,yes,unknown,unknown,false,false,unknown,,GREEN,LOW,src/app/employer/company-profile-editor/page.tsx:211 — onChange handler,src/app/employer/company-profile-editor/page.tsx,211,No nearby API call detected; verify whether UI-only is intentional.
ACT-00505,user_action,/employer/company-profile-editor,/employer/company-profile-editor,src/app/employer/company-profile-editor/page.tsx,onChange handler,,,,,,,,,,unknown,yes,unknown,unknown,false,false,unknown,,GREEN,LOW,src/app/employer/company-profile-editor/page.tsx:221 — onChange handler,src/app/employer/company-profile-editor/page.tsx,221,No nearby API call detected; verify whether UI-only is intentional.
ACT-00506,user_action,/employer/company-profile-editor,/employer/company-profile-editor,src/app/employer/company-profile-editor/page.tsx,onChange handler,,,,,,,,,,unknown,yes,unknown,unknown,false,false,unknown,,GREEN,LOW,src/app/employer/company-profile-editor/page.tsx:231 — onChange handler,src/app/employer/company-profile-editor/page.tsx,231,No nearby API call detected; verify whether UI-only is intentional.
CALL-00507,frontend_api_call,/employer/company-profile-editor,/employer/company-profile-editor,src/app/employer/company-profile-editor/page.tsx,fetch GET /api/employer/company,/api/employer/company,GET,,,,,,,,unknown,yes,unknown,unknown,false,true,unknown,,GREEN,LOW,src/app/employer/company-profile-editor/page.tsx:22 — frontend call GET /api/employer/company,src/app/employer/company-profile-editor/page.tsx,22,Must reconcile against an API endpoint row.
CALL-00508,frontend_api_call,/employer/company-profile-editor,/employer/company-profile-editor,src/app/employer/company-profile-editor/page.tsx,fetch PUT /api/employer/company,/api/employer/company,PUT,,,,,,,,unknown,yes,unknown,unknown,false,true,unknown,,GREEN,LOW,src/app/employer/company-profile-editor/page.tsx:40 — frontend call PUT /api/employer/company,src/app/employer/company-profile-editor/page.tsx,40,Must reconcile against an API endpoint row.
SCR-00509,screen,/employer/company-reviews-management,/employer/company-reviews-management,src/app/employer/company-reviews-management/page.tsx,Screen render,,,,,,,,,,yes,yes,unknown,unknown,false,false,none/unknown,,GREEN,LOW,src/app/employer/company-reviews-management/page.tsx:1 — screen route /employer/company-reviews-management,src/app/employer/company-reviews-management/page.tsx,1,No interactive handler detected by static scan.
SCR-00510,screen,/employer/create-job-ai-jd-writing,/employer/create-job-ai-jd-writing,src/app/employer/create-job-ai-jd-writing/page.tsx,Screen render,,,,,,,,,,yes,yes,unknown,unknown,false,false,none/unknown,,GREEN,LOW,src/app/employer/create-job-ai-jd-writing/page.tsx:1 — screen route /employer/create-job-ai-jd-writing,src/app/employer/create-job-ai-jd-writing/page.tsx,1,Interactive handlers detected; action-level rows follow.
ACT-00511,user_action,/employer/create-job-ai-jd-writing,/employer/create-job-ai-jd-writing,src/app/employer/create-job-ai-jd-writing/page.tsx,undefined handler,,,,,,,,,,unknown,yes,unknown,unknown,false,false,unknown,,GREEN,LOW,src/app/employer/create-job-ai-jd-writing/page.tsx:12 — undefined handler,src/app/employer/create-job-ai-jd-writing/page.tsx,12,No nearby API call detected; verify whether UI-only is intentional.
ACT-00512,user_action,/employer/create-job-ai-jd-writing,/employer/create-job-ai-jd-writing,src/app/employer/create-job-ai-jd-writing/page.tsx,onClick handler,,,,,,,,,,unknown,yes,unknown,unknown,false,false,unknown,,GREEN,LOW,src/app/employer/create-job-ai-jd-writing/page.tsx:36 — onClick handler,src/app/employer/create-job-ai-jd-writing/page.tsx,36,No nearby API call detected; verify whether UI-only is intentional.
ACT-00513,user_action,/employer/create-job-ai-jd-writing,/employer/create-job-ai-jd-writing,src/app/employer/create-job-ai-jd-writing/page.tsx,undefined handler,,,,,,,,,,unknown,yes,unknown,unknown,false,false,unknown,,GREEN,LOW,src/app/employer/create-job-ai-jd-writing/page.tsx:36 — undefined handler,src/app/employer/create-job-ai-jd-writing/page.tsx,36,No nearby API call detected; verify whether UI-only is intentional.
ACT-00514,user_action,/employer/create-job-ai-jd-writing,/employer/create-job-ai-jd-writing,src/app/employer/create-job-ai-jd-writing/page.tsx,onChange handler,,,,,,,,,,unknown,yes,unknown,unknown,false,false,unknown,,GREEN,LOW,src/app/employer/create-job-ai-jd-writing/page.tsx:58 — onChange handler,src/app/employer/create-job-ai-jd-writing/page.tsx,58,No nearby API call detected; verify whether UI-only is intentional.
ACT-00515,user_action,/employer/create-job-ai-jd-writing,/employer/create-job-ai-jd-writing,src/app/employer/create-job-ai-jd-writing/page.tsx,onClick handler,,,,,,,,,,unknown,yes,unknown,unknown,false,false,unknown,,GREEN,LOW,src/app/employer/create-job-ai-jd-writing/page.tsx:67 — onClick handler,src/app/employer/create-job-ai-jd-writing/page.tsx,67,No nearby API call detected; verify whether UI-only is intentional.
ACT-00516,user_action,/employer/create-job-ai-jd-writing,/employer/create-job-ai-jd-writing,src/app/employer/create-job-ai-jd-writing/page.tsx,onChange handler,,,,,,,,,,unknown,yes,unknown,unknown,false,false,unknown,,GREEN,LOW,src/app/employer/create-job-ai-jd-writing/page.tsx:82 — onChange handler,src/app/employer/create-job-ai-jd-writing/page.tsx,82,No nearby API call detected; verify whether UI-only is intentional.
ACT-00517,user_action,/employer/create-job-ai-jd-writing,/employer/create-job-ai-jd-writing,src/app/employer/create-job-ai-jd-writing/page.tsx,onChange handler,,,,,,,,,,unknown,yes,unknown,unknown,false,false,unknown,,GREEN,LOW,src/app/employer/create-job-ai-jd-writing/page.tsx:92 — onChange handler,src/app/employer/create-job-ai-jd-writing/page.tsx,92,No nearby API call detected; verify whether UI-only is intentional.
ACT-00518,user_action,/employer/create-job-ai-jd-writing,/employer/create-job-ai-jd-writing,src/app/employer/create-job-ai-jd-writing/page.tsx,onChange handler,,,,,,,,,,unknown,yes,unknown,unknown,false,false,unknown,,GREEN,LOW,src/app/employer/create-job-ai-jd-writing/page.tsx:101 — onChange handler,src/app/employer/create-job-ai-jd-writing/page.tsx,101,No nearby API call detected; verify whether UI-only is intentional.
ACT-00519,user_action,/employer/create-job-ai-jd-writing,/employer/create-job-ai-jd-writing,src/app/employer/create-job-ai-jd-writing/page.tsx,onClick handler,,,,,,,,,,unknown,yes,unknown,unknown,false,false,unknown,,GREEN,LOW,src/app/employer/create-job-ai-jd-writing/page.tsx:192 — onClick handler,src/app/employer/create-job-ai-jd-writing/page.tsx,192,No nearby API call detected; verify whether UI-only is intentional.
SCR-00520,screen,/employer/create-job-ai-screening,/employer/create-job-ai-screening,src/app/employer/create-job-ai-screening/page.tsx,Screen render,,,,,,,,,,yes,yes,unknown,unknown,false,false,none/unknown,,GREEN,LOW,src/app/employer/create-job-ai-screening/page.tsx:1 — screen route /employer/create-job-ai-screening,src/app/employer/create-job-ai-screening/page.tsx,1,No interactive handler detected by static scan.
SCR-00521,screen,/employer/create-job-basic-info,/employer/create-job-basic-info,src/app/employer/create-job-basic-info/page.tsx,Screen render,,,,@/lib/skill-master | @/lib/location-master,,,,,,yes,yes,unknown,unknown,false,true,none/unknown,,GREEN,LOW,src/app/employer/create-job-basic-info/page.tsx:1 — screen route /employer/create-job-basic-info,src/app/employer/create-job-basic-info/page.tsx,1,Interactive handlers detected; action-level rows follow.
ACT-00522,user_action,/employer/create-job-basic-info,/employer/create-job-basic-info,src/app/employer/create-job-basic-info/page.tsx,onChange handler,,,,,,,,,,unknown,yes,unknown,unknown,false,false,unknown,,GREEN,LOW,src/app/employer/create-job-basic-info/page.tsx:272 — onChange handler,src/app/employer/create-job-basic-info/page.tsx,272,No nearby API call detected; verify whether UI-only is intentional.
ACT-00523,user_action,/employer/create-job-basic-info,/employer/create-job-basic-info,src/app/employer/create-job-basic-info/page.tsx,onClick handler,/api/employer/subscribe,see endpoint row,,,,,,,,unknown,yes,unknown,unknown,false,true,unknown,,GREEN,LOW,src/app/employer/create-job-basic-info/page.tsx:289 — onClick handler,src/app/employer/create-job-basic-info/page.tsx,289,Static nearby fetch association; verify exact handler path.
ACT-00524,user_action,/employer/create-job-basic-info,/employer/create-job-basic-info,src/app/employer/create-job-basic-info/page.tsx,undefined handler,,,,,,,,,,unknown,yes,unknown,unknown,false,true,unknown,,GREEN,LOW,src/app/employer/create-job-basic-info/page.tsx:370 — undefined handler,src/app/employer/create-job-basic-info/page.tsx,370,No nearby API call detected; verify whether UI-only is intentional.
ACT-00525,user_action,/employer/create-job-basic-info,/employer/create-job-basic-info,src/app/employer/create-job-basic-info/page.tsx,onClick handler,,,,,,,,,,unknown,yes,unknown,unknown,false,false,unknown,,GREEN,LOW,src/app/employer/create-job-basic-info/page.tsx:416 — onClick handler,src/app/employer/create-job-basic-info/page.tsx,416,No nearby API call detected; verify whether UI-only is intentional.
ACT-00526,user_action,/employer/create-job-basic-info,/employer/create-job-basic-info,src/app/employer/create-job-basic-info/page.tsx,undefined handler,,,,,,,,,,unknown,yes,unknown,unknown,false,false,unknown,,GREEN,LOW,src/app/employer/create-job-basic-info/page.tsx:416 — undefined handler,src/app/employer/create-job-basic-info/page.tsx,416,No nearby API call detected; verify whether UI-only is intentional.
ACT-00527,user_action,/employer/create-job-basic-info,/employer/create-job-basic-info,src/app/employer/create-job-basic-info/page.tsx,onChange handler,,,,,,,,,,unknown,yes,unknown,unknown,false,false,unknown,,GREEN,LOW,src/app/employer/create-job-basic-info/page.tsx:471 — onChange handler,src/app/employer/create-job-basic-info/page.tsx,471,No nearby API call detected; verify whether UI-only is intentional.
ACT-00528,user_action,/employer/create-job-basic-info,/employer/create-job-basic-info,src/app/employer/create-job-basic-info/page.tsx,onChange handler,,,,,,,,,,unknown,yes,unknown,unknown,false,false,unknown,,GREEN,LOW,src/app/employer/create-job-basic-info/page.tsx:500 — onChange handler,src/app/employer/create-job-basic-info/page.tsx,500,No nearby API call detected; verify whether UI-only is intentional.
ACT-00529,user_action,/employer/create-job-basic-info,/employer/create-job-basic-info,src/app/employer/create-job-basic-info/page.tsx,onClick handler,,,,,,,,,,unknown,yes,unknown,unknown,false,false,unknown,,GREEN,LOW,src/app/employer/create-job-basic-info/page.tsx:532 — onClick handler,src/app/employer/create-job-basic-info/page.tsx,532,No nearby API call detected; verify whether UI-only is intentional.
ACT-00530,user_action,/employer/create-job-basic-info,/employer/create-job-basic-info,src/app/employer/create-job-basic-info/page.tsx,onClick handler,,,,,,,,,,unknown,yes,unknown,unknown,false,false,unknown,,GREEN,LOW,src/app/employer/create-job-basic-info/page.tsx:553 — onClick handler,src/app/employer/create-job-basic-info/page.tsx,553,No nearby API call detected; verify whether UI-only is intentional.
ACT-00531,user_action,/employer/create-job-basic-info,/employer/create-job-basic-info,src/app/employer/create-job-basic-info/page.tsx,onChange handler,,,,,,,,,,unknown,yes,unknown,unknown,false,true,unknown,,GREEN,LOW,src/app/employer/create-job-basic-info/page.tsx:573 — onChange handler,src/app/employer/create-job-basic-info/page.tsx,573,No nearby API call detected; verify whether UI-only is intentional.
ACT-00532,user_action,/employer/create-job-basic-info,/employer/create-job-basic-info,src/app/employer/create-job-basic-info/page.tsx,onChange handler,,,,,,,,,,unknown,yes,unknown,unknown,false,true,unknown,,GREEN,LOW,src/app/employer/create-job-basic-info/page.tsx:605 — onChange handler,src/app/employer/create-job-basic-info/page.tsx,605,No nearby API call detected; verify whether UI-only is intentional.
ACT-00533,user_action,/employer/create-job-basic-info,/employer/create-job-basic-info,src/app/employer/create-job-basic-info/page.tsx,onChange handler,,,,,,,,,,unknown,yes,unknown,unknown,false,true,unknown,,GREEN,LOW,src/app/employer/create-job-basic-info/page.tsx:618 — onChange handler,src/app/employer/create-job-basic-info/page.tsx,618,No nearby API call detected; verify whether UI-only is intentional.
ACT-00534,user_action,/employer/create-job-basic-info,/employer/create-job-basic-info,src/app/employer/create-job-basic-info/page.tsx,onChange handler,,,,,,,,,,unknown,yes,unknown,unknown,false,false,unknown,,GREEN,LOW,src/app/employer/create-job-basic-info/page.tsx:638 — onChange handler,src/app/employer/create-job-basic-info/page.tsx,638,No nearby API call detected; verify whether UI-only is intentional.
ACT-00535,user_action,/employer/create-job-basic-info,/employer/create-job-basic-info,src/app/employer/create-job-basic-info/page.tsx,onChange handler,,,,,,,,,,unknown,yes,unknown,unknown,false,true,unknown,,GREEN,LOW,src/app/employer/create-job-basic-info/page.tsx:662 — onChange handler,src/app/employer/create-job-basic-info/page.tsx,662,No nearby API call detected; verify whether UI-only is intentional.
ACT-00536,user_action,/employer/create-job-basic-info,/employer/create-job-basic-info,src/app/employer/create-job-basic-info/page.tsx,onClick handler,,,,,,,,,,unknown,yes,unknown,unknown,false,false,unknown,,GREEN,LOW,src/app/employer/create-job-basic-info/page.tsx:679 — onClick handler,src/app/employer/create-job-basic-info/page.tsx,679,No nearby API call detected; verify whether UI-only is intentional.
ACT-00537,user_action,/employer/create-job-basic-info,/employer/create-job-basic-info,src/app/employer/create-job-basic-info/page.tsx,undefined handler,,,,,,,,,,unknown,yes,unknown,unknown,false,false,unknown,,GREEN,LOW,src/app/employer/create-job-basic-info/page.tsx:679 — undefined handler,src/app/employer/create-job-basic-info/page.tsx,679,No nearby API call detected; verify whether UI-only is intentional.
ACT-00538,user_action,/employer/create-job-basic-info,/employer/create-job-basic-info,src/app/employer/create-job-basic-info/page.tsx,onClick handler,,,,,,,,,,unknown,yes,unknown,unknown,false,false,unknown,,GREEN,LOW,src/app/employer/create-job-basic-info/page.tsx:688 — onClick handler,src/app/employer/create-job-basic-info/page.tsx,688,No nearby API call detected; verify whether UI-only is intentional.
ACT-00539,user_action,/employer/create-job-basic-info,/employer/create-job-basic-info,src/app/employer/create-job-basic-info/page.tsx,undefined handler,,,,,,,,,,unknown,yes,unknown,unknown,false,false,unknown,,GREEN,LOW,src/app/employer/create-job-basic-info/page.tsx:688 — undefined handler,src/app/employer/create-job-basic-info/page.tsx,688,No nearby API call detected; verify whether UI-only is intentional.
ACT-00540,user_action,/employer/create-job-basic-info,/employer/create-job-basic-info,src/app/employer/create-job-basic-info/page.tsx,onClick handler,,,,,,,,,,unknown,yes,unknown,unknown,false,false,unknown,,GREEN,LOW,src/app/employer/create-job-basic-info/page.tsx:695 — onClick handler,src/app/employer/create-job-basic-info/page.tsx,695,No nearby API call detected; verify whether UI-only is intentional.
CALL-00541,frontend_api_call,/employer/create-job-basic-info,/employer/create-job-basic-info,src/app/employer/create-job-basic-info/page.tsx,fetch GET /api/employer/subscribe,/api/employer/subscribe,GET,,@/lib/skill-master | @/lib/location-master,,,,,,unknown,yes,unknown,unknown,false,true,unknown,,GREEN,LOW,src/app/employer/create-job-basic-info/page.tsx:313 — frontend call GET /api/employer/subscribe,src/app/employer/create-job-basic-info/page.tsx,313,Must reconcile against an API endpoint row.
SCR-00542,screen,/employer/create-job-matching-config,/employer/create-job-matching-config,src/app/employer/create-job-matching-config/page.tsx,Screen render,,,,,,,Google Gemini | External asset host,,Google Gemini | External asset host,yes,yes,unknown,unknown,false,true,none/unknown,,GREEN,LOW,src/app/employer/create-job-matching-config/page.tsx:1 — screen route /employer/create-job-matching-config,src/app/employer/create-job-matching-config/page.tsx,1,Interactive handlers detected; action-level rows follow.
ACT-00543,user_action,/employer/create-job-matching-config,/employer/create-job-matching-config,src/app/employer/create-job-matching-config/page.tsx,undefined handler,,,,,,,,,,unknown,yes,unknown,unknown,false,true,unknown,,GREEN,LOW,src/app/employer/create-job-matching-config/page.tsx:43 — undefined handler,src/app/employer/create-job-matching-config/page.tsx,43,No nearby API call detected; verify whether UI-only is intentional.
ACT-00544,user_action,/employer/create-job-matching-config,/employer/create-job-matching-config,src/app/employer/create-job-matching-config/page.tsx,onChange handler,,,,,,,,,,unknown,yes,unknown,unknown,false,false,unknown,,GREEN,LOW,src/app/employer/create-job-matching-config/page.tsx:84 — onChange handler,src/app/employer/create-job-matching-config/page.tsx,84,No nearby API call detected; verify whether UI-only is intentional.
ACT-00545,user_action,/employer/create-job-matching-config,/employer/create-job-matching-config,src/app/employer/create-job-matching-config/page.tsx,onChange handler,,,,,,,,,,unknown,yes,unknown,unknown,false,false,unknown,,GREEN,LOW,src/app/employer/create-job-matching-config/page.tsx:108 — onChange handler,src/app/employer/create-job-matching-config/page.tsx,108,No nearby API call detected; verify whether UI-only is intentional.
ACT-00546,user_action,/employer/create-job-matching-config,/employer/create-job-matching-config,src/app/employer/create-job-matching-config/page.tsx,onChange handler,,,,,,,,,,unknown,yes,unknown,unknown,false,false,unknown,,GREEN,LOW,src/app/employer/create-job-matching-config/page.tsx:124 — onChange handler,src/app/employer/create-job-matching-config/page.tsx,124,No nearby API call detected; verify whether UI-only is intentional.
ACT-00547,user_action,/employer/create-job-matching-config,/employer/create-job-matching-config,src/app/employer/create-job-matching-config/page.tsx,onChange handler,,,,,,,,,,unknown,yes,unknown,unknown,false,false,unknown,,GREEN,LOW,src/app/employer/create-job-matching-config/page.tsx:155 — onChange handler,src/app/employer/create-job-matching-config/page.tsx,155,No nearby API call detected; verify whether UI-only is intentional.
ACT-00548,user_action,/employer/create-job-matching-config,/employer/create-job-matching-config,src/app/employer/create-job-matching-config/page.tsx,onChange handler,,,,,,,,,,unknown,yes,unknown,unknown,false,false,unknown,,GREEN,LOW,src/app/employer/create-job-matching-config/page.tsx:168 — onChange handler,src/app/employer/create-job-matching-config/page.tsx,168,No nearby API call detected; verify whether UI-only is intentional.
ACT-00549,user_action,/employer/create-job-matching-config,/employer/create-job-matching-config,src/app/employer/create-job-matching-config/page.tsx,onChange handler,,,,,,,,,,unknown,yes,unknown,unknown,false,false,unknown,,GREEN,LOW,src/app/employer/create-job-matching-config/page.tsx:172 — onChange handler,src/app/employer/create-job-matching-config/page.tsx,172,No nearby API call detected; verify whether UI-only is intentional.
ACT-00550,user_action,/employer/create-job-matching-config,/employer/create-job-matching-config,src/app/employer/create-job-matching-config/page.tsx,onChange handler,,,,,,,,,,unknown,yes,unknown,unknown,false,false,unknown,,GREEN,LOW,src/app/employer/create-job-matching-config/page.tsx:176 — onChange handler,src/app/employer/create-job-matching-config/page.tsx,176,No nearby API call detected; verify whether UI-only is intentional.
ACT-00551,user_action,/employer/create-job-matching-config,/employer/create-job-matching-config,src/app/employer/create-job-matching-config/page.tsx,onChange handler,,,,,,,,,,unknown,yes,unknown,unknown,false,false,unknown,,GREEN,LOW,src/app/employer/create-job-matching-config/page.tsx:194 — onChange handler,src/app/employer/create-job-matching-config/page.tsx,194,No nearby API call detected; verify whether UI-only is intentional.
ACT-00552,user_action,/employer/create-job-matching-config,/employer/create-job-matching-config,src/app/employer/create-job-matching-config/page.tsx,onChange handler,,,,,,,,,,unknown,yes,unknown,unknown,false,false,unknown,,GREEN,LOW,src/app/employer/create-job-matching-config/page.tsx:212 — onChange handler,src/app/employer/create-job-matching-config/page.tsx,212,No nearby API call detected; verify whether UI-only is intentional.
ACT-00553,user_action,/employer/create-job-matching-config,/employer/create-job-matching-config,src/app/employer/create-job-matching-config/page.tsx,onClick handler,,,,,,,,,,unknown,yes,unknown,unknown,false,false,unknown,,GREEN,LOW,src/app/employer/create-job-matching-config/page.tsx:226 — onClick handler,src/app/employer/create-job-matching-config/page.tsx,226,No nearby API call detected; verify whether UI-only is intentional.
ACT-00554,user_action,/employer/create-job-matching-config,/employer/create-job-matching-config,src/app/employer/create-job-matching-config/page.tsx,undefined handler,,,,,,,,,,unknown,yes,unknown,unknown,false,false,unknown,,GREEN,LOW,src/app/employer/create-job-matching-config/page.tsx:226 — undefined handler,src/app/employer/create-job-matching-config/page.tsx,226,No nearby API call detected; verify whether UI-only is intentional.
ACT-00555,user_action,/employer/create-job-matching-config,/employer/create-job-matching-config,src/app/employer/create-job-matching-config/page.tsx,onClick handler,,,,,,,,,,unknown,yes,unknown,unknown,false,false,unknown,,GREEN,LOW,src/app/employer/create-job-matching-config/page.tsx:232 — onClick handler,src/app/employer/create-job-matching-config/page.tsx,232,No nearby API call detected; verify whether UI-only is intentional.
CALL-00556,frontend_api_call,/employer/create-job-matching-config,/employer/create-job-matching-config,src/app/employer/create-job-matching-config/page.tsx,fetch POST /api/employer/jobs,/api/employer/jobs,POST,,,,,Google Gemini | External asset host,,Google Gemini | External asset host,unknown,yes,unknown,unknown,false,true,unknown,,GREEN,LOW,src/app/employer/create-job-matching-config/page.tsx:27 — frontend call POST /api/employer/jobs,src/app/employer/create-job-matching-config/page.tsx,27,Must reconcile against an API endpoint row.
SCR-00557,screen,/employer/create-job-requirements,/employer/create-job-requirements,src/app/employer/create-job-requirements/page.tsx,Screen render,,,,,,,,,,yes,yes,unknown,unknown,false,false,none/unknown,,GREEN,LOW,src/app/employer/create-job-requirements/page.tsx:1 — screen route /employer/create-job-requirements,src/app/employer/create-job-requirements/page.tsx,1,Interactive handlers detected; action-level rows follow.
ACT-00558,user_action,/employer/create-job-requirements,/employer/create-job-requirements,src/app/employer/create-job-requirements/page.tsx,onClick handler,,,,,,,,,,unknown,yes,unknown,unknown,false,false,unknown,,GREEN,LOW,src/app/employer/create-job-requirements/page.tsx:24 — onClick handler,src/app/employer/create-job-requirements/page.tsx,24,No nearby API call detected; verify whether UI-only is intentional.
ACT-00559,user_action,/employer/create-job-requirements,/employer/create-job-requirements,src/app/employer/create-job-requirements/page.tsx,undefined handler,,,,,,,,,,unknown,yes,unknown,unknown,false,false,unknown,,GREEN,LOW,src/app/employer/create-job-requirements/page.tsx:24 — undefined handler,src/app/employer/create-job-requirements/page.tsx,24,No nearby API call detected; verify whether UI-only is intentional.
ACT-00560,user_action,/employer/create-job-requirements,/employer/create-job-requirements,src/app/employer/create-job-requirements/page.tsx,onClick handler,,,,,,,,,,unknown,yes,unknown,unknown,false,false,unknown,,GREEN,LOW,src/app/employer/create-job-requirements/page.tsx:35 — onClick handler,src/app/employer/create-job-requirements/page.tsx,35,No nearby API call detected; verify whether UI-only is intentional.
ACT-00561,user_action,/employer/create-job-requirements,/employer/create-job-requirements,src/app/employer/create-job-requirements/page.tsx,undefined handler,,,,,,,,,,unknown,yes,unknown,unknown,false,false,unknown,,GREEN,LOW,src/app/employer/create-job-requirements/page.tsx:35 — undefined handler,src/app/employer/create-job-requirements/page.tsx,35,No nearby API call detected; verify whether UI-only is intentional.
ACT-00562,user_action,/employer/create-job-requirements,/employer/create-job-requirements,src/app/employer/create-job-requirements/page.tsx,onClick handler,,,,,,,,,,unknown,yes,unknown,unknown,false,false,unknown,,GREEN,LOW,src/app/employer/create-job-requirements/page.tsx:44 — onClick handler,src/app/employer/create-job-requirements/page.tsx,44,No nearby API call detected; verify whether UI-only is intentional.
ACT-00563,user_action,/employer/create-job-requirements,/employer/create-job-requirements,src/app/employer/create-job-requirements/page.tsx,undefined handler,,,,,,,,,,unknown,yes,unknown,unknown,false,false,unknown,,GREEN,LOW,src/app/employer/create-job-requirements/page.tsx:44 — undefined handler,src/app/employer/create-job-requirements/page.tsx,44,No nearby API call detected; verify whether UI-only is intentional.
ACT-00564,user_action,/employer/create-job-requirements,/employer/create-job-requirements,src/app/employer/create-job-requirements/page.tsx,onClick handler,,,,,,,,,,unknown,yes,unknown,unknown,false,false,unknown,,GREEN,LOW,src/app/employer/create-job-requirements/page.tsx:47 — onClick handler,src/app/employer/create-job-requirements/page.tsx,47,No nearby API call detected; verify whether UI-only is intentional.
ACT-00565,user_action,/employer/create-job-requirements,/employer/create-job-requirements,src/app/employer/create-job-requirements/page.tsx,undefined handler,,,,,,,,,,unknown,yes,unknown,unknown,false,false,unknown,,GREEN,LOW,src/app/employer/create-job-requirements/page.tsx:47 — undefined handler,src/app/employer/create-job-requirements/page.tsx,47,No nearby API call detected; verify whether UI-only is intentional.
SCR-00566,screen,/employer/create-job-review-and-publish,/employer/create-job-review-and-publish,src/app/employer/create-job-review-and-publish/page.tsx,Screen render,,,,,,,Google Gemini,,Google Gemini,yes,yes,unknown,yes,false,true,none/unknown,,GREEN,LOW,src/app/employer/create-job-review-and-publish/page.tsx:1 — screen route /employer/create-job-review-and-publish,src/app/employer/create-job-review-and-publish/page.tsx,1,Interactive handlers detected; action-level rows follow.
ACT-00567,user_action,/employer/create-job-review-and-publish,/employer/create-job-review-and-publish,src/app/employer/create-job-review-and-publish/page.tsx,onClick handler,,,,,,,,,,unknown,yes,unknown,unknown,false,false,unknown,,GREEN,LOW,src/app/employer/create-job-review-and-publish/page.tsx:86 — onClick handler,src/app/employer/create-job-review-and-publish/page.tsx,86,No nearby API call detected; verify whether UI-only is intentional.
ACT-00568,user_action,/employer/create-job-review-and-publish,/employer/create-job-review-and-publish,src/app/employer/create-job-review-and-publish/page.tsx,undefined handler,,,,,,,,,,unknown,yes,unknown,unknown,false,false,unknown,,GREEN,LOW,src/app/employer/create-job-review-and-publish/page.tsx:86 — undefined handler,src/app/employer/create-job-review-and-publish/page.tsx,86,No nearby API call detected; verify whether UI-only is intentional.
ACT-00569,user_action,/employer/create-job-review-and-publish,/employer/create-job-review-and-publish,src/app/employer/create-job-review-and-publish/page.tsx,onClick handler,,,,,,,,,,unknown,yes,unknown,unknown,false,false,unknown,,GREEN,LOW,src/app/employer/create-job-review-and-publish/page.tsx:119 — onClick handler,src/app/employer/create-job-review-and-publish/page.tsx,119,No nearby API call detected; verify whether UI-only is intentional.
ACT-00570,user_action,/employer/create-job-review-and-publish,/employer/create-job-review-and-publish,src/app/employer/create-job-review-and-publish/page.tsx,undefined handler,,,,,,,,,,unknown,yes,unknown,unknown,false,false,unknown,,GREEN,LOW,src/app/employer/create-job-review-and-publish/page.tsx:119 — undefined handler,src/app/employer/create-job-review-and-publish/page.tsx,119,No nearby API call detected; verify whether UI-only is intentional.
ACT-00571,user_action,/employer/create-job-review-and-publish,/employer/create-job-review-and-publish,src/app/employer/create-job-review-and-publish/page.tsx,onClick handler,,,,,,,,,,unknown,yes,unknown,unknown,false,false,unknown,,GREEN,LOW,src/app/employer/create-job-review-and-publish/page.tsx:227 — onClick handler,src/app/employer/create-job-review-and-publish/page.tsx,227,No nearby API call detected; verify whether UI-only is intentional.
CALL-00572,frontend_api_call,/employer/create-job-review-and-publish,/employer/create-job-review-and-publish,src/app/employer/create-job-review-and-publish/page.tsx,fetch POST /api/employer/jobs,/api/employer/jobs,POST,,,,,Google Gemini,,Google Gemini,unknown,yes,unknown,yes,false,true,unknown,,GREEN,LOW,src/app/employer/create-job-review-and-publish/page.tsx:22 — frontend call POST /api/employer/jobs,src/app/employer/create-job-review-and-publish/page.tsx,22,Must reconcile against an API endpoint row.
SCR-00573,screen,/employer/dashboard,/employer/dashboard,src/app/employer/dashboard/page.tsx,Screen render,,,,,,,,,,yes,yes,unknown,yes,false,false,none/unknown,,GREEN,LOW,src/app/employer/dashboard/page.tsx:1 — screen route /employer/dashboard,src/app/employer/dashboard/page.tsx,1,Interactive handlers detected; action-level rows follow.
ACT-00574,user_action,/employer/dashboard,/employer/dashboard,src/app/employer/dashboard/page.tsx,onChange handler,,,,,,,,,,unknown,yes,unknown,yes,false,false,unknown,,GREEN,LOW,src/app/employer/dashboard/page.tsx:133 — onChange handler,src/app/employer/dashboard/page.tsx,133,No nearby API call detected; verify whether UI-only is intentional.
ACT-00575,user_action,/employer/dashboard,/employer/dashboard,src/app/employer/dashboard/page.tsx,onChange handler,,,,,,,,,,unknown,yes,unknown,yes,false,false,unknown,,GREEN,LOW,src/app/employer/dashboard/page.tsx:143 — onChange handler,src/app/employer/dashboard/page.tsx,143,No nearby API call detected; verify whether UI-only is intentional.
ACT-00576,user_action,/employer/dashboard,/employer/dashboard,src/app/employer/dashboard/page.tsx,onClick handler,,,,,,,,,,unknown,yes,unknown,yes,false,false,unknown,,GREEN,LOW,src/app/employer/dashboard/page.tsx:153 — onClick handler,src/app/employer/dashboard/page.tsx,153,No nearby API call detected; verify whether UI-only is intentional.
ACT-00577,user_action,/employer/dashboard,/employer/dashboard,src/app/employer/dashboard/page.tsx,onClick handler,,,,,,,,,,unknown,yes,unknown,unknown,false,false,unknown,,GREEN,LOW,src/app/employer/dashboard/page.tsx:245 — onClick handler,src/app/employer/dashboard/page.tsx,245,No nearby API call detected; verify whether UI-only is intentional.
ACT-00578,user_action,/employer/dashboard,/employer/dashboard,src/app/employer/dashboard/page.tsx,undefined handler,,,,,,,,,,unknown,yes,unknown,unknown,false,false,unknown,,GREEN,LOW,src/app/employer/dashboard/page.tsx:245 — undefined handler,src/app/employer/dashboard/page.tsx,245,No nearby API call detected; verify whether UI-only is intentional.
ACT-00579,user_action,/employer/dashboard,/employer/dashboard,src/app/employer/dashboard/page.tsx,onClick handler,,,,,,,,,,unknown,yes,unknown,unknown,false,false,unknown,,GREEN,LOW,src/app/employer/dashboard/page.tsx:264 — onClick handler,src/app/employer/dashboard/page.tsx,264,No nearby API call detected; verify whether UI-only is intentional.
ACT-00580,user_action,/employer/dashboard,/employer/dashboard,src/app/employer/dashboard/page.tsx,onClick handler,,,,,,,,,,unknown,yes,unknown,unknown,false,false,unknown,,GREEN,LOW,src/app/employer/dashboard/page.tsx:267 — onClick handler,src/app/employer/dashboard/page.tsx,267,No nearby API call detected; verify whether UI-only is intentional.
ACT-00581,user_action,/employer/dashboard,/employer/dashboard,src/app/employer/dashboard/page.tsx,onClick handler,,,,,,,,,,unknown,yes,unknown,unknown,false,false,unknown,,GREEN,LOW,src/app/employer/dashboard/page.tsx:291 — onClick handler,src/app/employer/dashboard/page.tsx,291,No nearby API call detected; verify whether UI-only is intentional.
ACT-00582,user_action,/employer/dashboard,/employer/dashboard,src/app/employer/dashboard/page.tsx,undefined handler,,,,,,,,,,unknown,yes,unknown,unknown,false,false,unknown,,GREEN,LOW,src/app/employer/dashboard/page.tsx:291 — undefined handler,src/app/employer/dashboard/page.tsx,291,No nearby API call detected; verify whether UI-only is intentional.
ACT-00583,user_action,/employer/dashboard,/employer/dashboard,src/app/employer/dashboard/page.tsx,onClick handler,,,,,,,,,,unknown,yes,unknown,unknown,false,false,unknown,,GREEN,LOW,src/app/employer/dashboard/page.tsx:296 — onClick handler,src/app/employer/dashboard/page.tsx,296,No nearby API call detected; verify whether UI-only is intentional.
ACT-00584,user_action,/employer/dashboard,/employer/dashboard,src/app/employer/dashboard/page.tsx,onClick handler,,,,,,,,,,unknown,yes,unknown,unknown,false,false,unknown,,GREEN,LOW,src/app/employer/dashboard/page.tsx:550 — onClick handler,src/app/employer/dashboard/page.tsx,550,No nearby API call detected; verify whether UI-only is intentional.
ACT-00585,user_action,/employer/dashboard,/employer/dashboard,src/app/employer/dashboard/page.tsx,onClick handler,,,,,,,,,,unknown,yes,unknown,unknown,false,false,unknown,,GREEN,LOW,src/app/employer/dashboard/page.tsx:590 — onClick handler,src/app/employer/dashboard/page.tsx,590,No nearby API call detected; verify whether UI-only is intentional.
ACT-00586,user_action,/employer/dashboard,/employer/dashboard,src/app/employer/dashboard/page.tsx,onClick handler,,,,,,,,,,unknown,yes,unknown,unknown,false,false,unknown,,GREEN,LOW,src/app/employer/dashboard/page.tsx:591 — onClick handler,src/app/employer/dashboard/page.tsx,591,No nearby API call detected; verify whether UI-only is intentional.
ACT-00587,user_action,/employer/dashboard,/employer/dashboard,src/app/employer/dashboard/page.tsx,onClick handler,,,,,,,,,,unknown,yes,unknown,unknown,false,false,unknown,,GREEN,LOW,src/app/employer/dashboard/page.tsx:738 — onClick handler,src/app/employer/dashboard/page.tsx,738,No nearby API call detected; verify whether UI-only is intentional.
ACT-00588,user_action,/employer/dashboard,/employer/dashboard,src/app/employer/dashboard/page.tsx,undefined handler,,,,,,,,,,unknown,yes,unknown,unknown,false,false,unknown,,GREEN,LOW,src/app/employer/dashboard/page.tsx:738 — undefined handler,src/app/employer/dashboard/page.tsx,738,No nearby API call detected; verify whether UI-only is intentional.
ACT-00589,user_action,/employer/dashboard,/employer/dashboard,src/app/employer/dashboard/page.tsx,onClick handler,,,,,,,,,,unknown,yes,unknown,unknown,false,false,unknown,,GREEN,LOW,src/app/employer/dashboard/page.tsx:856 — onClick handler,src/app/employer/dashboard/page.tsx,856,No nearby API call detected; verify whether UI-only is intentional.
ACT-00590,user_action,/employer/dashboard,/employer/dashboard,src/app/employer/dashboard/page.tsx,onClick handler,,,,,,,,,,unknown,yes,unknown,unknown,false,false,unknown,,GREEN,LOW,src/app/employer/dashboard/page.tsx:857 — onClick handler,src/app/employer/dashboard/page.tsx,857,No nearby API call detected; verify whether UI-only is intentional.
ACT-00591,user_action,/employer/dashboard,/employer/dashboard,src/app/employer/dashboard/page.tsx,onClick handler,,,,,,,,,,unknown,yes,unknown,unknown,false,false,unknown,,GREEN,LOW,src/app/employer/dashboard/page.tsx:858 — onClick handler,src/app/employer/dashboard/page.tsx,858,No nearby API call detected; verify whether UI-only is intentional.
SCR-00592,screen,/employer/department-hiring-management,/employer/department-hiring-management,src/app/employer/department-hiring-management/page.tsx,Screen render,,,,,,,Google Gemini | External asset host,,Google Gemini | External asset host,yes,yes,unknown,unknown,false,false,none/unknown,,GREEN,LOW,src/app/employer/department-hiring-management/page.tsx:1 — screen route /employer/department-hiring-management,src/app/employer/department-hiring-management/page.tsx,1,No interactive handler detected by static scan.
SCR-00593,screen,/employer/edit-job-post,/employer/edit-job-post,src/app/employer/edit-job-post/page.tsx,Screen render,,,,,,,Google Gemini | External asset host,,Google Gemini | External asset host,yes,yes,unknown,unknown,false,false,none/unknown,,GREEN,LOW,src/app/employer/edit-job-post/page.tsx:1 — screen route /employer/edit-job-post,src/app/employer/edit-job-post/page.tsx,1,Interactive handlers detected; action-level rows follow.
ACT-00594,user_action,/employer/edit-job-post,/employer/edit-job-post,src/app/employer/edit-job-post/page.tsx,onChange handler,,,,,,,,,,unknown,yes,unknown,unknown,false,false,unknown,,GREEN,LOW,src/app/employer/edit-job-post/page.tsx:103 — onChange handler,src/app/employer/edit-job-post/page.tsx,103,No nearby API call detected; verify whether UI-only is intentional.
SCR-00595,screen,/employer/employer-analytics-dashboard,/employer/employer-analytics-dashboard,src/app/employer/employer-analytics-dashboard/page.tsx,Screen render,,,,,,,,,,yes,yes,unknown,unknown,false,false,none/unknown,,GREEN,LOW,src/app/employer/employer-analytics-dashboard/page.tsx:1 — screen route /employer/employer-analytics-dashboard,src/app/employer/employer-analytics-dashboard/page.tsx,1,Interactive handlers detected; action-level rows follow.
ACT-00596,user_action,/employer/employer-analytics-dashboard,/employer/employer-analytics-dashboard,src/app/employer/employer-analytics-dashboard/page.tsx,onChange handler,,,,,,,,,,unknown,yes,unknown,unknown,false,false,unknown,,GREEN,LOW,src/app/employer/employer-analytics-dashboard/page.tsx:41 — onChange handler,src/app/employer/employer-analytics-dashboard/page.tsx,41,No nearby API call detected; verify whether UI-only is intentional.
SCR-00597,screen,/employer/employer-company-management,/employer/employer-company-management,src/app/employer/employer-company-management/page.tsx,Screen render,,,,,,,,,,yes,yes,unknown,unknown,false,false,none/unknown,,GREEN,LOW,src/app/employer/employer-company-management/page.tsx:1 — screen route /employer/employer-company-management,src/app/employer/employer-company-management/page.tsx,1,Interactive handlers detected; action-level rows follow.
ACT-00598,user_action,/employer/employer-company-management,/employer/employer-company-management,src/app/employer/employer-company-management/page.tsx,onClick handler,,,,,,,,,,unknown,yes,unknown,unknown,false,false,unknown,,GREEN,LOW,src/app/employer/employer-company-management/page.tsx:125 — onClick handler,src/app/employer/employer-company-management/page.tsx,125,No nearby API call detected; verify whether UI-only is intentional.
ACT-00599,user_action,/employer/employer-company-management,/employer/employer-company-management,src/app/employer/employer-company-management/page.tsx,onChange handler,,,,,,,,,,unknown,yes,unknown,unknown,false,false,unknown,,GREEN,LOW,src/app/employer/employer-company-management/page.tsx:139 — onChange handler,src/app/employer/employer-company-management/page.tsx,139,No nearby API call detected; verify whether UI-only is intentional.
ACT-00600,user_action,/employer/employer-company-management,/employer/employer-company-management,src/app/employer/employer-company-management/page.tsx,onClick handler,,,,,,,,,,unknown,yes,unknown,unknown,false,false,unknown,,GREEN,LOW,src/app/employer/employer-company-management/page.tsx:145 — onClick handler,src/app/employer/employer-company-management/page.tsx,145,No nearby API call detected; verify whether UI-only is intentional.
ACT-00601,user_action,/employer/employer-company-management,/employer/employer-company-management,src/app/employer/employer-company-management/page.tsx,onClick handler,,,,,,,,,,unknown,yes,unknown,unknown,false,false,unknown,,GREEN,LOW,src/app/employer/employer-company-management/page.tsx:245 — onClick handler,src/app/employer/employer-company-management/page.tsx,245,No nearby API call detected; verify whether UI-only is intentional.
ACT-00602,user_action,/employer/employer-company-management,/employer/employer-company-management,src/app/employer/employer-company-management/page.tsx,onClick handler,,,,,,,,,,unknown,yes,unknown,unknown,false,false,unknown,,GREEN,LOW,src/app/employer/employer-company-management/page.tsx:259 — onClick handler,src/app/employer/employer-company-management/page.tsx,259,No nearby API call detected; verify whether UI-only is intentional.
ACT-00603,user_action,/employer/employer-company-management,/employer/employer-company-management,src/app/employer/employer-company-management/page.tsx,onClick handler,,,,,,,,,,unknown,yes,unknown,unknown,false,false,unknown,,GREEN,LOW,src/app/employer/employer-company-management/page.tsx:269 — onClick handler,src/app/employer/employer-company-management/page.tsx,269,No nearby API call detected; verify whether UI-only is intentional.
ACT-00604,user_action,/employer/employer-company-management,/employer/employer-company-management,src/app/employer/employer-company-management/page.tsx,onSubmit handler,,,,,,,,,,unknown,yes,unknown,unknown,false,false,unknown,,GREEN,LOW,src/app/employer/employer-company-management/page.tsx:289 — onSubmit handler,src/app/employer/employer-company-management/page.tsx,289,No nearby API call detected; verify whether UI-only is intentional.
ACT-00605,user_action,/employer/employer-company-management,/employer/employer-company-management,src/app/employer/employer-company-management/page.tsx,onChange handler,,,,,,,,,,unknown,yes,unknown,unknown,false,false,unknown,,GREEN,LOW,src/app/employer/employer-company-management/page.tsx:296 — onChange handler,src/app/employer/employer-company-management/page.tsx,296,No nearby API call detected; verify whether UI-only is intentional.
ACT-00606,user_action,/employer/employer-company-management,/employer/employer-company-management,src/app/employer/employer-company-management/page.tsx,onChange handler,,,,,,,,,,unknown,yes,unknown,unknown,false,false,unknown,,GREEN,LOW,src/app/employer/employer-company-management/page.tsx:307 — onChange handler,src/app/employer/employer-company-management/page.tsx,307,No nearby API call detected; verify whether UI-only is intentional.
ACT-00607,user_action,/employer/employer-company-management,/employer/employer-company-management,src/app/employer/employer-company-management/page.tsx,onChange handler,,,,,,,,,,unknown,yes,unknown,unknown,false,false,unknown,,GREEN,LOW,src/app/employer/employer-company-management/page.tsx:316 — onChange handler,src/app/employer/employer-company-management/page.tsx,316,No nearby API call detected; verify whether UI-only is intentional.
ACT-00608,user_action,/employer/employer-company-management,/employer/employer-company-management,src/app/employer/employer-company-management/page.tsx,onClick handler,,,,,,,,,,unknown,yes,unknown,unknown,false,false,unknown,,GREEN,LOW,src/app/employer/employer-company-management/page.tsx:329 — onClick handler,src/app/employer/employer-company-management/page.tsx,329,No nearby API call detected; verify whether UI-only is intentional.
SCR-00609,screen,/employer/employer-company-settings-hub,/employer/employer-company-settings-hub,src/app/employer/employer-company-settings-hub/page.tsx,Screen render,,,,,,,,,,yes,yes,unknown,unknown,false,false,none/unknown,,GREEN,LOW,src/app/employer/employer-company-settings-hub/page.tsx:1 — screen route /employer/employer-company-settings-hub,src/app/employer/employer-company-settings-hub/page.tsx,1,No interactive handler detected by static scan.
SCR-00610,screen,/employer/employer-forgot-password,/employer/employer-forgot-password,src/app/employer/employer-forgot-password/page.tsx,Screen render,,,,,,,,,,yes,yes,unknown,unknown,false,false,none/unknown,,GREEN,LOW,src/app/employer/employer-forgot-password/page.tsx:1 — screen route /employer/employer-forgot-password,src/app/employer/employer-forgot-password/page.tsx,1,Interactive handlers detected; action-level rows follow.
ACT-00611,user_action,/employer/employer-forgot-password,/employer/employer-forgot-password,src/app/employer/employer-forgot-password/page.tsx,onSubmit handler,,,,,,,,,,unknown,yes,unknown,unknown,false,false,unknown,,GREEN,LOW,src/app/employer/employer-forgot-password/page.tsx:25 — onSubmit handler,src/app/employer/employer-forgot-password/page.tsx,25,No nearby API call detected; verify whether UI-only is intentional.
SCR-00612,screen,/employer/employer-notifications-center,/employer/employer-notifications-center,src/app/employer/employer-notifications-center/page.tsx,Screen render,,,,,,,,,,yes,yes,unknown,unknown,false,false,none/unknown,,GREEN,LOW,src/app/employer/employer-notifications-center/page.tsx:1 — screen route /employer/employer-notifications-center,src/app/employer/employer-notifications-center/page.tsx,1,No interactive handler detected by static scan.
SCR-00613,screen,/employer/employer-onboarding-first-job-prompt,/employer/employer-onboarding-first-job-prompt,src/app/employer/employer-onboarding-first-job-prompt/page.tsx,Screen render,,,,,,,Google Gemini | External asset host,,Google Gemini | External asset host,yes,yes,unknown,unknown,false,false,none/unknown,,GREEN,LOW,src/app/employer/employer-onboarding-first-job-prompt/page.tsx:1 — screen route /employer/employer-onboarding-first-job-prompt,src/app/employer/employer-onboarding-first-job-prompt/page.tsx,1,Interactive handlers detected; action-level rows follow.
ACT-00614,user_action,/employer/employer-onboarding-first-job-prompt,/employer/employer-onboarding-first-job-prompt,src/app/employer/employer-onboarding-first-job-prompt/page.tsx,onClick handler,,,,,,,,,,unknown,yes,unknown,unknown,false,false,unknown,,GREEN,LOW,src/app/employer/employer-onboarding-first-job-prompt/page.tsx:105 — onClick handler,src/app/employer/employer-onboarding-first-job-prompt/page.tsx,105,No nearby API call detected; verify whether UI-only is intentional.
ACT-00615,user_action,/employer/employer-onboarding-first-job-prompt,/employer/employer-onboarding-first-job-prompt,src/app/employer/employer-onboarding-first-job-prompt/page.tsx,undefined handler,,,,,,,,,,unknown,yes,unknown,unknown,false,false,unknown,,GREEN,LOW,src/app/employer/employer-onboarding-first-job-prompt/page.tsx:105 — undefined handler,src/app/employer/employer-onboarding-first-job-prompt/page.tsx,105,No nearby API call detected; verify whether UI-only is intentional.
SCR-00616,screen,/employer/employer-onboarding-welcome,/employer/employer-onboarding-welcome,src/app/employer/employer-onboarding-welcome/page.tsx,Screen render,,,,,,,Google Gemini | External asset host,,Google Gemini | External asset host,yes,yes,unknown,unknown,false,false,none/unknown,,GREEN,LOW,src/app/employer/employer-onboarding-welcome/page.tsx:1 — screen route /employer/employer-onboarding-welcome,src/app/employer/employer-onboarding-welcome/page.tsx,1,Interactive handlers detected; action-level rows follow.
ACT-00617,user_action,/employer/employer-onboarding-welcome,/employer/employer-onboarding-welcome,src/app/employer/employer-onboarding-welcome/page.tsx,onClick handler,,,,,,,,,,unknown,yes,unknown,unknown,false,false,unknown,,GREEN,LOW,src/app/employer/employer-onboarding-welcome/page.tsx:48 — onClick handler,src/app/employer/employer-onboarding-welcome/page.tsx,48,No nearby API call detected; verify whether UI-only is intentional.
ACT-00618,user_action,/employer/employer-onboarding-welcome,/employer/employer-onboarding-welcome,src/app/employer/employer-onboarding-welcome/page.tsx,undefined handler,,,,,,,,,,unknown,yes,unknown,unknown,false,false,unknown,,GREEN,LOW,src/app/employer/employer-onboarding-welcome/page.tsx:48 — undefined handler,src/app/employer/employer-onboarding-welcome/page.tsx,48,No nearby API call detected; verify whether UI-only is intentional.
ACT-00619,user_action,/employer/employer-onboarding-welcome,/employer/employer-onboarding-welcome,src/app/employer/employer-onboarding-welcome/page.tsx,onClick handler,,,,,,,Google Gemini | External asset host,,Google Gemini | External asset host,unknown,yes,unknown,unknown,false,false,unknown,,GREEN,LOW,src/app/employer/employer-onboarding-welcome/page.tsx:52 — onClick handler,src/app/employer/employer-onboarding-welcome/page.tsx,52,No nearby API call detected; verify whether UI-only is intentional.
ACT-00620,user_action,/employer/employer-onboarding-welcome,/employer/employer-onboarding-welcome,src/app/employer/employer-onboarding-welcome/page.tsx,undefined handler,,,,,,,Google Gemini | External asset host,,Google Gemini | External asset host,unknown,yes,unknown,unknown,false,false,unknown,,GREEN,LOW,src/app/employer/employer-onboarding-welcome/page.tsx:52 — undefined handler,src/app/employer/employer-onboarding-welcome/page.tsx,52,No nearby API call detected; verify whether UI-only is intentional.
SCR-00621,screen,/employer/employer-registration-business-model,/employer/employer-registration-business-model,src/app/employer/employer-registration-business-model/page.tsx,Screen render,,,,,,,,,,yes,yes,unknown,unknown,false,false,none/unknown,,GREEN,LOW,src/app/employer/employer-registration-business-model/page.tsx:1 — screen route /employer/employer-registration-business-model,src/app/employer/employer-registration-business-model/page.tsx,1,Interactive handlers detected; action-level rows follow.
ACT-00622,user_action,/employer/employer-registration-business-model,/employer/employer-registration-business-model,src/app/employer/employer-registration-business-model/page.tsx,onClick handler,,,,,,,,,,unknown,yes,unknown,unknown,false,false,unknown,,GREEN,LOW,src/app/employer/employer-registration-business-model/page.tsx:67 — onClick handler,src/app/employer/employer-registration-business-model/page.tsx,67,No nearby API call detected; verify whether UI-only is intentional.
ACT-00623,user_action,/employer/employer-registration-business-model,/employer/employer-registration-business-model,src/app/employer/employer-registration-business-model/page.tsx,undefined handler,,,,,,,,,,unknown,yes,unknown,unknown,false,false,unknown,,GREEN,LOW,src/app/employer/employer-registration-business-model/page.tsx:67 — undefined handler,src/app/employer/employer-registration-business-model/page.tsx,67,No nearby API call detected; verify whether UI-only is intentional.
ACT-00624,user_action,/employer/employer-registration-business-model,/employer/employer-registration-business-model,src/app/employer/employer-registration-business-model/page.tsx,onClick handler,,,,,,,,,,unknown,yes,unknown,unknown,false,false,unknown,,GREEN,LOW,src/app/employer/employer-registration-business-model/page.tsx:109 — onClick handler,src/app/employer/employer-registration-business-model/page.tsx,109,No nearby API call detected; verify whether UI-only is intentional.
ACT-00625,user_action,/employer/employer-registration-business-model,/employer/employer-registration-business-model,src/app/employer/employer-registration-business-model/page.tsx,undefined handler,,,,,,,,,,unknown,yes,unknown,unknown,false,false,unknown,,GREEN,LOW,src/app/employer/employer-registration-business-model/page.tsx:109 — undefined handler,src/app/employer/employer-registration-business-model/page.tsx,109,No nearby API call detected; verify whether UI-only is intentional.
ACT-00626,user_action,/employer/employer-registration-business-model,/employer/employer-registration-business-model,src/app/employer/employer-registration-business-model/page.tsx,onClick handler,,,,,,,,,,unknown,yes,unknown,unknown,false,false,unknown,,GREEN,LOW,src/app/employer/employer-registration-business-model/page.tsx:134 — onClick handler,src/app/employer/employer-registration-business-model/page.tsx,134,No nearby API call detected; verify whether UI-only is intentional.
SCR-00627,screen,/employer/employer-registration-company-info,/employer/employer-registration-company-info,src/app/employer/employer-registration-company-info/page.tsx,Screen render,,,,@/lib/industry-master,,,Google Gemini | External asset host,,Google Gemini | External asset host,yes,yes,unknown,unknown,false,true,none/unknown,,GREEN,LOW,src/app/employer/employer-registration-company-info/page.tsx:1 — screen route /employer/employer-registration-company-info,src/app/employer/employer-registration-company-info/page.tsx,1,Interactive handlers detected; action-level rows follow.
ACT-00628,user_action,/employer/employer-registration-company-info,/employer/employer-registration-company-info,src/app/employer/employer-registration-company-info/page.tsx,onSubmit handler,/api/auth/employer-register,see endpoint row,,,,,,,,unknown,yes,unknown,unknown,false,true,unknown,,GREEN,LOW,src/app/employer/employer-registration-company-info/page.tsx:168 — onSubmit handler,src/app/employer/employer-registration-company-info/page.tsx,168,Static nearby fetch association; verify exact handler path.
ACT-00629,user_action,/employer/employer-registration-company-info,/employer/employer-registration-company-info,src/app/employer/employer-registration-company-info/page.tsx,undefined handler,,,,,,,,,,unknown,yes,unknown,unknown,false,true,unknown,,GREEN,LOW,src/app/employer/employer-registration-company-info/page.tsx:179 — undefined handler,src/app/employer/employer-registration-company-info/page.tsx,179,No nearby API call detected; verify whether UI-only is intentional.
ACT-00630,user_action,/employer/employer-registration-company-info,/employer/employer-registration-company-info,src/app/employer/employer-registration-company-info/page.tsx,onChange handler,,,,,,,,,,unknown,yes,unknown,unknown,false,false,unknown,,GREEN,LOW,src/app/employer/employer-registration-company-info/page.tsx:223 — onChange handler,src/app/employer/employer-registration-company-info/page.tsx,223,No nearby API call detected; verify whether UI-only is intentional.
ACT-00631,user_action,/employer/employer-registration-company-info,/employer/employer-registration-company-info,src/app/employer/employer-registration-company-info/page.tsx,onBlur handler,,,,,,,,,,unknown,yes,unknown,unknown,false,false,unknown,,GREEN,LOW,src/app/employer/employer-registration-company-info/page.tsx:225 — onBlur handler,src/app/employer/employer-registration-company-info/page.tsx,225,No nearby API call detected; verify whether UI-only is intentional.
ACT-00632,user_action,/employer/employer-registration-company-info,/employer/employer-registration-company-info,src/app/employer/employer-registration-company-info/page.tsx,onClick handler,,,,,,,,,,unknown,yes,unknown,unknown,false,false,unknown,,GREEN,LOW,src/app/employer/employer-registration-company-info/page.tsx:239 — onClick handler,src/app/employer/employer-registration-company-info/page.tsx,239,No nearby API call detected; verify whether UI-only is intentional.
ACT-00633,user_action,/employer/employer-registration-company-info,/employer/employer-registration-company-info,src/app/employer/employer-registration-company-info/page.tsx,onClick handler,,,,,,,,,,unknown,yes,unknown,unknown,false,false,unknown,,GREEN,LOW,src/app/employer/employer-registration-company-info/page.tsx:260 — onClick handler,src/app/employer/employer-registration-company-info/page.tsx,260,No nearby API call detected; verify whether UI-only is intentional.
ACT-00634,user_action,/employer/employer-registration-company-info,/employer/employer-registration-company-info,src/app/employer/employer-registration-company-info/page.tsx,onChange handler,,,,,,,,,,unknown,yes,unknown,unknown,false,false,unknown,,GREEN,LOW,src/app/employer/employer-registration-company-info/page.tsx:311 — onChange handler,src/app/employer/employer-registration-company-info/page.tsx,311,No nearby API call detected; verify whether UI-only is intentional.
ACT-00635,user_action,/employer/employer-registration-company-info,/employer/employer-registration-company-info,src/app/employer/employer-registration-company-info/page.tsx,onBlur handler,,,,,,,,,,unknown,yes,unknown,unknown,false,false,unknown,,GREEN,LOW,src/app/employer/employer-registration-company-info/page.tsx:317 — onBlur handler,src/app/employer/employer-registration-company-info/page.tsx,317,No nearby API call detected; verify whether UI-only is intentional.
ACT-00636,user_action,/employer/employer-registration-company-info,/employer/employer-registration-company-info,src/app/employer/employer-registration-company-info/page.tsx,onClick handler,,,,,,,,,,unknown,yes,unknown,unknown,false,false,unknown,,GREEN,LOW,src/app/employer/employer-registration-company-info/page.tsx:359 — onClick handler,src/app/employer/employer-registration-company-info/page.tsx,359,No nearby API call detected; verify whether UI-only is intentional.
ACT-00637,user_action,/employer/employer-registration-company-info,/employer/employer-registration-company-info,src/app/employer/employer-registration-company-info/page.tsx,undefined handler,,,,,,,,,,unknown,yes,unknown,unknown,false,false,unknown,,GREEN,LOW,src/app/employer/employer-registration-company-info/page.tsx:359 — undefined handler,src/app/employer/employer-registration-company-info/page.tsx,359,No nearby API call detected; verify whether UI-only is intentional.
CALL-00638,frontend_api_call,/employer/employer-registration-company-info,/employer/employer-registration-company-info,src/app/employer/employer-registration-company-info/page.tsx,fetch GET /api/referrals/validate?code=${encodeURIComponent(code)},/api/referrals/validate?code=${encodeURIComponent(code)},GET,,@/lib/industry-master,,,Google Gemini | External asset host,,Google Gemini | External asset host,unknown,yes,unknown,unknown,false,true,unknown,,GREEN,LOW,src/app/employer/employer-registration-company-info/page.tsx:30 — frontend call GET /api/referrals/validate?code=${encodeURIComponent(code)},src/app/employer/employer-registration-company-info/page.tsx,30,Must reconcile against an API endpoint row.
CALL-00639,frontend_api_call,/employer/employer-registration-company-info,/employer/employer-registration-company-info,src/app/employer/employer-registration-company-info/page.tsx,fetch POST /api/auth/employer-register,/api/auth/employer-register,POST,,@/lib/industry-master,,,Google Gemini | External asset host,,Google Gemini | External asset host,unknown,yes,unknown,unknown,false,true,unknown,,GREEN,LOW,src/app/employer/employer-registration-company-info/page.tsx:176 — frontend call POST /api/auth/employer-register,src/app/employer/employer-registration-company-info/page.tsx,176,Must reconcile against an API endpoint row.
SCR-00640,screen,/employer/employer-registration-complete,/employer/employer-registration-complete,src/app/employer/employer-registration-complete/page.tsx,Screen render,,,,,,,,,,yes,yes,unknown,unknown,false,false,none/unknown,,GREEN,LOW,src/app/employer/employer-registration-complete/page.tsx:1 — screen route /employer/employer-registration-complete,src/app/employer/employer-registration-complete/page.tsx,1,Interactive handlers detected; action-level rows follow.
ACT-00641,user_action,/employer/employer-registration-complete,/employer/employer-registration-complete,src/app/employer/employer-registration-complete/page.tsx,onClick handler,,,,,,,,,,unknown,yes,unknown,unknown,false,false,unknown,,GREEN,LOW,src/app/employer/employer-registration-complete/page.tsx:97 — onClick handler,src/app/employer/employer-registration-complete/page.tsx,97,No nearby API call detected; verify whether UI-only is intentional.
ACT-00642,user_action,/employer/employer-registration-complete,/employer/employer-registration-complete,src/app/employer/employer-registration-complete/page.tsx,undefined handler,,,,,,,,,,unknown,yes,unknown,unknown,false,false,unknown,,GREEN,LOW,src/app/employer/employer-registration-complete/page.tsx:97 — undefined handler,src/app/employer/employer-registration-complete/page.tsx,97,No nearby API call detected; verify whether UI-only is intentional.
ACT-00643,user_action,/employer/employer-registration-complete,/employer/employer-registration-complete,src/app/employer/employer-registration-complete/page.tsx,onClick handler,,,,,,,,,,unknown,yes,unknown,unknown,false,false,unknown,,GREEN,LOW,src/app/employer/employer-registration-complete/page.tsx:104 — onClick handler,src/app/employer/employer-registration-complete/page.tsx,104,No nearby API call detected; verify whether UI-only is intentional.
ACT-00644,user_action,/employer/employer-registration-complete,/employer/employer-registration-complete,src/app/employer/employer-registration-complete/page.tsx,undefined handler,,,,,,,,,,unknown,yes,unknown,unknown,false,false,unknown,,GREEN,LOW,src/app/employer/employer-registration-complete/page.tsx:104 — undefined handler,src/app/employer/employer-registration-complete/page.tsx,104,No nearby API call detected; verify whether UI-only is intentional.
SCR-00645,screen,/employer/employer-registration-document-verification,/employer/employer-registration-document-verification,src/app/employer/employer-registration-document-verification/page.tsx,Screen render,,,,,,,Google Gemini | External asset host,,Google Gemini | External asset host,yes,yes,unknown,unknown,false,true,none/unknown,,GREEN,LOW,src/app/employer/employer-registration-document-verification/page.tsx:1 — screen route /employer/employer-registration-document-verification,src/app/employer/employer-registration-document-verification/page.tsx,1,Interactive handlers detected; action-level rows follow.
ACT-00646,user_action,/employer/employer-registration-document-verification,/employer/employer-registration-document-verification,src/app/employer/employer-registration-document-verification/page.tsx,undefined handler,/api/upload,see endpoint row,,,,,,,,unknown,yes,unknown,unknown,false,true,unknown,,GREEN,LOW,src/app/employer/employer-registration-document-verification/page.tsx:62 — undefined handler,src/app/employer/employer-registration-document-verification/page.tsx,62,Static nearby fetch association; verify exact handler path.
ACT-00647,user_action,/employer/employer-registration-document-verification,/employer/employer-registration-document-verification,src/app/employer/employer-registration-document-verification/page.tsx,onSubmit handler,,,,,,,,,,unknown,yes,unknown,unknown,false,false,unknown,,GREEN,LOW,src/app/employer/employer-registration-document-verification/page.tsx:239 — onSubmit handler,src/app/employer/employer-registration-document-verification/page.tsx,239,No nearby API call detected; verify whether UI-only is intentional.
ACT-00648,user_action,/employer/employer-registration-document-verification,/employer/employer-registration-document-verification,src/app/employer/employer-registration-document-verification/page.tsx,onClick handler,,,,,,,,,,unknown,yes,unknown,unknown,false,false,unknown,,GREEN,LOW,src/app/employer/employer-registration-document-verification/page.tsx:244 — onClick handler,src/app/employer/employer-registration-document-verification/page.tsx,244,No nearby API call detected; verify whether UI-only is intentional.
ACT-00649,user_action,/employer/employer-registration-document-verification,/employer/employer-registration-document-verification,src/app/employer/employer-registration-document-verification/page.tsx,onChange handler,,,,,,,,,,unknown,yes,unknown,unknown,false,false,unknown,,GREEN,LOW,src/app/employer/employer-registration-document-verification/page.tsx:254 — onChange handler,src/app/employer/employer-registration-document-verification/page.tsx,254,No nearby API call detected; verify whether UI-only is intentional.
ACT-00650,user_action,/employer/employer-registration-document-verification,/employer/employer-registration-document-verification,src/app/employer/employer-registration-document-verification/page.tsx,onChange handler,,,,,,,,,,unknown,yes,unknown,unknown,false,false,unknown,,GREEN,LOW,src/app/employer/employer-registration-document-verification/page.tsx:263 — onChange handler,src/app/employer/employer-registration-document-verification/page.tsx,263,No nearby API call detected; verify whether UI-only is intentional.
CALL-00651,frontend_api_call,/employer/employer-registration-document-verification,/employer/employer-registration-document-verification,src/app/employer/employer-registration-document-verification/page.tsx,fetch POST /api/upload,/api/upload,POST,,,,,Google Gemini | External asset host,,Google Gemini | External asset host,unknown,yes,unknown,unknown,false,true,unknown,,GREEN,LOW,src/app/employer/employer-registration-document-verification/page.tsx:79 — frontend call POST /api/upload,src/app/employer/employer-registration-document-verification/page.tsx,79,Must reconcile against an API endpoint row.
CALL-00652,frontend_api_call,/employer/employer-registration-document-verification,/employer/employer-registration-document-verification,src/app/employer/employer-registration-document-verification/page.tsx,fetch POST /api/admin/document-verification,/api/admin/document-verification,POST,,,,,Google Gemini | External asset host,,Google Gemini | External asset host,unknown,yes,unknown,unknown,false,true,unknown,,GREEN,LOW,src/app/employer/employer-registration-document-verification/page.tsx:96 — frontend call POST /api/admin/document-verification,src/app/employer/employer-registration-document-verification/page.tsx,96,Must reconcile against an API endpoint row.
SCR-00653,screen,/employer/employer-registration-otp-verification,/employer/employer-registration-otp-verification,src/app/employer/employer-registration-otp-verification/page.tsx,Screen render,,,,,,,Google Gemini | External asset host,,Google Gemini | External asset host,yes,yes,unknown,unknown,false,true,none/unknown,,GREEN,LOW,src/app/employer/employer-registration-otp-verification/page.tsx:1 — screen route /employer/employer-registration-otp-verification,src/app/employer/employer-registration-otp-verification/page.tsx,1,Interactive handlers detected; action-level rows follow.
ACT-00654,user_action,/employer/employer-registration-otp-verification,/employer/employer-registration-otp-verification,src/app/employer/employer-registration-otp-verification/page.tsx,onSubmit handler,/api/auth/verify-otp,see endpoint row,,,,,,,,unknown,yes,unknown,unknown,false,true,unknown,,GREEN,LOW,src/app/employer/employer-registration-otp-verification/page.tsx:149 — onSubmit handler,src/app/employer/employer-registration-otp-verification/page.tsx,149,Static nearby fetch association; verify exact handler path.
ACT-00655,user_action,/employer/employer-registration-otp-verification,/employer/employer-registration-otp-verification,src/app/employer/employer-registration-otp-verification/page.tsx,undefined handler,,,,,,,,,,unknown,yes,unknown,unknown,false,true,unknown,,GREEN,LOW,src/app/employer/employer-registration-otp-verification/page.tsx:158 — undefined handler,src/app/employer/employer-registration-otp-verification/page.tsx,158,No nearby API call detected; verify whether UI-only is intentional.
ACT-00656,user_action,/employer/employer-registration-otp-verification,/employer/employer-registration-otp-verification,src/app/employer/employer-registration-otp-verification/page.tsx,onChange handler,,,,,,,,,,unknown,yes,unknown,unknown,false,false,unknown,,GREEN,LOW,src/app/employer/employer-registration-otp-verification/page.tsx:176 — onChange handler,src/app/employer/employer-registration-otp-verification/page.tsx,176,No nearby API call detected; verify whether UI-only is intentional.
ACT-00657,user_action,/employer/employer-registration-otp-verification,/employer/employer-registration-otp-verification,src/app/employer/employer-registration-otp-verification/page.tsx,onKeyDown handler,,,,,,,,,,unknown,yes,unknown,unknown,false,false,unknown,,GREEN,LOW,src/app/employer/employer-registration-otp-verification/page.tsx:177 — onKeyDown handler,src/app/employer/employer-registration-otp-verification/page.tsx,177,No nearby API call detected; verify whether UI-only is intentional.
ACT-00658,user_action,/employer/employer-registration-otp-verification,/employer/employer-registration-otp-verification,src/app/employer/employer-registration-otp-verification/page.tsx,onClick handler,,,,,,,,,,unknown,yes,unknown,unknown,false,false,unknown,,GREEN,LOW,src/app/employer/employer-registration-otp-verification/page.tsx:190 — onClick handler,src/app/employer/employer-registration-otp-verification/page.tsx,190,No nearby API call detected; verify whether UI-only is intentional.
CALL-00659,frontend_api_call,/employer/employer-registration-otp-verification,/employer/employer-registration-otp-verification,src/app/employer/employer-registration-otp-verification/page.tsx,fetch POST /api/auth/verify-otp,/api/auth/verify-otp,POST,,,,,Google Gemini | External asset host,,Google Gemini | External asset host,unknown,yes,unknown,unknown,false,true,unknown,,GREEN,LOW,src/app/employer/employer-registration-otp-verification/page.tsx:155 — frontend call POST /api/auth/verify-otp,src/app/employer/employer-registration-otp-verification/page.tsx,155,Must reconcile against an API endpoint row.
SCR-00660,screen,/employer/employer-registration-plan-selection,/employer/employer-registration-plan-selection,src/app/employer/employer-registration-plan-selection/page.tsx,Screen render,,,,,,,,,,yes,yes,unknown,unknown,false,true,none/unknown,,GREEN,LOW,src/app/employer/employer-registration-plan-selection/page.tsx:1 — screen route /employer/employer-registration-plan-selection,src/app/employer/employer-registration-plan-selection/page.tsx,1,Interactive handlers detected; action-level rows follow.
ACT-00661,user_action,/employer/employer-registration-plan-selection,/employer/employer-registration-plan-selection,src/app/employer/employer-registration-plan-selection/page.tsx,undefined handler,,,,,,,,,,unknown,yes,unknown,unknown,false,true,unknown,,GREEN,LOW,src/app/employer/employer-registration-plan-selection/page.tsx:53 — undefined handler,src/app/employer/employer-registration-plan-selection/page.tsx,53,No nearby API call detected; verify whether UI-only is intentional.
ACT-00662,user_action,/employer/employer-registration-plan-selection,/employer/employer-registration-plan-selection,src/app/employer/employer-registration-plan-selection/page.tsx,onClick handler,,,,,,,,,,unknown,yes,unknown,unknown,false,false,unknown,,GREEN,LOW,src/app/employer/employer-registration-plan-selection/page.tsx:114 — onClick handler,src/app/employer/employer-registration-plan-selection/page.tsx,114,No nearby API call detected; verify whether UI-only is intentional.
ACT-00663,user_action,/employer/employer-registration-plan-selection,/employer/employer-registration-plan-selection,src/app/employer/employer-registration-plan-selection/page.tsx,onClick handler,,,,,,,,,,unknown,yes,unknown,unknown,false,false,unknown,,GREEN,LOW,src/app/employer/employer-registration-plan-selection/page.tsx:168 — onClick handler,src/app/employer/employer-registration-plan-selection/page.tsx,168,No nearby API call detected; verify whether UI-only is intentional.
CALL-00664,frontend_api_call,/employer/employer-registration-plan-selection,/employer/employer-registration-plan-selection,src/app/employer/employer-registration-plan-selection/page.tsx,fetch GET /api/employer/subscribe,/api/employer/subscribe,GET,,,,,,,,unknown,yes,unknown,unknown,false,true,unknown,,GREEN,LOW,src/app/employer/employer-registration-plan-selection/page.tsx:28 — frontend call GET /api/employer/subscribe,src/app/employer/employer-registration-plan-selection/page.tsx,28,Must reconcile against an API endpoint row.
CALL-00665,frontend_api_call,/employer/employer-registration-plan-selection,/employer/employer-registration-plan-selection,src/app/employer/employer-registration-plan-selection/page.tsx,fetch POST /api/employer/subscribe,/api/employer/subscribe,POST,,,,,,,,unknown,yes,unknown,unknown,false,true,unknown,,GREEN,LOW,src/app/employer/employer-registration-plan-selection/page.tsx:45 — frontend call POST /api/employer/subscribe,src/app/employer/employer-registration-plan-selection/page.tsx,45,Must reconcile against an API endpoint row.
SCR-00666,screen,/employer/employer-sign-in,/employer/employer-sign-in,src/app/employer/employer-sign-in/page.tsx,Screen render,,,,,,,Google Gemini | External asset host,,Google Gemini | External asset host,yes,yes,unknown,unknown,false,true,none/unknown,,GREEN,LOW,src/app/employer/employer-sign-in/page.tsx:1 — screen route /employer/employer-sign-in,src/app/employer/employer-sign-in/page.tsx,1,Interactive handlers detected; action-level rows follow.
ACT-00667,user_action,/employer/employer-sign-in,/employer/employer-sign-in,src/app/employer/employer-sign-in/page.tsx,onClick handler,,,,,,,,,,unknown,yes,unknown,unknown,false,false,unknown,,GREEN,LOW,src/app/employer/employer-sign-in/page.tsx:155 — onClick handler,src/app/employer/employer-sign-in/page.tsx,155,No nearby API call detected; verify whether UI-only is intentional.
ACT-00668,user_action,/employer/employer-sign-in,/employer/employer-sign-in,src/app/employer/employer-sign-in/page.tsx,undefined handler,,,,,,,,,,unknown,yes,unknown,unknown,false,false,unknown,,GREEN,LOW,src/app/employer/employer-sign-in/page.tsx:155 — undefined handler,src/app/employer/employer-sign-in/page.tsx,155,No nearby API call detected; verify whether UI-only is intentional.
ACT-00669,user_action,/employer/employer-sign-in,/employer/employer-sign-in,src/app/employer/employer-sign-in/page.tsx,onSubmit handler,,,,,,,,,,unknown,yes,unknown,unknown,false,false,unknown,,GREEN,LOW,src/app/employer/employer-sign-in/page.tsx:180 — onSubmit handler,src/app/employer/employer-sign-in/page.tsx,180,No nearby API call detected; verify whether UI-only is intentional.
ACT-00670,user_action,/employer/employer-sign-in,/employer/employer-sign-in,src/app/employer/employer-sign-in/page.tsx,onClick handler,,,,,,,,,,unknown,yes,unknown,unknown,false,false,unknown,,GREEN,LOW,src/app/employer/employer-sign-in/page.tsx:219 — onClick handler,src/app/employer/employer-sign-in/page.tsx,219,No nearby API call detected; verify whether UI-only is intentional.
CALL-00671,frontend_api_call,/employer/employer-sign-in,/employer/employer-sign-in,src/app/employer/employer-sign-in/page.tsx,fetch POST /api/auth/login,/api/auth/login,POST,,,,,Google Gemini | External asset host,,Google Gemini | External asset host,unknown,yes,unknown,unknown,false,true,unknown,,GREEN,LOW,src/app/employer/employer-sign-in/page.tsx:48 — frontend call POST /api/auth/login,src/app/employer/employer-sign-in/page.tsx,48,Must reconcile against an API endpoint row.
SCR-00672,screen,/employer/employer-subscription-and-plans,/employer/employer-subscription-and-plans,src/app/employer/employer-subscription-and-plans/page.tsx,Screen render,,,,,,,,,,yes,yes,unknown,unknown,false,true,none/unknown,,GREEN,LOW,src/app/employer/employer-subscription-and-plans/page.tsx:1 — screen route /employer/employer-subscription-and-plans,src/app/employer/employer-subscription-and-plans/page.tsx,1,Interactive handlers detected; action-level rows follow.
ACT-00673,user_action,/employer/employer-subscription-and-plans,/employer/employer-subscription-and-plans,src/app/employer/employer-subscription-and-plans/page.tsx,onClick handler,,,,,,,,,,unknown,yes,unknown,unknown,false,false,unknown,,GREEN,LOW,src/app/employer/employer-subscription-and-plans/page.tsx:65 — onClick handler,src/app/employer/employer-subscription-and-plans/page.tsx,65,No nearby API call detected; verify whether UI-only is intentional.
ACT-00674,user_action,/employer/employer-subscription-and-plans,/employer/employer-subscription-and-plans,src/app/employer/employer-subscription-and-plans/page.tsx,undefined handler,,,,,,,,,,unknown,yes,unknown,unknown,false,false,unknown,,GREEN,LOW,src/app/employer/employer-subscription-and-plans/page.tsx:65 — undefined handler,src/app/employer/employer-subscription-and-plans/page.tsx,65,No nearby API call detected; verify whether UI-only is intentional.
ACT-00675,user_action,/employer/employer-subscription-and-plans,/employer/employer-subscription-and-plans,src/app/employer/employer-subscription-and-plans/page.tsx,onClick handler,,,,,,,,,,unknown,yes,unknown,unknown,false,false,unknown,,GREEN,LOW,src/app/employer/employer-subscription-and-plans/page.tsx:91 — onClick handler,src/app/employer/employer-subscription-and-plans/page.tsx,91,No nearby API call detected; verify whether UI-only is intentional.
ACT-00676,user_action,/employer/employer-subscription-and-plans,/employer/employer-subscription-and-plans,src/app/employer/employer-subscription-and-plans/page.tsx,undefined handler,,,,,,,,,,unknown,yes,unknown,unknown,false,false,unknown,,GREEN,LOW,src/app/employer/employer-subscription-and-plans/page.tsx:91 — undefined handler,src/app/employer/employer-subscription-and-plans/page.tsx,91,No nearby API call detected; verify whether UI-only is intentional.
ACT-00677,user_action,/employer/employer-subscription-and-plans,/employer/employer-subscription-and-plans,src/app/employer/employer-subscription-and-plans/page.tsx,onClick handler,,,,,,,,,,unknown,yes,unknown,unknown,false,false,unknown,,GREEN,LOW,src/app/employer/employer-subscription-and-plans/page.tsx:121 — onClick handler,src/app/employer/employer-subscription-and-plans/page.tsx,121,No nearby API call detected; verify whether UI-only is intentional.
ACT-00678,user_action,/employer/employer-subscription-and-plans,/employer/employer-subscription-and-plans,src/app/employer/employer-subscription-and-plans/page.tsx,undefined handler,,,,,,,,,,unknown,yes,unknown,unknown,false,false,unknown,,GREEN,LOW,src/app/employer/employer-subscription-and-plans/page.tsx:121 — undefined handler,src/app/employer/employer-subscription-and-plans/page.tsx,121,No nearby API call detected; verify whether UI-only is intentional.
CALL-00679,frontend_api_call,/employer/employer-subscription-and-plans,/employer/employer-subscription-and-plans,src/app/employer/employer-subscription-and-plans/page.tsx,fetch GET /api/agreements/contracts,/api/agreements/contracts,GET,,,,,,,,unknown,yes,unknown,unknown,false,true,unknown,,GREEN,LOW,src/app/employer/employer-subscription-and-plans/page.tsx:14 — frontend call GET /api/agreements/contracts,src/app/employer/employer-subscription-and-plans/page.tsx,14,Must reconcile against an API endpoint row.
SCR-00680,screen,/employer/enterprise-talent-pool-database,/employer/enterprise-talent-pool-database,src/app/employer/enterprise-talent-pool-database/page.tsx,Screen render,,,,,,,,,,yes,yes,unknown,unknown,false,false,none/unknown,,GREEN,LOW,src/app/employer/enterprise-talent-pool-database/page.tsx:1 — screen route /employer/enterprise-talent-pool-database,src/app/employer/enterprise-talent-pool-database/page.tsx,1,Interactive handlers detected; action-level rows follow.
ACT-00681,user_action,/employer/enterprise-talent-pool-database,/employer/enterprise-talent-pool-database,src/app/employer/enterprise-talent-pool-database/page.tsx,onClick handler,,,,,,,,,,unknown,yes,unknown,unknown,false,false,unknown,,GREEN,LOW,src/app/employer/enterprise-talent-pool-database/page.tsx:88 — onClick handler,src/app/employer/enterprise-talent-pool-database/page.tsx,88,No nearby API call detected; verify whether UI-only is intentional.
ACT-00682,user_action,/employer/enterprise-talent-pool-database,/employer/enterprise-talent-pool-database,src/app/employer/enterprise-talent-pool-database/page.tsx,onClick handler,,,,,,,,,,unknown,yes,unknown,unknown,false,false,unknown,,GREEN,LOW,src/app/employer/enterprise-talent-pool-database/page.tsx:98 — onClick handler,src/app/employer/enterprise-talent-pool-database/page.tsx,98,No nearby API call detected; verify whether UI-only is intentional.
ACT-00683,user_action,/employer/enterprise-talent-pool-database,/employer/enterprise-talent-pool-database,src/app/employer/enterprise-talent-pool-database/page.tsx,onChange handler,,,,,,,,,,unknown,yes,unknown,unknown,false,false,unknown,,GREEN,LOW,src/app/employer/enterprise-talent-pool-database/page.tsx:114 — onChange handler,src/app/employer/enterprise-talent-pool-database/page.tsx,114,No nearby API call detected; verify whether UI-only is intentional.
SCR-00684,screen,/employer/final-round-feedback,/employer/final-round-feedback,src/app/employer/final-round-feedback/page.tsx,Screen render,,,,,,,,,,yes,yes,unknown,unknown,false,true,none/unknown,,GREEN,LOW,src/app/employer/final-round-feedback/page.tsx:1 — screen route /employer/final-round-feedback,src/app/employer/final-round-feedback/page.tsx,1,Interactive handlers detected; action-level rows follow.
ACT-00685,user_action,/employer/final-round-feedback,/employer/final-round-feedback,src/app/employer/final-round-feedback/page.tsx,onSubmit handler,,,,,,,,,,unknown,yes,unknown,unknown,false,false,unknown,,GREEN,LOW,src/app/employer/final-round-feedback/page.tsx:89 — onSubmit handler,src/app/employer/final-round-feedback/page.tsx,89,No nearby API call detected; verify whether UI-only is intentional.
ACT-00686,user_action,/employer/final-round-feedback,/employer/final-round-feedback,src/app/employer/final-round-feedback/page.tsx,onClick handler,,,,,,,,,,unknown,yes,unknown,unknown,false,false,unknown,,GREEN,LOW,src/app/employer/final-round-feedback/page.tsx:91 — onClick handler,src/app/employer/final-round-feedback/page.tsx,91,No nearby API call detected; verify whether UI-only is intentional.
ACT-00687,user_action,/employer/final-round-feedback,/employer/final-round-feedback,src/app/employer/final-round-feedback/page.tsx,onChange handler,,,,,,,,,,unknown,yes,unknown,unknown,false,false,unknown,,GREEN,LOW,src/app/employer/final-round-feedback/page.tsx:93 — onChange handler,src/app/employer/final-round-feedback/page.tsx,93,No nearby API call detected; verify whether UI-only is intentional.
ACT-00688,user_action,/employer/final-round-feedback,/employer/final-round-feedback,src/app/employer/final-round-feedback/page.tsx,onChange handler,,,,,,,,,,unknown,yes,unknown,unknown,false,false,unknown,,GREEN,LOW,src/app/employer/final-round-feedback/page.tsx:94 — onChange handler,src/app/employer/final-round-feedback/page.tsx,94,No nearby API call detected; verify whether UI-only is intentional.
ACT-00689,user_action,/employer/final-round-feedback,/employer/final-round-feedback,src/app/employer/final-round-feedback/page.tsx,onChange handler,,,,,,,,,,unknown,yes,unknown,unknown,false,false,unknown,,GREEN,LOW,src/app/employer/final-round-feedback/page.tsx:96 — onChange handler,src/app/employer/final-round-feedback/page.tsx,96,No nearby API call detected; verify whether UI-only is intentional.
ACT-00690,user_action,/employer/final-round-feedback,/employer/final-round-feedback,src/app/employer/final-round-feedback/page.tsx,onChange handler,,,,,,,,,,unknown,yes,unknown,unknown,false,false,unknown,,GREEN,LOW,src/app/employer/final-round-feedback/page.tsx:97 — onChange handler,src/app/employer/final-round-feedback/page.tsx,97,No nearby API call detected; verify whether UI-only is intentional.
ACT-00691,user_action,/employer/final-round-feedback,/employer/final-round-feedback,src/app/employer/final-round-feedback/page.tsx,onClick handler,,,,,,,,,,unknown,yes,unknown,unknown,false,false,unknown,,GREEN,LOW,src/app/employer/final-round-feedback/page.tsx:98 — onClick handler,src/app/employer/final-round-feedback/page.tsx,98,No nearby API call detected; verify whether UI-only is intentional.
ACT-00692,user_action,/employer/final-round-feedback,/employer/final-round-feedback,src/app/employer/final-round-feedback/page.tsx,onClick handler,,,,,,,,,,unknown,yes,unknown,unknown,false,false,unknown,,GREEN,LOW,src/app/employer/final-round-feedback/page.tsx:98 — onClick handler,src/app/employer/final-round-feedback/page.tsx,98,No nearby API call detected; verify whether UI-only is intentional.
ACT-00693,user_action,/employer/final-round-feedback,/employer/final-round-feedback,src/app/employer/final-round-feedback/page.tsx,onClick handler,,,,,,,,,,unknown,yes,unknown,unknown,false,false,unknown,,GREEN,LOW,src/app/employer/final-round-feedback/page.tsx:98 — onClick handler,src/app/employer/final-round-feedback/page.tsx,98,No nearby API call detected; verify whether UI-only is intentional.
CALL-00694,frontend_api_call,/employer/final-round-feedback,/employer/final-round-feedback,src/app/employer/final-round-feedback/page.tsx,fetch GET /api/employer/interviews/${encodeURIComponent(interviewId)}/feedback,/api/employer/interviews/${encodeURIComponent(interviewId)}/feedback,GET,,,,,,,,unknown,yes,unknown,unknown,false,true,unknown,,GREEN,LOW,src/app/employer/final-round-feedback/page.tsx:30 — frontend call GET /api/employer/interviews/${encodeURIComponent(interviewId)}/feedback,src/app/employer/final-round-feedback/page.tsx,30,Must reconcile against an API endpoint row.
CALL-00695,frontend_api_call,/employer/final-round-feedback,/employer/final-round-feedback,src/app/employer/final-round-feedback/page.tsx,fetch POST /api/employer/interviews/${encodeURIComponent(interviewId)}/feedback,/api/employer/interviews/${encodeURIComponent(interviewId)}/feedback,POST,,,,,,,,unknown,yes,unknown,unknown,false,true,unknown,,GREEN,LOW,src/app/employer/final-round-feedback/page.tsx:51 — frontend call POST /api/employer/interviews/${encodeURIComponent(interviewId)}/feedback,src/app/employer/final-round-feedback/page.tsx,51,Must reconcile against an API endpoint row.
CALL-00696,frontend_api_call,/employer/final-round-feedback,/employer/final-round-feedback,src/app/employer/final-round-feedback/page.tsx,fetch POST /api/employer/interviews/${encodeURIComponent(interviewId)}/round-decision,/api/employer/interviews/${encodeURIComponent(interviewId)}/round-decision,POST,,,,,,,,unknown,yes,unknown,unknown,false,true,unknown,,GREEN,LOW,src/app/employer/final-round-feedback/page.tsx:61 — frontend call POST /api/employer/interviews/${encodeURIComponent(interviewId)}/round-decision,src/app/employer/final-round-feedback/page.tsx,61,Must reconcile against an API endpoint row.
SCR-00697,screen,/employer/full-candidate-profile-employer-view,/employer/full-candidate-profile-employer-view,src/app/employer/full-candidate-profile-employer-view/page.tsx,Screen render,,,,,,,,,,yes,yes,unknown,unknown,false,false,none/unknown,,GREEN,LOW,src/app/employer/full-candidate-profile-employer-view/page.tsx:1 — screen route /employer/full-candidate-profile-employer-view,src/app/employer/full-candidate-profile-employer-view/page.tsx,1,No interactive handler detected by static scan.
SCR-00698,screen,/employer/hiring-funnel-detail,/employer/hiring-funnel-detail,src/app/employer/hiring-funnel-detail/page.tsx,Screen render,,,,,,,,,,yes,yes,unknown,unknown,false,false,none/unknown,,GREEN,LOW,src/app/employer/hiring-funnel-detail/page.tsx:1 — screen route /employer/hiring-funnel-detail,src/app/employer/hiring-funnel-detail/page.tsx,1,No interactive handler detected by static scan.
SCR-00699,screen,/employer/hiring-pipeline,/employer/hiring-pipeline,src/app/employer/hiring-pipeline/page.tsx,Screen render,,,,,HiringPipeline,,,,,yes,yes,unknown,yes,false,false,none/unknown,,GREEN,LOW,src/app/employer/hiring-pipeline/page.tsx:1 — screen route /employer/hiring-pipeline,src/app/employer/hiring-pipeline/page.tsx,1,Interactive handlers detected; action-level rows follow.
ACT-00700,user_action,/employer/hiring-pipeline,/employer/hiring-pipeline,src/app/employer/hiring-pipeline/page.tsx,onChange handler,,,,,,,,,,unknown,yes,unknown,unknown,false,false,unknown,,GREEN,LOW,src/app/employer/hiring-pipeline/page.tsx:219 — onChange handler,src/app/employer/hiring-pipeline/page.tsx,219,No nearby API call detected; verify whether UI-only is intentional.
ACT-00701,user_action,/employer/hiring-pipeline,/employer/hiring-pipeline,src/app/employer/hiring-pipeline/page.tsx,onClick handler,,,,,,,,,,unknown,yes,unknown,unknown,false,false,unknown,,GREEN,LOW,src/app/employer/hiring-pipeline/page.tsx:226 — onClick handler,src/app/employer/hiring-pipeline/page.tsx,226,No nearby API call detected; verify whether UI-only is intentional.
ACT-00702,user_action,/employer/hiring-pipeline,/employer/hiring-pipeline,src/app/employer/hiring-pipeline/page.tsx,onClick handler,,,,,,,,,,unknown,yes,unknown,unknown,false,false,unknown,,GREEN,LOW,src/app/employer/hiring-pipeline/page.tsx:235 — onClick handler,src/app/employer/hiring-pipeline/page.tsx,235,No nearby API call detected; verify whether UI-only is intentional.
ACT-00703,user_action,/employer/hiring-pipeline,/employer/hiring-pipeline,src/app/employer/hiring-pipeline/page.tsx,onClick handler,,,,,,,,,,unknown,yes,unknown,unknown,false,false,unknown,,GREEN,LOW,src/app/employer/hiring-pipeline/page.tsx:244 — onClick handler,src/app/employer/hiring-pipeline/page.tsx,244,No nearby API call detected; verify whether UI-only is intentional.
ACT-00704,user_action,/employer/hiring-pipeline,/employer/hiring-pipeline,src/app/employer/hiring-pipeline/page.tsx,onClick handler,,,,,,,,,,unknown,yes,unknown,unknown,false,false,unknown,,GREEN,LOW,src/app/employer/hiring-pipeline/page.tsx:253 — onClick handler,src/app/employer/hiring-pipeline/page.tsx,253,No nearby API call detected; verify whether UI-only is intentional.
ACT-00705,user_action,/employer/hiring-pipeline,/employer/hiring-pipeline,src/app/employer/hiring-pipeline/page.tsx,onClick handler,,,,,,,,,,unknown,yes,unknown,unknown,false,false,unknown,,GREEN,LOW,src/app/employer/hiring-pipeline/page.tsx:266 — onClick handler,src/app/employer/hiring-pipeline/page.tsx,266,No nearby API call detected; verify whether UI-only is intentional.
ACT-00706,user_action,/employer/hiring-pipeline,/employer/hiring-pipeline,src/app/employer/hiring-pipeline/page.tsx,onChange handler,,,,,,,,,,unknown,yes,unknown,unknown,false,false,unknown,,GREEN,LOW,src/app/employer/hiring-pipeline/page.tsx:290 — onChange handler,src/app/employer/hiring-pipeline/page.tsx,290,No nearby API call detected; verify whether UI-only is intentional.
ACT-00707,user_action,/employer/hiring-pipeline,/employer/hiring-pipeline,src/app/employer/hiring-pipeline/page.tsx,onChange handler,,,,,,,,,,unknown,yes,unknown,unknown,false,false,unknown,,GREEN,LOW,src/app/employer/hiring-pipeline/page.tsx:306 — onChange handler,src/app/employer/hiring-pipeline/page.tsx,306,No nearby API call detected; verify whether UI-only is intentional.
ACT-00708,user_action,/employer/hiring-pipeline,/employer/hiring-pipeline,src/app/employer/hiring-pipeline/page.tsx,onChange handler,,,,,,,,,,unknown,yes,unknown,unknown,false,false,unknown,,GREEN,LOW,src/app/employer/hiring-pipeline/page.tsx:320 — onChange handler,src/app/employer/hiring-pipeline/page.tsx,320,No nearby API call detected; verify whether UI-only is intentional.
ACT-00709,user_action,/employer/hiring-pipeline,/employer/hiring-pipeline,src/app/employer/hiring-pipeline/page.tsx,onChange handler,,,,,,,,,,unknown,yes,unknown,unknown,false,false,unknown,,GREEN,LOW,src/app/employer/hiring-pipeline/page.tsx:336 — onChange handler,src/app/employer/hiring-pipeline/page.tsx,336,No nearby API call detected; verify whether UI-only is intentional.
ACT-00710,user_action,/employer/hiring-pipeline,/employer/hiring-pipeline,src/app/employer/hiring-pipeline/page.tsx,onChange handler,,,,,,,,,,unknown,yes,unknown,yes,false,false,unknown,,GREEN,LOW,src/app/employer/hiring-pipeline/page.tsx:351 — onChange handler,src/app/employer/hiring-pipeline/page.tsx,351,No nearby API call detected; verify whether UI-only is intentional.
ACT-00711,user_action,/employer/hiring-pipeline,/employer/hiring-pipeline,src/app/employer/hiring-pipeline/page.tsx,onClick handler,,,,,,,,,,unknown,yes,unknown,yes,false,false,unknown,,GREEN,LOW,src/app/employer/hiring-pipeline/page.tsx:365 — onClick handler,src/app/employer/hiring-pipeline/page.tsx,365,No nearby API call detected; verify whether UI-only is intentional.
ACT-00712,user_action,/employer/hiring-pipeline,/employer/hiring-pipeline,src/app/employer/hiring-pipeline/page.tsx,onChange handler,,,,,,,,,,unknown,yes,unknown,unknown,false,false,unknown,,GREEN,LOW,src/app/employer/hiring-pipeline/page.tsx:479 — onChange handler,src/app/employer/hiring-pipeline/page.tsx,479,No nearby API call detected; verify whether UI-only is intentional.
ACT-00713,user_action,/employer/hiring-pipeline,/employer/hiring-pipeline,src/app/employer/hiring-pipeline/page.tsx,onClick handler,,,,,,,,,,unknown,yes,unknown,unknown,false,false,unknown,,GREEN,LOW,src/app/employer/hiring-pipeline/page.tsx:497 — onClick handler,src/app/employer/hiring-pipeline/page.tsx,497,No nearby API call detected; verify whether UI-only is intentional.
ACT-00714,user_action,/employer/hiring-pipeline,/employer/hiring-pipeline,src/app/employer/hiring-pipeline/page.tsx,onClick handler,,,,,,,,,,unknown,yes,unknown,unknown,false,false,unknown,,GREEN,LOW,src/app/employer/hiring-pipeline/page.tsx:646 — onClick handler,src/app/employer/hiring-pipeline/page.tsx,646,No nearby API call detected; verify whether UI-only is intentional.
ACT-00715,user_action,/employer/hiring-pipeline,/employer/hiring-pipeline,src/app/employer/hiring-pipeline/page.tsx,onChange handler,,,,,,,,,,unknown,yes,unknown,unknown,false,false,unknown,,GREEN,LOW,src/app/employer/hiring-pipeline/page.tsx:668 — onChange handler,src/app/employer/hiring-pipeline/page.tsx,668,No nearby API call detected; verify whether UI-only is intentional.
SCR-00716,screen,/employer/import-jobs,/employer/import-jobs,src/app/employer/import-jobs/page.tsx,Screen render,,,,,,,,,,yes,yes,unknown,unknown,false,false,none/unknown,,GREEN,LOW,src/app/employer/import-jobs/page.tsx:1 — screen route /employer/import-jobs,src/app/employer/import-jobs/page.tsx,1,Interactive handlers detected; action-level rows follow.
ACT-00717,user_action,/employer/import-jobs,/employer/import-jobs,src/app/employer/import-jobs/page.tsx,onClick handler,,,,,,,,,,unknown,yes,unknown,unknown,false,false,unknown,,GREEN,LOW,src/app/employer/import-jobs/page.tsx:158 — onClick handler,src/app/employer/import-jobs/page.tsx,158,No nearby API call detected; verify whether UI-only is intentional.
ACT-00718,user_action,/employer/import-jobs,/employer/import-jobs,src/app/employer/import-jobs/page.tsx,undefined handler,,,,,,,,,,unknown,yes,unknown,unknown,false,false,unknown,,GREEN,LOW,src/app/employer/import-jobs/page.tsx:159 — undefined handler,src/app/employer/import-jobs/page.tsx,159,No nearby API call detected; verify whether UI-only is intentional.
ACT-00719,user_action,/employer/import-jobs,/employer/import-jobs,src/app/employer/import-jobs/page.tsx,undefined handler,,,,,,,,,,unknown,yes,unknown,unknown,false,false,unknown,,GREEN,LOW,src/app/employer/import-jobs/page.tsx:163 — undefined handler,src/app/employer/import-jobs/page.tsx,163,No nearby API call detected; verify whether UI-only is intentional.
ACT-00720,user_action,/employer/import-jobs,/employer/import-jobs,src/app/employer/import-jobs/page.tsx,onClick handler,,,,,,,,,,unknown,yes,unknown,unknown,false,false,unknown,,GREEN,LOW,src/app/employer/import-jobs/page.tsx:223 — onClick handler,src/app/employer/import-jobs/page.tsx,223,No nearby API call detected; verify whether UI-only is intentional.
ACT-00721,user_action,/employer/import-jobs,/employer/import-jobs,src/app/employer/import-jobs/page.tsx,onClick handler,,,,,,,,,,unknown,yes,unknown,unknown,false,false,unknown,,GREEN,LOW,src/app/employer/import-jobs/page.tsx:247 — onClick handler,src/app/employer/import-jobs/page.tsx,247,No nearby API call detected; verify whether UI-only is intentional.
ACT-00722,user_action,/employer/import-jobs,/employer/import-jobs,src/app/employer/import-jobs/page.tsx,onClick handler,,,,,,,,,,unknown,yes,unknown,unknown,false,false,unknown,,GREEN,LOW,src/app/employer/import-jobs/page.tsx:274 — onClick handler,src/app/employer/import-jobs/page.tsx,274,No nearby API call detected; verify whether UI-only is intentional.
ACT-00723,user_action,/employer/import-jobs,/employer/import-jobs,src/app/employer/import-jobs/page.tsx,undefined handler,,,,,,,,,,unknown,yes,unknown,unknown,false,false,unknown,,GREEN,LOW,src/app/employer/import-jobs/page.tsx:274 — undefined handler,src/app/employer/import-jobs/page.tsx,274,No nearby API call detected; verify whether UI-only is intentional.
ACT-00724,user_action,/employer/import-jobs,/employer/import-jobs,src/app/employer/import-jobs/page.tsx,onClick handler,,,,,,,,,,unknown,yes,unknown,unknown,false,false,unknown,,GREEN,LOW,src/app/employer/import-jobs/page.tsx:304 — onClick handler,src/app/employer/import-jobs/page.tsx,304,No nearby API call detected; verify whether UI-only is intentional.
ACT-00725,user_action,/employer/import-jobs,/employer/import-jobs,src/app/employer/import-jobs/page.tsx,onChange handler,,,,,,,,,,unknown,yes,unknown,unknown,false,false,unknown,,GREEN,LOW,src/app/employer/import-jobs/page.tsx:315 — onChange handler,src/app/employer/import-jobs/page.tsx,315,No nearby API call detected; verify whether UI-only is intentional.
ACT-00726,user_action,/employer/import-jobs,/employer/import-jobs,src/app/employer/import-jobs/page.tsx,onClick handler,,,,,,,,,,unknown,yes,unknown,unknown,false,false,unknown,,GREEN,LOW,src/app/employer/import-jobs/page.tsx:380 — onClick handler,src/app/employer/import-jobs/page.tsx,380,No nearby API call detected; verify whether UI-only is intentional.
ACT-00727,user_action,/employer/import-jobs,/employer/import-jobs,src/app/employer/import-jobs/page.tsx,onClick handler,,,,,,,,,,unknown,yes,unknown,unknown,false,false,unknown,,GREEN,LOW,src/app/employer/import-jobs/page.tsx:399 — onClick handler,src/app/employer/import-jobs/page.tsx,399,No nearby API call detected; verify whether UI-only is intentional.
ACT-00728,user_action,/employer/import-jobs,/employer/import-jobs,src/app/employer/import-jobs/page.tsx,onClick handler,,,,,,,,,,unknown,yes,unknown,unknown,false,false,unknown,,GREEN,LOW,src/app/employer/import-jobs/page.tsx:434 — onClick handler,src/app/employer/import-jobs/page.tsx,434,No nearby API call detected; verify whether UI-only is intentional.
ACT-00729,user_action,/employer/import-jobs,/employer/import-jobs,src/app/employer/import-jobs/page.tsx,onClick handler,,,,,,,,,,unknown,yes,unknown,unknown,false,false,unknown,,GREEN,LOW,src/app/employer/import-jobs/page.tsx:511 — onClick handler,src/app/employer/import-jobs/page.tsx,511,No nearby API call detected; verify whether UI-only is intentional.
ACT-00730,user_action,/employer/import-jobs,/employer/import-jobs,src/app/employer/import-jobs/page.tsx,onClick handler,,,,,,,,,,unknown,yes,unknown,unknown,false,false,unknown,,GREEN,LOW,src/app/employer/import-jobs/page.tsx:518 — onClick handler,src/app/employer/import-jobs/page.tsx,518,No nearby API call detected; verify whether UI-only is intentional.
ACT-00731,user_action,/employer/import-jobs,/employer/import-jobs,src/app/employer/import-jobs/page.tsx,onChange handler,,,,,,,,,,unknown,yes,unknown,unknown,false,false,unknown,,GREEN,LOW,src/app/employer/import-jobs/page.tsx:556 — onChange handler,src/app/employer/import-jobs/page.tsx,556,No nearby API call detected; verify whether UI-only is intentional.
ACT-00732,user_action,/employer/import-jobs,/employer/import-jobs,src/app/employer/import-jobs/page.tsx,onChange handler,,,,,,,,,,unknown,yes,unknown,unknown,false,false,unknown,,GREEN,LOW,src/app/employer/import-jobs/page.tsx:585 — onChange handler,src/app/employer/import-jobs/page.tsx,585,No nearby API call detected; verify whether UI-only is intentional.
ACT-00733,user_action,/employer/import-jobs,/employer/import-jobs,src/app/employer/import-jobs/page.tsx,onClick handler,,,,,,,,,,unknown,yes,unknown,unknown,false,false,unknown,,GREEN,LOW,src/app/employer/import-jobs/page.tsx:636 — onClick handler,src/app/employer/import-jobs/page.tsx,636,No nearby API call detected; verify whether UI-only is intentional.
ACT-00734,user_action,/employer/import-jobs,/employer/import-jobs,src/app/employer/import-jobs/page.tsx,onClick handler,,,,,,,,,,unknown,yes,unknown,unknown,false,false,unknown,,GREEN,LOW,src/app/employer/import-jobs/page.tsx:643 — onClick handler,src/app/employer/import-jobs/page.tsx,643,No nearby API call detected; verify whether UI-only is intentional.
ACT-00735,user_action,/employer/import-jobs,/employer/import-jobs,src/app/employer/import-jobs/page.tsx,onClick handler,,,,,,,,,,unknown,yes,unknown,unknown,false,false,unknown,,GREEN,LOW,src/app/employer/import-jobs/page.tsx:696 — onClick handler,src/app/employer/import-jobs/page.tsx,696,No nearby API call detected; verify whether UI-only is intentional.
ACT-00736,user_action,/employer/import-jobs,/employer/import-jobs,src/app/employer/import-jobs/page.tsx,undefined handler,,,,,,,,,,unknown,yes,unknown,unknown,false,false,unknown,,GREEN,LOW,src/app/employer/import-jobs/page.tsx:696 — undefined handler,src/app/employer/import-jobs/page.tsx,696,No nearby API call detected; verify whether UI-only is intentional.
ACT-00737,user_action,/employer/import-jobs,/employer/import-jobs,src/app/employer/import-jobs/page.tsx,onClick handler,,,,,,,,,,unknown,yes,unknown,unknown,false,false,unknown,,GREEN,LOW,src/app/employer/import-jobs/page.tsx:703 — onClick handler,src/app/employer/import-jobs/page.tsx,703,No nearby API call detected; verify whether UI-only is intentional.
ACT-00738,user_action,/employer/import-jobs,/employer/import-jobs,src/app/employer/import-jobs/page.tsx,onClick handler,,,,,,,,,,unknown,yes,unknown,unknown,false,false,unknown,,GREEN,LOW,src/app/employer/import-jobs/page.tsx:710 — onClick handler,src/app/employer/import-jobs/page.tsx,710,No nearby API call detected; verify whether UI-only is intentional.
ACT-00739,user_action,/employer/import-jobs,/employer/import-jobs,src/app/employer/import-jobs/page.tsx,undefined handler,,,,,,,,,,unknown,yes,unknown,unknown,false,false,unknown,,GREEN,LOW,src/app/employer/import-jobs/page.tsx:710 — undefined handler,src/app/employer/import-jobs/page.tsx,710,No nearby API call detected; verify whether UI-only is intentional.
SCR-00740,screen,/employer/interview-feedback-form,/employer/interview-feedback-form,src/app/employer/interview-feedback-form/page.tsx,Screen render,,,,,,,,,,yes,yes,unknown,unknown,false,false,none/unknown,,GREEN,LOW,src/app/employer/interview-feedback-form/page.tsx:1 — screen route /employer/interview-feedback-form,src/app/employer/interview-feedback-form/page.tsx,1,No interactive handler detected by static scan.
SCR-00741,screen,/employer/interview-panel-collaboration,/employer/interview-panel-collaboration,src/app/employer/interview-panel-collaboration/page.tsx,Screen render,,,,,,,Google Gemini | External asset host,,Google Gemini | External asset host,yes,yes,unknown,unknown,false,false,none/unknown,,GREEN,LOW,src/app/employer/interview-panel-collaboration/page.tsx:1 — screen route /employer/interview-panel-collaboration,src/app/employer/interview-panel-collaboration/page.tsx,1,No interactive handler detected by static scan.
SCR-00742,screen,/employer/interview-reschedule-employer-view,/employer/interview-reschedule-employer-view,src/app/employer/interview-reschedule-employer-view/page.tsx,Screen render,,,,,,,,,,yes,yes,unknown,unknown,false,false,none/unknown,,GREEN,LOW,src/app/employer/interview-reschedule-employer-view/page.tsx:1 — screen route /employer/interview-reschedule-employer-view,src/app/employer/interview-reschedule-employer-view/page.tsx,1,Interactive handlers detected; action-level rows follow.
ACT-00743,user_action,/employer/interview-reschedule-employer-view,/employer/interview-reschedule-employer-view,src/app/employer/interview-reschedule-employer-view/page.tsx,onChange handler,,,,,,,,,,unknown,yes,unknown,unknown,false,false,unknown,,GREEN,LOW,src/app/employer/interview-reschedule-employer-view/page.tsx:53 — onChange handler,src/app/employer/interview-reschedule-employer-view/page.tsx,53,No nearby API call detected; verify whether UI-only is intentional.
ACT-00744,user_action,/employer/interview-reschedule-employer-view,/employer/interview-reschedule-employer-view,src/app/employer/interview-reschedule-employer-view/page.tsx,onChange handler,,,,,,,,,,unknown,yes,unknown,unknown,false,false,unknown,,GREEN,LOW,src/app/employer/interview-reschedule-employer-view/page.tsx:63 — onChange handler,src/app/employer/interview-reschedule-employer-view/page.tsx,63,No nearby API call detected; verify whether UI-only is intentional.
ACT-00745,user_action,/employer/interview-reschedule-employer-view,/employer/interview-reschedule-employer-view,src/app/employer/interview-reschedule-employer-view/page.tsx,onClick handler,,,,,,,,,,unknown,yes,unknown,unknown,false,false,unknown,,GREEN,LOW,src/app/employer/interview-reschedule-employer-view/page.tsx:68 — onClick handler,src/app/employer/interview-reschedule-employer-view/page.tsx,68,No nearby API call detected; verify whether UI-only is intentional.
ACT-00746,user_action,/employer/interview-reschedule-employer-view,/employer/interview-reschedule-employer-view,src/app/employer/interview-reschedule-employer-view/page.tsx,onClick handler,,,,,,,,,,unknown,yes,unknown,unknown,false,false,unknown,,GREEN,LOW,src/app/employer/interview-reschedule-employer-view/page.tsx:71 — onClick handler,src/app/employer/interview-reschedule-employer-view/page.tsx,71,No nearby API call detected; verify whether UI-only is intentional.
CALL-00747,frontend_api_call,/employer/interview-reschedule-employer-view,/employer/interview-reschedule-employer-view,src/app/employer/interview-reschedule-employer-view/page.tsx,fetch PATCH /api/employer/interviews/${encodeURIComponent(interviewId)},/api/employer/interviews/${encodeURIComponent(interviewId)},PATCH,,,,,,,,unknown,yes,unknown,unknown,false,false,unknown,,GREEN,LOW,src/app/employer/interview-reschedule-employer-view/page.tsx:22 — frontend call PATCH /api/employer/interviews/${encodeURIComponent(interviewId)},src/app/employer/interview-reschedule-employer-view/page.tsx,22,Must reconcile against an API endpoint row.
SCR-00748,screen,/employer/interview-round-builder,/employer/interview-round-builder,src/app/employer/interview-round-builder/page.tsx,Screen render,,,,,,,,,,yes,yes,unknown,unknown,false,true,none/unknown,,GREEN,LOW,src/app/employer/interview-round-builder/page.tsx:1 — screen route /employer/interview-round-builder,src/app/employer/interview-round-builder/page.tsx,1,Interactive handlers detected; action-level rows follow.
ACT-00749,user_action,/employer/interview-round-builder,/employer/interview-round-builder,src/app/employer/interview-round-builder/page.tsx,onClick handler,,,,,,,,,,unknown,yes,unknown,unknown,false,false,unknown,,GREEN,LOW,src/app/employer/interview-round-builder/page.tsx:73 — onClick handler,src/app/employer/interview-round-builder/page.tsx,73,No nearby API call detected; verify whether UI-only is intentional.
ACT-00750,user_action,/employer/interview-round-builder,/employer/interview-round-builder,src/app/employer/interview-round-builder/page.tsx,onClick handler,,,,,,,,,,unknown,yes,unknown,unknown,false,false,unknown,,GREEN,LOW,src/app/employer/interview-round-builder/page.tsx:85 — onClick handler,src/app/employer/interview-round-builder/page.tsx,85,No nearby API call detected; verify whether UI-only is intentional.
ACT-00751,user_action,/employer/interview-round-builder,/employer/interview-round-builder,src/app/employer/interview-round-builder/page.tsx,onClick handler,,,,,,,,,,unknown,yes,unknown,unknown,false,false,unknown,,GREEN,LOW,src/app/employer/interview-round-builder/page.tsx:85 — onClick handler,src/app/employer/interview-round-builder/page.tsx,85,No nearby API call detected; verify whether UI-only is intentional.
ACT-00752,user_action,/employer/interview-round-builder,/employer/interview-round-builder,src/app/employer/interview-round-builder/page.tsx,onClick handler,,,,,,,,,,unknown,yes,unknown,unknown,false,false,unknown,,GREEN,LOW,src/app/employer/interview-round-builder/page.tsx:85 — onClick handler,src/app/employer/interview-round-builder/page.tsx,85,No nearby API call detected; verify whether UI-only is intentional.
ACT-00753,user_action,/employer/interview-round-builder,/employer/interview-round-builder,src/app/employer/interview-round-builder/page.tsx,onChange handler,,,,,,,,,,unknown,yes,unknown,unknown,false,false,unknown,,GREEN,LOW,src/app/employer/interview-round-builder/page.tsx:88 — onChange handler,src/app/employer/interview-round-builder/page.tsx,88,No nearby API call detected; verify whether UI-only is intentional.
ACT-00754,user_action,/employer/interview-round-builder,/employer/interview-round-builder,src/app/employer/interview-round-builder/page.tsx,onChange handler,,,,,,,,,,unknown,yes,unknown,unknown,false,false,unknown,,GREEN,LOW,src/app/employer/interview-round-builder/page.tsx:89 — onChange handler,src/app/employer/interview-round-builder/page.tsx,89,No nearby API call detected; verify whether UI-only is intentional.
ACT-00755,user_action,/employer/interview-round-builder,/employer/interview-round-builder,src/app/employer/interview-round-builder/page.tsx,onChange handler,,,,,,,,,,unknown,yes,unknown,unknown,false,false,unknown,,GREEN,LOW,src/app/employer/interview-round-builder/page.tsx:90 — onChange handler,src/app/employer/interview-round-builder/page.tsx,90,No nearby API call detected; verify whether UI-only is intentional.
ACT-00756,user_action,/employer/interview-round-builder,/employer/interview-round-builder,src/app/employer/interview-round-builder/page.tsx,onChange handler,,,,,,,,,,unknown,yes,unknown,unknown,false,false,unknown,,GREEN,LOW,src/app/employer/interview-round-builder/page.tsx:91 — onChange handler,src/app/employer/interview-round-builder/page.tsx,91,No nearby API call detected; verify whether UI-only is intentional.
ACT-00757,user_action,/employer/interview-round-builder,/employer/interview-round-builder,src/app/employer/interview-round-builder/page.tsx,onChange handler,,,,,,,,,,unknown,yes,unknown,unknown,false,false,unknown,,GREEN,LOW,src/app/employer/interview-round-builder/page.tsx:92 — onChange handler,src/app/employer/interview-round-builder/page.tsx,92,No nearby API call detected; verify whether UI-only is intentional.
ACT-00758,user_action,/employer/interview-round-builder,/employer/interview-round-builder,src/app/employer/interview-round-builder/page.tsx,onChange handler,,,,,,,,,,unknown,yes,unknown,unknown,false,false,unknown,,GREEN,LOW,src/app/employer/interview-round-builder/page.tsx:93 — onChange handler,src/app/employer/interview-round-builder/page.tsx,93,No nearby API call detected; verify whether UI-only is intentional.
ACT-00759,user_action,/employer/interview-round-builder,/employer/interview-round-builder,src/app/employer/interview-round-builder/page.tsx,onChange handler,,,,,,,,,,unknown,yes,unknown,unknown,false,false,unknown,,GREEN,LOW,src/app/employer/interview-round-builder/page.tsx:94 — onChange handler,src/app/employer/interview-round-builder/page.tsx,94,No nearby API call detected; verify whether UI-only is intentional.
ACT-00760,user_action,/employer/interview-round-builder,/employer/interview-round-builder,src/app/employer/interview-round-builder/page.tsx,onChange handler,,,,,,,,,,unknown,yes,unknown,unknown,false,false,unknown,,GREEN,LOW,src/app/employer/interview-round-builder/page.tsx:95 — onChange handler,src/app/employer/interview-round-builder/page.tsx,95,No nearby API call detected; verify whether UI-only is intentional.
ACT-00761,user_action,/employer/interview-round-builder,/employer/interview-round-builder,src/app/employer/interview-round-builder/page.tsx,onChange handler,,,,,,,,,,unknown,yes,unknown,unknown,false,false,unknown,,GREEN,LOW,src/app/employer/interview-round-builder/page.tsx:96 — onChange handler,src/app/employer/interview-round-builder/page.tsx,96,No nearby API call detected; verify whether UI-only is intentional.
ACT-00762,user_action,/employer/interview-round-builder,/employer/interview-round-builder,src/app/employer/interview-round-builder/page.tsx,onChange handler,,,,,,,,,,unknown,yes,unknown,unknown,false,false,unknown,,GREEN,LOW,src/app/employer/interview-round-builder/page.tsx:97 — onChange handler,src/app/employer/interview-round-builder/page.tsx,97,No nearby API call detected; verify whether UI-only is intentional.
ACT-00763,user_action,/employer/interview-round-builder,/employer/interview-round-builder,src/app/employer/interview-round-builder/page.tsx,onClick handler,,,,,,,,,,unknown,yes,unknown,unknown,false,false,unknown,,GREEN,LOW,src/app/employer/interview-round-builder/page.tsx:102 — onClick handler,src/app/employer/interview-round-builder/page.tsx,102,No nearby API call detected; verify whether UI-only is intentional.
CALL-00764,frontend_api_call,/employer/interview-round-builder,/employer/interview-round-builder,src/app/employer/interview-round-builder/page.tsx,fetch GET /api/employer/jobs/${encodeURIComponent(jobId)}/interview-process,/api/employer/jobs/${encodeURIComponent(jobId)}/interview-process,GET,,,,,,,,unknown,yes,unknown,unknown,false,true,unknown,,GREEN,LOW,src/app/employer/interview-round-builder/page.tsx:31 — frontend call GET /api/employer/jobs/${encodeURIComponent(jobId)}/interview-process,src/app/employer/interview-round-builder/page.tsx,31,Must reconcile against an API endpoint row.
CALL-00765,frontend_api_call,/employer/interview-round-builder,/employer/interview-round-builder,src/app/employer/interview-round-builder/page.tsx,fetch PUT /api/employer/jobs/${encodeURIComponent(jobId)}/interview-process,/api/employer/jobs/${encodeURIComponent(jobId)}/interview-process,PUT,,,,,,,,unknown,yes,unknown,unknown,false,true,unknown,,GREEN,LOW,src/app/employer/interview-round-builder/page.tsx:57 — frontend call PUT /api/employer/jobs/${encodeURIComponent(jobId)}/interview-process,src/app/employer/interview-round-builder/page.tsx,57,Must reconcile against an API endpoint row.
SCR-00766,screen,/employer/interview-scheduler,/employer/interview-scheduler,src/app/employer/interview-scheduler/page.tsx,Screen render,,,,,,,WhatsApp Cloud API,,WhatsApp Cloud API,yes,yes,unknown,unknown,false,true,none/unknown,,GREEN,LOW,src/app/employer/interview-scheduler/page.tsx:1 — screen route /employer/interview-scheduler,src/app/employer/interview-scheduler/page.tsx,1,Interactive handlers detected; action-level rows follow.
ACT-00767,user_action,/employer/interview-scheduler,/employer/interview-scheduler,src/app/employer/interview-scheduler/page.tsx,onSubmit handler,,,,,,,,,,unknown,yes,unknown,unknown,false,false,unknown,,GREEN,LOW,src/app/employer/interview-scheduler/page.tsx:72 — onSubmit handler,src/app/employer/interview-scheduler/page.tsx,72,No nearby API call detected; verify whether UI-only is intentional.
ACT-00768,user_action,/employer/interview-scheduler,/employer/interview-scheduler,src/app/employer/interview-scheduler/page.tsx,onChange handler,,,,,,,,,,unknown,yes,unknown,unknown,false,false,unknown,,GREEN,LOW,src/app/employer/interview-scheduler/page.tsx:77 — onChange handler,src/app/employer/interview-scheduler/page.tsx,77,No nearby API call detected; verify whether UI-only is intentional.
ACT-00769,user_action,/employer/interview-scheduler,/employer/interview-scheduler,src/app/employer/interview-scheduler/page.tsx,onChange handler,,,,,,,,,,unknown,yes,unknown,unknown,false,false,unknown,,GREEN,LOW,src/app/employer/interview-scheduler/page.tsx:83 — onChange handler,src/app/employer/interview-scheduler/page.tsx,83,No nearby API call detected; verify whether UI-only is intentional.
ACT-00770,user_action,/employer/interview-scheduler,/employer/interview-scheduler,src/app/employer/interview-scheduler/page.tsx,onChange handler,,,,,,,,,,unknown,yes,unknown,unknown,false,false,unknown,,GREEN,LOW,src/app/employer/interview-scheduler/page.tsx:90 — onChange handler,src/app/employer/interview-scheduler/page.tsx,90,No nearby API call detected; verify whether UI-only is intentional.
ACT-00771,user_action,/employer/interview-scheduler,/employer/interview-scheduler,src/app/employer/interview-scheduler/page.tsx,onChange handler,,,,,,,,,,unknown,yes,unknown,unknown,false,false,unknown,,GREEN,LOW,src/app/employer/interview-scheduler/page.tsx:94 — onChange handler,src/app/employer/interview-scheduler/page.tsx,94,No nearby API call detected; verify whether UI-only is intentional.
ACT-00772,user_action,/employer/interview-scheduler,/employer/interview-scheduler,src/app/employer/interview-scheduler/page.tsx,onChange handler,,,,,,,WhatsApp Cloud API,,WhatsApp Cloud API,unknown,yes,unknown,unknown,false,false,unknown,,GREEN,LOW,src/app/employer/interview-scheduler/page.tsx:101 — onChange handler,src/app/employer/interview-scheduler/page.tsx,101,No nearby API call detected; verify whether UI-only is intentional.
ACT-00773,user_action,/employer/interview-scheduler,/employer/interview-scheduler,src/app/employer/interview-scheduler/page.tsx,onChange handler,,,,,,,WhatsApp Cloud API,,WhatsApp Cloud API,unknown,yes,unknown,unknown,false,false,unknown,,GREEN,LOW,src/app/employer/interview-scheduler/page.tsx:105 — onChange handler,src/app/employer/interview-scheduler/page.tsx,105,No nearby API call detected; verify whether UI-only is intentional.
ACT-00774,user_action,/employer/interview-scheduler,/employer/interview-scheduler,src/app/employer/interview-scheduler/page.tsx,onChange handler,,,,,,,WhatsApp Cloud API,,WhatsApp Cloud API,unknown,yes,unknown,unknown,false,false,unknown,,GREEN,LOW,src/app/employer/interview-scheduler/page.tsx:111 — onChange handler,src/app/employer/interview-scheduler/page.tsx,111,No nearby API call detected; verify whether UI-only is intentional.
ACT-00775,user_action,/employer/interview-scheduler,/employer/interview-scheduler,src/app/employer/interview-scheduler/page.tsx,onChange handler,,,,,,,WhatsApp Cloud API,,WhatsApp Cloud API,unknown,yes,unknown,unknown,false,false,unknown,,GREEN,LOW,src/app/employer/interview-scheduler/page.tsx:114 — onChange handler,src/app/employer/interview-scheduler/page.tsx,114,No nearby API call detected; verify whether UI-only is intentional.
ACT-00776,user_action,/employer/interview-scheduler,/employer/interview-scheduler,src/app/employer/interview-scheduler/page.tsx,onClick handler,,,,,,,,,,unknown,yes,unknown,unknown,false,false,unknown,,GREEN,LOW,src/app/employer/interview-scheduler/page.tsx:123 — onClick handler,src/app/employer/interview-scheduler/page.tsx,123,No nearby API call detected; verify whether UI-only is intentional.
ACT-00777,user_action,/employer/interview-scheduler,/employer/interview-scheduler,src/app/employer/interview-scheduler/page.tsx,undefined handler,,,,,,,,,,unknown,yes,unknown,unknown,false,false,unknown,,GREEN,LOW,src/app/employer/interview-scheduler/page.tsx:123 — undefined handler,src/app/employer/interview-scheduler/page.tsx,123,No nearby API call detected; verify whether UI-only is intentional.
ACT-00778,user_action,/employer/interview-scheduler,/employer/interview-scheduler,src/app/employer/interview-scheduler/page.tsx,onClick handler,,,,,,,,,,unknown,yes,unknown,unknown,false,false,unknown,,GREEN,LOW,src/app/employer/interview-scheduler/page.tsx:134 — onClick handler,src/app/employer/interview-scheduler/page.tsx,134,No nearby API call detected; verify whether UI-only is intentional.
CALL-00779,frontend_api_call,/employer/interview-scheduler,/employer/interview-scheduler,src/app/employer/interview-scheduler/page.tsx,fetch POST /api/employer/interviews/schedule,/api/employer/interviews/schedule,POST,,,,,WhatsApp Cloud API,,WhatsApp Cloud API,unknown,yes,unknown,unknown,false,true,unknown,,GREEN,LOW,src/app/employer/interview-scheduler/page.tsx:39 — frontend call POST /api/employer/interviews/schedule,src/app/employer/interview-scheduler/page.tsx,39,Must reconcile against an API endpoint row.
SCR-00780,screen,/employer/invitation/accept,/employer/invitation/accept,src/app/employer/invitation/accept/page.tsx,Screen render,,,,,,,,,,yes,yes,unknown,unknown,false,true,none/unknown,,GREEN,LOW,src/app/employer/invitation/accept/page.tsx:1 — screen route /employer/invitation/accept,src/app/employer/invitation/accept/page.tsx,1,Interactive handlers detected; action-level rows follow.
ACT-00781,user_action,/employer/invitation/accept,/employer/invitation/accept,src/app/employer/invitation/accept/page.tsx,onSubmit handler,,,,,,,,,,unknown,yes,unknown,unknown,false,false,unknown,,GREEN,LOW,src/app/employer/invitation/accept/page.tsx:102 — onSubmit handler,src/app/employer/invitation/accept/page.tsx,102,No nearby API call detected; verify whether UI-only is intentional.
ACT-00782,user_action,/employer/invitation/accept,/employer/invitation/accept,src/app/employer/invitation/accept/page.tsx,onChange handler,,,,,,,,,,unknown,yes,unknown,unknown,false,false,unknown,,GREEN,LOW,src/app/employer/invitation/accept/page.tsx:113 — onChange handler,src/app/employer/invitation/accept/page.tsx,113,No nearby API call detected; verify whether UI-only is intentional.
ACT-00783,user_action,/employer/invitation/accept,/employer/invitation/accept,src/app/employer/invitation/accept/page.tsx,onChange handler,,,,,,,,,,unknown,yes,unknown,unknown,false,false,unknown,,GREEN,LOW,src/app/employer/invitation/accept/page.tsx:129 — onChange handler,src/app/employer/invitation/accept/page.tsx,129,No nearby API call detected; verify whether UI-only is intentional.
ACT-00784,user_action,/employer/invitation/accept,/employer/invitation/accept,src/app/employer/invitation/accept/page.tsx,onChange handler,,,,,,,,,,unknown,yes,unknown,unknown,false,false,unknown,,GREEN,LOW,src/app/employer/invitation/accept/page.tsx:145 — onChange handler,src/app/employer/invitation/accept/page.tsx,145,No nearby API call detected; verify whether UI-only is intentional.
CALL-00785,frontend_api_call,/employer/invitation/accept,/employer/invitation/accept,src/app/employer/invitation/accept/page.tsx,fetch POST /api/employer/team/accept,/api/employer/team/accept,POST,,,,,,,,unknown,yes,unknown,unknown,false,true,unknown,,GREEN,LOW,src/app/employer/invitation/accept/page.tsx:51 — frontend call POST /api/employer/team/accept,src/app/employer/invitation/accept/page.tsx,51,Must reconcile against an API endpoint row.
SCR-00786,screen,/employer/job-boost-promote,/employer/job-boost-promote,src/app/employer/job-boost-promote/page.tsx,Screen render,,,,,,,,,,yes,yes,unknown,unknown,false,false,none/unknown,,GREEN,LOW,src/app/employer/job-boost-promote/page.tsx:1 — screen route /employer/job-boost-promote,src/app/employer/job-boost-promote/page.tsx,1,No interactive handler detected by static scan.
SCR-00787,screen,/employer/job-listings-management,/employer/job-listings-management,src/app/employer/job-listings-management/page.tsx,Screen render,,,,,,,,,,yes,yes,yes,yes,false,true,none/unknown,,GREEN,LOW,src/app/employer/job-listings-management/page.tsx:1 — screen route /employer/job-listings-management,src/app/employer/job-listings-management/page.tsx,1,Interactive handlers detected; action-level rows follow.
ACT-00788,user_action,/employer/job-listings-management,/employer/job-listings-management,src/app/employer/job-listings-management/page.tsx,onClick handler,,,,,,,,,,unknown,yes,yes,unknown,false,false,unknown,,GREEN,LOW,src/app/employer/job-listings-management/page.tsx:416 — onClick handler,src/app/employer/job-listings-management/page.tsx,416,No nearby API call detected; verify whether UI-only is intentional.
ACT-00789,user_action,/employer/job-listings-management,/employer/job-listings-management,src/app/employer/job-listings-management/page.tsx,undefined handler,,,,,,,,,,unknown,yes,yes,unknown,false,false,unknown,,GREEN,LOW,src/app/employer/job-listings-management/page.tsx:416 — undefined handler,src/app/employer/job-listings-management/page.tsx,416,No nearby API call detected; verify whether UI-only is intentional.
ACT-00790,user_action,/employer/job-listings-management,/employer/job-listings-management,src/app/employer/job-listings-management/page.tsx,onClick handler,/api/employer/jobs,see endpoint row,,,,,,,,unknown,yes,yes,unknown,false,false,unknown,,GREEN,LOW,src/app/employer/job-listings-management/page.tsx:428 — onClick handler,src/app/employer/job-listings-management/page.tsx,428,Static nearby fetch association; verify exact handler path.
ACT-00791,user_action,/employer/job-listings-management,/employer/job-listings-management,src/app/employer/job-listings-management/page.tsx,onClick handler,,,,,,,,,,unknown,yes,yes,unknown,false,false,unknown,,GREEN,LOW,src/app/employer/job-listings-management/page.tsx:593 — onClick handler,src/app/employer/job-listings-management/page.tsx,593,No nearby API call detected; verify whether UI-only is intentional.
ACT-00792,user_action,/employer/job-listings-management,/employer/job-listings-management,src/app/employer/job-listings-management/page.tsx,onClick handler,,,,,,,,,,unknown,yes,yes,unknown,false,false,unknown,,GREEN,LOW,src/app/employer/job-listings-management/page.tsx:597 — onClick handler,src/app/employer/job-listings-management/page.tsx,597,No nearby API call detected; verify whether UI-only is intentional.
ACT-00793,user_action,/employer/job-listings-management,/employer/job-listings-management,src/app/employer/job-listings-management/page.tsx,onClick handler,,,,,,,,,,unknown,yes,yes,unknown,false,false,unknown,,GREEN,LOW,src/app/employer/job-listings-management/page.tsx:601 — onClick handler,src/app/employer/job-listings-management/page.tsx,601,No nearby API call detected; verify whether UI-only is intentional.
ACT-00794,user_action,/employer/job-listings-management,/employer/job-listings-management,src/app/employer/job-listings-management/page.tsx,onClick handler,,,,,,,,,,unknown,yes,yes,unknown,false,false,unknown,,GREEN,LOW,src/app/employer/job-listings-management/page.tsx:656 — onClick handler,src/app/employer/job-listings-management/page.tsx,656,No nearby API call detected; verify whether UI-only is intentional.
ACT-00795,user_action,/employer/job-listings-management,/employer/job-listings-management,src/app/employer/job-listings-management/page.tsx,undefined handler,,,,,,,,,,unknown,yes,yes,unknown,false,false,unknown,,GREEN,LOW,src/app/employer/job-listings-management/page.tsx:656 — undefined handler,src/app/employer/job-listings-management/page.tsx,656,No nearby API call detected; verify whether UI-only is intentional.
ACT-00796,user_action,/employer/job-listings-management,/employer/job-listings-management,src/app/employer/job-listings-management/page.tsx,onClick handler,,,,,,,,,,unknown,yes,yes,unknown,false,false,unknown,,GREEN,LOW,src/app/employer/job-listings-management/page.tsx:672 — onClick handler,src/app/employer/job-listings-management/page.tsx,672,No nearby API call detected; verify whether UI-only is intentional.
ACT-00797,user_action,/employer/job-listings-management,/employer/job-listings-management,src/app/employer/job-listings-management/page.tsx,onChange handler,,,,,,,,,,unknown,yes,yes,unknown,false,false,unknown,,GREEN,LOW,src/app/employer/job-listings-management/page.tsx:704 — onChange handler,src/app/employer/job-listings-management/page.tsx,704,No nearby API call detected; verify whether UI-only is intentional.
ACT-00798,user_action,/employer/job-listings-management,/employer/job-listings-management,src/app/employer/job-listings-management/page.tsx,onChange handler,,,,,,,,,,unknown,yes,yes,unknown,false,false,unknown,,GREEN,LOW,src/app/employer/job-listings-management/page.tsx:714 — onChange handler,src/app/employer/job-listings-management/page.tsx,714,No nearby API call detected; verify whether UI-only is intentional.
ACT-00799,user_action,/employer/job-listings-management,/employer/job-listings-management,src/app/employer/job-listings-management/page.tsx,onChange handler,,,,,,,,,,unknown,yes,yes,unknown,false,false,unknown,,GREEN,LOW,src/app/employer/job-listings-management/page.tsx:726 — onChange handler,src/app/employer/job-listings-management/page.tsx,726,No nearby API call detected; verify whether UI-only is intentional.
ACT-00800,user_action,/employer/job-listings-management,/employer/job-listings-management,src/app/employer/job-listings-management/page.tsx,onChange handler,,,,,,,,,,unknown,yes,yes,unknown,false,false,unknown,,GREEN,LOW,src/app/employer/job-listings-management/page.tsx:738 — onChange handler,src/app/employer/job-listings-management/page.tsx,738,No nearby API call detected; verify whether UI-only is intentional.
ACT-00801,user_action,/employer/job-listings-management,/employer/job-listings-management,src/app/employer/job-listings-management/page.tsx,onChange handler,,,,,,,,,,unknown,yes,yes,unknown,false,false,unknown,,GREEN,LOW,src/app/employer/job-listings-management/page.tsx:749 — onChange handler,src/app/employer/job-listings-management/page.tsx,749,No nearby API call detected; verify whether UI-only is intentional.
ACT-00802,user_action,/employer/job-listings-management,/employer/job-listings-management,src/app/employer/job-listings-management/page.tsx,onChange handler,,,,,,,,,,unknown,yes,yes,unknown,false,false,unknown,,GREEN,LOW,src/app/employer/job-listings-management/page.tsx:771 — onChange handler,src/app/employer/job-listings-management/page.tsx,771,No nearby API call detected; verify whether UI-only is intentional.
ACT-00803,user_action,/employer/job-listings-management,/employer/job-listings-management,src/app/employer/job-listings-management/page.tsx,onChange handler,,,,,,,,,,unknown,yes,yes,unknown,false,false,unknown,,GREEN,LOW,src/app/employer/job-listings-management/page.tsx:789 — onChange handler,src/app/employer/job-listings-management/page.tsx,789,No nearby API call detected; verify whether UI-only is intentional.
ACT-00804,user_action,/employer/job-listings-management,/employer/job-listings-management,src/app/employer/job-listings-management/page.tsx,onClick handler,,,,,,,,,,unknown,yes,yes,unknown,false,false,unknown,,GREEN,LOW,src/app/employer/job-listings-management/page.tsx:799 — onClick handler,src/app/employer/job-listings-management/page.tsx,799,No nearby API call detected; verify whether UI-only is intentional.
ACT-00805,user_action,/employer/job-listings-management,/employer/job-listings-management,src/app/employer/job-listings-management/page.tsx,onClick handler,,,,,,,,,,unknown,yes,yes,unknown,false,false,unknown,,GREEN,LOW,src/app/employer/job-listings-management/page.tsx:810 — onClick handler,src/app/employer/job-listings-management/page.tsx,810,No nearby API call detected; verify whether UI-only is intentional.
ACT-00806,user_action,/employer/job-listings-management,/employer/job-listings-management,src/app/employer/job-listings-management/page.tsx,onClick handler,,,,,,,,,,unknown,yes,yes,unknown,false,false,unknown,,GREEN,LOW,src/app/employer/job-listings-management/page.tsx:811 — onClick handler,src/app/employer/job-listings-management/page.tsx,811,No nearby API call detected; verify whether UI-only is intentional.
ACT-00807,user_action,/employer/job-listings-management,/employer/job-listings-management,src/app/employer/job-listings-management/page.tsx,onClick handler,,,,,,,,,,unknown,yes,yes,unknown,false,false,unknown,,GREEN,LOW,src/app/employer/job-listings-management/page.tsx:812 — onClick handler,src/app/employer/job-listings-management/page.tsx,812,No nearby API call detected; verify whether UI-only is intentional.
ACT-00808,user_action,/employer/job-listings-management,/employer/job-listings-management,src/app/employer/job-listings-management/page.tsx,onChange handler,,,,,,,,,,unknown,yes,yes,unknown,false,false,unknown,,GREEN,LOW,src/app/employer/job-listings-management/page.tsx:818 — onChange handler,src/app/employer/job-listings-management/page.tsx,818,No nearby API call detected; verify whether UI-only is intentional.
ACT-00809,user_action,/employer/job-listings-management,/employer/job-listings-management,src/app/employer/job-listings-management/page.tsx,onChange handler,,,,,,,,,,unknown,yes,yes,unknown,false,false,unknown,,GREEN,LOW,src/app/employer/job-listings-management/page.tsx:842 — onChange handler,src/app/employer/job-listings-management/page.tsx,842,No nearby API call detected; verify whether UI-only is intentional.
ACT-00810,user_action,/employer/job-listings-management,/employer/job-listings-management,src/app/employer/job-listings-management/page.tsx,onClick handler,,,,,,,,,,unknown,yes,yes,unknown,false,false,unknown,,GREEN,LOW,src/app/employer/job-listings-management/page.tsx:867 — onClick handler,src/app/employer/job-listings-management/page.tsx,867,No nearby API call detected; verify whether UI-only is intentional.
ACT-00811,user_action,/employer/job-listings-management,/employer/job-listings-management,src/app/employer/job-listings-management/page.tsx,undefined handler,,,,,,,,,,unknown,yes,yes,unknown,false,false,unknown,,GREEN,LOW,src/app/employer/job-listings-management/page.tsx:867 — undefined handler,src/app/employer/job-listings-management/page.tsx,867,No nearby API call detected; verify whether UI-only is intentional.
ACT-00812,user_action,/employer/job-listings-management,/employer/job-listings-management,src/app/employer/job-listings-management/page.tsx,onClick handler,,,,,,,,,,unknown,yes,yes,unknown,false,false,unknown,,GREEN,LOW,src/app/employer/job-listings-management/page.tsx:882 — onClick handler,src/app/employer/job-listings-management/page.tsx,882,No nearby API call detected; verify whether UI-only is intentional.
ACT-00813,user_action,/employer/job-listings-management,/employer/job-listings-management,src/app/employer/job-listings-management/page.tsx,onClick handler,,,,,,,,,,unknown,yes,yes,unknown,false,false,unknown,,GREEN,LOW,src/app/employer/job-listings-management/page.tsx:887 — onClick handler,src/app/employer/job-listings-management/page.tsx,887,No nearby API call detected; verify whether UI-only is intentional.
ACT-00814,user_action,/employer/job-listings-management,/employer/job-listings-management,src/app/employer/job-listings-management/page.tsx,onChange handler,,,,,,,,,,unknown,yes,yes,unknown,false,false,unknown,,GREEN,LOW,src/app/employer/job-listings-management/page.tsx:891 — onChange handler,src/app/employer/job-listings-management/page.tsx,891,No nearby API call detected; verify whether UI-only is intentional.
ACT-00815,user_action,/employer/job-listings-management,/employer/job-listings-management,src/app/employer/job-listings-management/page.tsx,onClick handler,,,,,,,,,,unknown,yes,yes,unknown,false,false,unknown,,GREEN,LOW,src/app/employer/job-listings-management/page.tsx:1029 — onClick handler,src/app/employer/job-listings-management/page.tsx,1029,No nearby API call detected; verify whether UI-only is intentional.
ACT-00816,user_action,/employer/job-listings-management,/employer/job-listings-management,src/app/employer/job-listings-management/page.tsx,onClick handler,,,,,,,,,,unknown,yes,yes,unknown,false,false,unknown,,GREEN,LOW,src/app/employer/job-listings-management/page.tsx:1032 — onClick handler,src/app/employer/job-listings-management/page.tsx,1032,No nearby API call detected; verify whether UI-only is intentional.
ACT-00817,user_action,/employer/job-listings-management,/employer/job-listings-management,src/app/employer/job-listings-management/page.tsx,undefined handler,,,,,,,,,,unknown,yes,yes,unknown,false,false,unknown,,GREEN,LOW,src/app/employer/job-listings-management/page.tsx:1032 — undefined handler,src/app/employer/job-listings-management/page.tsx,1032,No nearby API call detected; verify whether UI-only is intentional.
ACT-00818,user_action,/employer/job-listings-management,/employer/job-listings-management,src/app/employer/job-listings-management/page.tsx,onClick handler,,,,,,,,,,unknown,yes,yes,unknown,false,false,unknown,,GREEN,LOW,src/app/employer/job-listings-management/page.tsx:1039 — onClick handler,src/app/employer/job-listings-management/page.tsx,1039,No nearby API call detected; verify whether UI-only is intentional.
ACT-00819,user_action,/employer/job-listings-management,/employer/job-listings-management,src/app/employer/job-listings-management/page.tsx,undefined handler,,,,,,,,,,unknown,yes,yes,unknown,false,false,unknown,,GREEN,LOW,src/app/employer/job-listings-management/page.tsx:1039 — undefined handler,src/app/employer/job-listings-management/page.tsx,1039,No nearby API call detected; verify whether UI-only is intentional.
ACT-00820,user_action,/employer/job-listings-management,/employer/job-listings-management,src/app/employer/job-listings-management/page.tsx,onClick handler,,,,,,,,,,unknown,yes,yes,unknown,false,false,unknown,,GREEN,LOW,src/app/employer/job-listings-management/page.tsx:1046 — onClick handler,src/app/employer/job-listings-management/page.tsx,1046,No nearby API call detected; verify whether UI-only is intentional.
ACT-00821,user_action,/employer/job-listings-management,/employer/job-listings-management,src/app/employer/job-listings-management/page.tsx,undefined handler,,,,,,,,,,unknown,yes,yes,unknown,false,false,unknown,,GREEN,LOW,src/app/employer/job-listings-management/page.tsx:1046 — undefined handler,src/app/employer/job-listings-management/page.tsx,1046,No nearby API call detected; verify whether UI-only is intentional.
ACT-00822,user_action,/employer/job-listings-management,/employer/job-listings-management,src/app/employer/job-listings-management/page.tsx,onClick handler,,,,,,,,,,unknown,yes,yes,unknown,false,false,unknown,,GREEN,LOW,src/app/employer/job-listings-management/page.tsx:1053 — onClick handler,src/app/employer/job-listings-management/page.tsx,1053,No nearby API call detected; verify whether UI-only is intentional.
ACT-00823,user_action,/employer/job-listings-management,/employer/job-listings-management,src/app/employer/job-listings-management/page.tsx,onClick handler,,,,,,,,,,unknown,yes,yes,unknown,false,false,unknown,,GREEN,LOW,src/app/employer/job-listings-management/page.tsx:1060 — onClick handler,src/app/employer/job-listings-management/page.tsx,1060,No nearby API call detected; verify whether UI-only is intentional.
ACT-00824,user_action,/employer/job-listings-management,/employer/job-listings-management,src/app/employer/job-listings-management/page.tsx,onClick handler,,,,,,,,,,unknown,yes,yes,unknown,false,false,unknown,,GREEN,LOW,src/app/employer/job-listings-management/page.tsx:1067 — onClick handler,src/app/employer/job-listings-management/page.tsx,1067,No nearby API call detected; verify whether UI-only is intentional.
ACT-00825,user_action,/employer/job-listings-management,/employer/job-listings-management,src/app/employer/job-listings-management/page.tsx,onClick handler,,,,,,,,,,unknown,yes,yes,unknown,false,false,unknown,,GREEN,LOW,src/app/employer/job-listings-management/page.tsx:1076 — onClick handler,src/app/employer/job-listings-management/page.tsx,1076,No nearby API call detected; verify whether UI-only is intentional.
ACT-00826,user_action,/employer/job-listings-management,/employer/job-listings-management,src/app/employer/job-listings-management/page.tsx,onClick handler,,,,,,,,,,unknown,yes,yes,unknown,false,false,unknown,,GREEN,LOW,src/app/employer/job-listings-management/page.tsx:1092 — onClick handler,src/app/employer/job-listings-management/page.tsx,1092,No nearby API call detected; verify whether UI-only is intentional.
ACT-00827,user_action,/employer/job-listings-management,/employer/job-listings-management,src/app/employer/job-listings-management/page.tsx,onClick handler,,,,,,,,,,unknown,yes,yes,unknown,false,false,unknown,,GREEN,LOW,src/app/employer/job-listings-management/page.tsx:1122 — onClick handler,src/app/employer/job-listings-management/page.tsx,1122,No nearby API call detected; verify whether UI-only is intentional.
ACT-00828,user_action,/employer/job-listings-management,/employer/job-listings-management,src/app/employer/job-listings-management/page.tsx,onChange handler,,,,,,,,,,unknown,yes,yes,unknown,false,false,unknown,,GREEN,LOW,src/app/employer/job-listings-management/page.tsx:1151 — onChange handler,src/app/employer/job-listings-management/page.tsx,1151,No nearby API call detected; verify whether UI-only is intentional.
ACT-00829,user_action,/employer/job-listings-management,/employer/job-listings-management,src/app/employer/job-listings-management/page.tsx,onChange handler,,,,,,,,,,unknown,yes,yes,unknown,false,false,unknown,,GREEN,LOW,src/app/employer/job-listings-management/page.tsx:1160 — onChange handler,src/app/employer/job-listings-management/page.tsx,1160,No nearby API call detected; verify whether UI-only is intentional.
ACT-00830,user_action,/employer/job-listings-management,/employer/job-listings-management,src/app/employer/job-listings-management/page.tsx,onChange handler,,,,,,,,,,unknown,yes,yes,unknown,false,false,unknown,,GREEN,LOW,src/app/employer/job-listings-management/page.tsx:1172 — onChange handler,src/app/employer/job-listings-management/page.tsx,1172,No nearby API call detected; verify whether UI-only is intentional.
ACT-00831,user_action,/employer/job-listings-management,/employer/job-listings-management,src/app/employer/job-listings-management/page.tsx,onChange handler,,,,,,,,,,unknown,yes,yes,unknown,false,false,unknown,,GREEN,LOW,src/app/employer/job-listings-management/page.tsx:1181 — onChange handler,src/app/employer/job-listings-management/page.tsx,1181,No nearby API call detected; verify whether UI-only is intentional.
ACT-00832,user_action,/employer/job-listings-management,/employer/job-listings-management,src/app/employer/job-listings-management/page.tsx,onChange handler,,,,,,,,,,unknown,yes,yes,unknown,false,false,unknown,,GREEN,LOW,src/app/employer/job-listings-management/page.tsx:1193 — onChange handler,src/app/employer/job-listings-management/page.tsx,1193,No nearby API call detected; verify whether UI-only is intentional.
ACT-00833,user_action,/employer/job-listings-management,/employer/job-listings-management,src/app/employer/job-listings-management/page.tsx,onChange handler,,,,,,,,,,unknown,yes,yes,unknown,false,false,unknown,,GREEN,LOW,src/app/employer/job-listings-management/page.tsx:1202 — onChange handler,src/app/employer/job-listings-management/page.tsx,1202,No nearby API call detected; verify whether UI-only is intentional.
ACT-00834,user_action,/employer/job-listings-management,/employer/job-listings-management,src/app/employer/job-listings-management/page.tsx,onChange handler,,,,,,,,,,unknown,yes,yes,unknown,false,false,unknown,,GREEN,LOW,src/app/employer/job-listings-management/page.tsx:1212 — onChange handler,src/app/employer/job-listings-management/page.tsx,1212,No nearby API call detected; verify whether UI-only is intentional.
ACT-00835,user_action,/employer/job-listings-management,/employer/job-listings-management,src/app/employer/job-listings-management/page.tsx,onClick handler,,,,,,,,,,unknown,yes,yes,unknown,false,false,unknown,,GREEN,LOW,src/app/employer/job-listings-management/page.tsx:1235 — onClick handler,src/app/employer/job-listings-management/page.tsx,1235,No nearby API call detected; verify whether UI-only is intentional.
ACT-00836,user_action,/employer/job-listings-management,/employer/job-listings-management,src/app/employer/job-listings-management/page.tsx,onClick handler,,,,,,,,,,unknown,yes,yes,unknown,false,false,unknown,,GREEN,LOW,src/app/employer/job-listings-management/page.tsx:1251 — onClick handler,src/app/employer/job-listings-management/page.tsx,1251,No nearby API call detected; verify whether UI-only is intentional.
ACT-00837,user_action,/employer/job-listings-management,/employer/job-listings-management,src/app/employer/job-listings-management/page.tsx,onClick handler,,,,,,,,,,unknown,yes,yes,unknown,false,false,unknown,,GREEN,LOW,src/app/employer/job-listings-management/page.tsx:1349 — onClick handler,src/app/employer/job-listings-management/page.tsx,1349,No nearby API call detected; verify whether UI-only is intentional.
ACT-00838,user_action,/employer/job-listings-management,/employer/job-listings-management,src/app/employer/job-listings-management/page.tsx,onClick handler,,,,,,,,,,unknown,yes,yes,unknown,false,false,unknown,,GREEN,LOW,src/app/employer/job-listings-management/page.tsx:1355 — onClick handler,src/app/employer/job-listings-management/page.tsx,1355,No nearby API call detected; verify whether UI-only is intentional.
ACT-00839,user_action,/employer/job-listings-management,/employer/job-listings-management,src/app/employer/job-listings-management/page.tsx,onClick handler,,,,,,,,,,unknown,yes,yes,unknown,false,false,unknown,,GREEN,LOW,src/app/employer/job-listings-management/page.tsx:1420 — onClick handler,src/app/employer/job-listings-management/page.tsx,1420,No nearby API call detected; verify whether UI-only is intentional.
ACT-00840,user_action,/employer/job-listings-management,/employer/job-listings-management,src/app/employer/job-listings-management/page.tsx,onClick handler,,,,,,,,,,unknown,yes,yes,unknown,false,false,unknown,,GREEN,LOW,src/app/employer/job-listings-management/page.tsx:1446 — onClick handler,src/app/employer/job-listings-management/page.tsx,1446,No nearby API call detected; verify whether UI-only is intentional.
ACT-00841,user_action,/employer/job-listings-management,/employer/job-listings-management,src/app/employer/job-listings-management/page.tsx,onClick handler,,,,,,,,,,unknown,yes,yes,unknown,false,false,unknown,,GREEN,LOW,src/app/employer/job-listings-management/page.tsx:1452 — onClick handler,src/app/employer/job-listings-management/page.tsx,1452,No nearby API call detected; verify whether UI-only is intentional.
ACT-00842,user_action,/employer/job-listings-management,/employer/job-listings-management,src/app/employer/job-listings-management/page.tsx,onClick handler,,,,,,,,,,unknown,yes,yes,unknown,false,false,unknown,,GREEN,LOW,src/app/employer/job-listings-management/page.tsx:1542 — onClick handler,src/app/employer/job-listings-management/page.tsx,1542,No nearby API call detected; verify whether UI-only is intentional.
ACT-00843,user_action,/employer/job-listings-management,/employer/job-listings-management,src/app/employer/job-listings-management/page.tsx,onClick handler,,,,,,,,,,unknown,yes,yes,unknown,false,false,unknown,,GREEN,LOW,src/app/employer/job-listings-management/page.tsx:1548 — onClick handler,src/app/employer/job-listings-management/page.tsx,1548,No nearby API call detected; verify whether UI-only is intentional.
ACT-00844,user_action,/employer/job-listings-management,/employer/job-listings-management,src/app/employer/job-listings-management/page.tsx,onClick handler,,,,,,,,,,unknown,yes,yes,unknown,false,false,unknown,,GREEN,LOW,src/app/employer/job-listings-management/page.tsx:1610 — onClick handler,src/app/employer/job-listings-management/page.tsx,1610,No nearby API call detected; verify whether UI-only is intentional.
ACT-00845,user_action,/employer/job-listings-management,/employer/job-listings-management,src/app/employer/job-listings-management/page.tsx,onClick handler,,,,,,,,,,unknown,yes,yes,unknown,false,false,unknown,,GREEN,LOW,src/app/employer/job-listings-management/page.tsx:1691 — onClick handler,src/app/employer/job-listings-management/page.tsx,1691,No nearby API call detected; verify whether UI-only is intentional.
ACT-00846,user_action,/employer/job-listings-management,/employer/job-listings-management,src/app/employer/job-listings-management/page.tsx,onClick handler,,,,,,,,,,unknown,yes,yes,unknown,false,false,unknown,,GREEN,LOW,src/app/employer/job-listings-management/page.tsx:1729 — onClick handler,src/app/employer/job-listings-management/page.tsx,1729,No nearby API call detected; verify whether UI-only is intentional.
ACT-00847,user_action,/employer/job-listings-management,/employer/job-listings-management,src/app/employer/job-listings-management/page.tsx,onClick handler,,,,,,,,,,unknown,yes,yes,unknown,false,false,unknown,,GREEN,LOW,src/app/employer/job-listings-management/page.tsx:1733 — onClick handler,src/app/employer/job-listings-management/page.tsx,1733,No nearby API call detected; verify whether UI-only is intentional.
CALL-00848,frontend_api_call,/employer/job-listings-management,/employer/job-listings-management,src/app/employer/job-listings-management/page.tsx,fetch GET /api/employer/jobs,/api/employer/jobs,GET,,,,,,,,unknown,yes,yes,unknown,false,true,unknown,,GREEN,LOW,src/app/employer/job-listings-management/page.tsx:100 — frontend call GET /api/employer/jobs,src/app/employer/job-listings-management/page.tsx,100,Must reconcile against an API endpoint row.
CALL-00849,frontend_api_call,/employer/job-listings-management,/employer/job-listings-management,src/app/employer/job-listings-management/page.tsx,fetch PUT /api/employer/jobs/${encodeURIComponent(id)},/api/employer/jobs/${encodeURIComponent(id)},PUT,,,,,,,,unknown,yes,yes,unknown,false,true,unknown,,GREEN,LOW,src/app/employer/job-listings-management/page.tsx:305 — frontend call PUT /api/employer/jobs/${encodeURIComponent(id)},src/app/employer/job-listings-management/page.tsx,305,Must reconcile against an API endpoint row.
CALL-00850,frontend_api_call,/employer/job-listings-management,/employer/job-listings-management,src/app/employer/job-listings-management/page.tsx,fetch DELETE /api/employer/jobs/${encodeURIComponent(id)},/api/employer/jobs/${encodeURIComponent(id)},DELETE,,,,,,,,unknown,yes,yes,unknown,false,true,unknown,,GREEN,LOW,src/app/employer/job-listings-management/page.tsx:339 — frontend call DELETE /api/employer/jobs/${encodeURIComponent(id)},src/app/employer/job-listings-management/page.tsx,339,Must reconcile against an API endpoint row.
CALL-00851,frontend_api_call,/employer/job-listings-management,/employer/job-listings-management,src/app/employer/job-listings-management/page.tsx,fetch PUT /api/employer/jobs/${id},/api/employer/jobs/${id},PUT,,,,,,,,unknown,yes,yes,unknown,false,true,unknown,,GREEN,LOW,src/app/employer/job-listings-management/page.tsx:366 — frontend call PUT /api/employer/jobs/${id},src/app/employer/job-listings-management/page.tsx,366,Must reconcile against an API endpoint row.
CALL-00852,frontend_api_call,/employer/job-listings-management,/employer/job-listings-management,src/app/employer/job-listings-management/page.tsx,fetch DELETE /api/employer/jobs/${id},/api/employer/jobs/${id},DELETE,,,,,,,,unknown,yes,yes,unknown,false,true,unknown,,GREEN,LOW,src/app/employer/job-listings-management/page.tsx:387 — frontend call DELETE /api/employer/jobs/${id},src/app/employer/job-listings-management/page.tsx,387,Must reconcile against an API endpoint row.
CALL-00853,frontend_api_call,/employer/job-listings-management,/employer/job-listings-management,src/app/employer/job-listings-management/page.tsx,fetch GET /api/employer/jobs,/api/employer/jobs,GET,,,,,,,,unknown,yes,yes,unknown,false,true,unknown,,GREEN,LOW,src/app/employer/job-listings-management/page.tsx:430 — frontend call GET /api/employer/jobs,src/app/employer/job-listings-management/page.tsx,430,Must reconcile against an API endpoint row.
SCR-00854,screen,/employer/job-performance-analytics,/employer/job-performance-analytics,src/app/employer/job-performance-analytics/page.tsx,Screen render,,,,,,,Google Gemini | External asset host,,Google Gemini | External asset host,yes,yes,unknown,unknown,false,false,none/unknown,,GREEN,LOW,src/app/employer/job-performance-analytics/page.tsx:1 — screen route /employer/job-performance-analytics,src/app/employer/job-performance-analytics/page.tsx,1,No interactive handler detected by static scan.
SCR-00855,screen,/employer/managed-hiring/agreements/:id,/employer/managed-hiring/agreements/:id,src/app/employer/managed-hiring/agreements/[id]/page.tsx,Screen render,,,,,,,,,,yes,yes,unknown,unknown,false,true,none/unknown,,GREEN,LOW,src/app/employer/managed-hiring/agreements/[id]/page.tsx:1 — screen route /employer/managed-hiring/agreements/:id,src/app/employer/managed-hiring/agreements/[id]/page.tsx,1,Interactive handlers detected; action-level rows follow.
ACT-00856,user_action,/employer/managed-hiring/agreements/:id,/employer/managed-hiring/agreements/:id,src/app/employer/managed-hiring/agreements/[id]/page.tsx,onClick handler,,,,,,,,,,unknown,yes,unknown,unknown,false,false,unknown,,GREEN,LOW,src/app/employer/managed-hiring/agreements/[id]/page.tsx:108 — onClick handler,src/app/employer/managed-hiring/agreements/[id]/page.tsx,108,No nearby API call detected; verify whether UI-only is intentional.
ACT-00857,user_action,/employer/managed-hiring/agreements/:id,/employer/managed-hiring/agreements/:id,src/app/employer/managed-hiring/agreements/[id]/page.tsx,undefined handler,,,,,,,,,,unknown,yes,unknown,unknown,false,false,unknown,,GREEN,LOW,src/app/employer/managed-hiring/agreements/[id]/page.tsx:108 — undefined handler,src/app/employer/managed-hiring/agreements/[id]/page.tsx,108,No nearby API call detected; verify whether UI-only is intentional.
ACT-00858,user_action,/employer/managed-hiring/agreements/:id,/employer/managed-hiring/agreements/:id,src/app/employer/managed-hiring/agreements/[id]/page.tsx,onClick handler,,,,,,,,,,unknown,yes,unknown,unknown,false,false,unknown,,GREEN,LOW,src/app/employer/managed-hiring/agreements/[id]/page.tsx:142 — onClick handler,src/app/employer/managed-hiring/agreements/[id]/page.tsx,142,No nearby API call detected; verify whether UI-only is intentional.
ACT-00859,user_action,/employer/managed-hiring/agreements/:id,/employer/managed-hiring/agreements/:id,src/app/employer/managed-hiring/agreements/[id]/page.tsx,onChange handler,,,,,,,,,,unknown,yes,unknown,unknown,false,false,unknown,,GREEN,LOW,src/app/employer/managed-hiring/agreements/[id]/page.tsx:233 — onChange handler,src/app/employer/managed-hiring/agreements/[id]/page.tsx,233,No nearby API call detected; verify whether UI-only is intentional.
ACT-00860,user_action,/employer/managed-hiring/agreements/:id,/employer/managed-hiring/agreements/:id,src/app/employer/managed-hiring/agreements/[id]/page.tsx,onChange handler,,,,,,,,,,unknown,yes,unknown,unknown,false,false,unknown,,GREEN,LOW,src/app/employer/managed-hiring/agreements/[id]/page.tsx:242 — onChange handler,src/app/employer/managed-hiring/agreements/[id]/page.tsx,242,No nearby API call detected; verify whether UI-only is intentional.
ACT-00861,user_action,/employer/managed-hiring/agreements/:id,/employer/managed-hiring/agreements/:id,src/app/employer/managed-hiring/agreements/[id]/page.tsx,onClick handler,,,,,,,,,,unknown,yes,unknown,unknown,false,false,unknown,,GREEN,LOW,src/app/employer/managed-hiring/agreements/[id]/page.tsx:252 — onClick handler,src/app/employer/managed-hiring/agreements/[id]/page.tsx,252,No nearby API call detected; verify whether UI-only is intentional.
ACT-00862,user_action,/employer/managed-hiring/agreements/:id,/employer/managed-hiring/agreements/:id,src/app/employer/managed-hiring/agreements/[id]/page.tsx,onClick handler,,,,,,,,,,unknown,yes,unknown,unknown,false,false,unknown,,GREEN,LOW,src/app/employer/managed-hiring/agreements/[id]/page.tsx:260 — onClick handler,src/app/employer/managed-hiring/agreements/[id]/page.tsx,260,No nearby API call detected; verify whether UI-only is intentional.
ACT-00863,user_action,/employer/managed-hiring/agreements/:id,/employer/managed-hiring/agreements/:id,src/app/employer/managed-hiring/agreements/[id]/page.tsx,onChange handler,,,,,,,,,,unknown,yes,unknown,unknown,false,false,unknown,,GREEN,LOW,src/app/employer/managed-hiring/agreements/[id]/page.tsx:273 — onChange handler,src/app/employer/managed-hiring/agreements/[id]/page.tsx,273,No nearby API call detected; verify whether UI-only is intentional.
ACT-00864,user_action,/employer/managed-hiring/agreements/:id,/employer/managed-hiring/agreements/:id,src/app/employer/managed-hiring/agreements/[id]/page.tsx,onClick handler,,,,,,,,,,unknown,yes,unknown,unknown,false,false,unknown,,GREEN,LOW,src/app/employer/managed-hiring/agreements/[id]/page.tsx:277 — onClick handler,src/app/employer/managed-hiring/agreements/[id]/page.tsx,277,No nearby API call detected; verify whether UI-only is intentional.
CALL-00865,frontend_api_call,/employer/managed-hiring/agreements/:id,/employer/managed-hiring/agreements/:id,src/app/employer/managed-hiring/agreements/[id]/page.tsx,fetch GET /api/agreements/contracts/${agreementId},/api/agreements/contracts/${agreementId},GET,,,,,,,,unknown,yes,unknown,unknown,false,true,unknown,,GREEN,LOW,src/app/employer/managed-hiring/agreements/[id]/page.tsx:26 — frontend call GET /api/agreements/contracts/${agreementId},src/app/employer/managed-hiring/agreements/[id]/page.tsx,26,Must reconcile against an API endpoint row.
CALL-00866,frontend_api_call,/employer/managed-hiring/agreements/:id,/employer/managed-hiring/agreements/:id,src/app/employer/managed-hiring/agreements/[id]/page.tsx,fetch POST /api/agreements/contracts/${agreementId},/api/agreements/contracts/${agreementId},POST,,,,,,,,unknown,yes,unknown,unknown,false,true,unknown,,GREEN,LOW,src/app/employer/managed-hiring/agreements/[id]/page.tsx:48 — frontend call POST /api/agreements/contracts/${agreementId},src/app/employer/managed-hiring/agreements/[id]/page.tsx,48,Must reconcile against an API endpoint row.
CALL-00867,frontend_api_call,/employer/managed-hiring/agreements/:id,/employer/managed-hiring/agreements/:id,src/app/employer/managed-hiring/agreements/[id]/page.tsx,fetch POST /api/agreements/contracts/${agreementId},/api/agreements/contracts/${agreementId},POST,,,,,,,,unknown,yes,unknown,unknown,false,true,unknown,,GREEN,LOW,src/app/employer/managed-hiring/agreements/[id]/page.tsx:74 — frontend call POST /api/agreements/contracts/${agreementId},src/app/employer/managed-hiring/agreements/[id]/page.tsx,74,Must reconcile against an API endpoint row.
SCR-00868,screen,/employer/managed-hiring/candidate-tracking,/employer/managed-hiring/candidate-tracking,src/app/employer/managed-hiring/candidate-tracking/page.tsx,Screen render,,,,@/lib/employerCandidates,,,,,,yes,yes,unknown,unknown,false,true,none/unknown,,GREEN,LOW,src/app/employer/managed-hiring/candidate-tracking/page.tsx:1 — screen route /employer/managed-hiring/candidate-tracking,src/app/employer/managed-hiring/candidate-tracking/page.tsx,1,Interactive handlers detected; action-level rows follow.
ACT-00869,user_action,/employer/managed-hiring/candidate-tracking,/employer/managed-hiring/candidate-tracking,src/app/employer/managed-hiring/candidate-tracking/page.tsx,onChange handler,,,,,,,,,,unknown,yes,unknown,unknown,false,false,unknown,,GREEN,LOW,src/app/employer/managed-hiring/candidate-tracking/page.tsx:79 — onChange handler,src/app/employer/managed-hiring/candidate-tracking/page.tsx,79,No nearby API call detected; verify whether UI-only is intentional.
CALL-00870,frontend_api_call,/employer/managed-hiring/candidate-tracking,/employer/managed-hiring/candidate-tracking,src/app/employer/managed-hiring/candidate-tracking/page.tsx,fetch PATCH /api/employer/candidates/${encodeURIComponent(applicationId)}/stage,/api/employer/candidates/${encodeURIComponent(applicationId)}/stage,PATCH,,@/lib/employerCandidates,,,,,,unknown,yes,unknown,unknown,false,true,unknown,,GREEN,LOW,src/app/employer/managed-hiring/candidate-tracking/page.tsx:38 — frontend call PATCH /api/employer/candidates/${encodeURIComponent(applicationId)}/stage,src/app/employer/managed-hiring/candidate-tracking/page.tsx,38,Must reconcile against an API endpoint row.
SCR-00871,screen,/employer/managed-hiring/join,/employer/managed-hiring/join,src/app/employer/managed-hiring/join/page.tsx,Screen render,,,,,,,,,,yes,yes,unknown,unknown,false,true,none/unknown,,GREEN,LOW,src/app/employer/managed-hiring/join/page.tsx:1 — screen route /employer/managed-hiring/join,src/app/employer/managed-hiring/join/page.tsx,1,Interactive handlers detected; action-level rows follow.
ACT-00872,user_action,/employer/managed-hiring/join,/employer/managed-hiring/join,src/app/employer/managed-hiring/join/page.tsx,onSubmit handler,,,,,,,,,,unknown,yes,unknown,unknown,false,false,unknown,,GREEN,LOW,src/app/employer/managed-hiring/join/page.tsx:61 — onSubmit handler,src/app/employer/managed-hiring/join/page.tsx,61,No nearby API call detected; verify whether UI-only is intentional.
ACT-00873,user_action,/employer/managed-hiring/join,/employer/managed-hiring/join,src/app/employer/managed-hiring/join/page.tsx,onChange handler,,,,,,,,,,unknown,yes,unknown,unknown,false,false,unknown,,GREEN,LOW,src/app/employer/managed-hiring/join/page.tsx:62 — onChange handler,src/app/employer/managed-hiring/join/page.tsx,62,No nearby API call detected; verify whether UI-only is intentional.
ACT-00874,user_action,/employer/managed-hiring/join,/employer/managed-hiring/join,src/app/employer/managed-hiring/join/page.tsx,onChange handler,,,,,,,,,,unknown,yes,unknown,unknown,false,false,unknown,,GREEN,LOW,src/app/employer/managed-hiring/join/page.tsx:63 — onChange handler,src/app/employer/managed-hiring/join/page.tsx,63,No nearby API call detected; verify whether UI-only is intentional.
ACT-00875,user_action,/employer/managed-hiring/join,/employer/managed-hiring/join,src/app/employer/managed-hiring/join/page.tsx,onChange handler,,,,,,,,,,unknown,yes,unknown,unknown,false,false,unknown,,GREEN,LOW,src/app/employer/managed-hiring/join/page.tsx:68 — onChange handler,src/app/employer/managed-hiring/join/page.tsx,68,No nearby API call detected; verify whether UI-only is intentional.
ACT-00876,user_action,/employer/managed-hiring/join,/employer/managed-hiring/join,src/app/employer/managed-hiring/join/page.tsx,onChange handler,,,,,,,,,,unknown,yes,unknown,unknown,false,false,unknown,,GREEN,LOW,src/app/employer/managed-hiring/join/page.tsx:69 — onChange handler,src/app/employer/managed-hiring/join/page.tsx,69,No nearby API call detected; verify whether UI-only is intentional.
ACT-00877,user_action,/employer/managed-hiring/join,/employer/managed-hiring/join,src/app/employer/managed-hiring/join/page.tsx,onChange handler,,,,,,,,,,unknown,yes,unknown,unknown,false,false,unknown,,GREEN,LOW,src/app/employer/managed-hiring/join/page.tsx:70 — onChange handler,src/app/employer/managed-hiring/join/page.tsx,70,No nearby API call detected; verify whether UI-only is intentional.
ACT-00878,user_action,/employer/managed-hiring/join,/employer/managed-hiring/join,src/app/employer/managed-hiring/join/page.tsx,onClick handler,,,,,,,,,,unknown,yes,unknown,unknown,false,false,unknown,,GREEN,LOW,src/app/employer/managed-hiring/join/page.tsx:77 — onClick handler,src/app/employer/managed-hiring/join/page.tsx,77,No nearby API call detected; verify whether UI-only is intentional.
ACT-00879,user_action,/employer/managed-hiring/join,/employer/managed-hiring/join,src/app/employer/managed-hiring/join/page.tsx,onClick handler,,,,,,,,,,unknown,yes,unknown,unknown,false,false,unknown,,GREEN,LOW,src/app/employer/managed-hiring/join/page.tsx:78 — onClick handler,src/app/employer/managed-hiring/join/page.tsx,78,No nearby API call detected; verify whether UI-only is intentional.
ACT-00880,user_action,/employer/managed-hiring/join,/employer/managed-hiring/join,src/app/employer/managed-hiring/join/page.tsx,onClick handler,,,,,,,,,,unknown,yes,unknown,unknown,false,false,unknown,,GREEN,LOW,src/app/employer/managed-hiring/join/page.tsx:79 — onClick handler,src/app/employer/managed-hiring/join/page.tsx,79,No nearby API call detected; verify whether UI-only is intentional.
CALL-00881,frontend_api_call,/employer/managed-hiring/join,/employer/managed-hiring/join,src/app/employer/managed-hiring/join/page.tsx,fetch GET /api/employer/managed-hiring/join,/api/employer/managed-hiring/join,GET,,,,,,,,unknown,yes,unknown,unknown,false,true,unknown,,GREEN,LOW,src/app/employer/managed-hiring/join/page.tsx:17 — frontend call GET /api/employer/managed-hiring/join,src/app/employer/managed-hiring/join/page.tsx,17,Must reconcile against an API endpoint row.
CALL-00882,frontend_api_call,/employer/managed-hiring/join,/employer/managed-hiring/join,src/app/employer/managed-hiring/join/page.tsx,fetch GET /api/agreements/contracts?status=ACTIVE,/api/agreements/contracts?status=ACTIVE,GET,,,,,,,,unknown,yes,unknown,unknown,false,true,unknown,,GREEN,LOW,src/app/employer/managed-hiring/join/page.tsx:25 — frontend call GET /api/agreements/contracts?status=ACTIVE,src/app/employer/managed-hiring/join/page.tsx,25,Must reconcile against an API endpoint row.
CALL-00883,frontend_api_call,/employer/managed-hiring/join,/employer/managed-hiring/join,src/app/employer/managed-hiring/join/page.tsx,fetch POST /api/employer/managed-hiring/join,/api/employer/managed-hiring/join,POST,,,,,,,,unknown,yes,unknown,unknown,false,true,unknown,,GREEN,LOW,src/app/employer/managed-hiring/join/page.tsx:34 — frontend call POST /api/employer/managed-hiring/join,src/app/employer/managed-hiring/join/page.tsx,34,Must reconcile against an API endpoint row.
CALL-00884,frontend_api_call,/employer/managed-hiring/join,/employer/managed-hiring/join,src/app/employer/managed-hiring/join/page.tsx,fetch PATCH /api/employer/managed-hiring/join,/api/employer/managed-hiring/join,PATCH,,,,,,,,unknown,yes,unknown,unknown,false,true,unknown,,GREEN,LOW,src/app/employer/managed-hiring/join/page.tsx:48 — frontend call PATCH /api/employer/managed-hiring/join,src/app/employer/managed-hiring/join/page.tsx,48,Must reconcile against an API endpoint row.
SCR-00885,screen,/employer/managed-hiring,/employer/managed-hiring,src/app/employer/managed-hiring/page.tsx,Screen render,,,,,,,,,,yes,yes,unknown,unknown,false,true,none/unknown,,GREEN,LOW,src/app/employer/managed-hiring/page.tsx:1 — screen route /employer/managed-hiring,src/app/employer/managed-hiring/page.tsx,1,Interactive handlers detected; action-level rows follow.
ACT-00886,user_action,/employer/managed-hiring,/employer/managed-hiring,src/app/employer/managed-hiring/page.tsx,onClick handler,,,,,,,,,,unknown,yes,unknown,unknown,false,false,unknown,,GREEN,LOW,src/app/employer/managed-hiring/page.tsx:139 — onClick handler,src/app/employer/managed-hiring/page.tsx,139,No nearby API call detected; verify whether UI-only is intentional.
ACT-00887,user_action,/employer/managed-hiring,/employer/managed-hiring,src/app/employer/managed-hiring/page.tsx,undefined handler,,,,,,,,,,unknown,yes,unknown,unknown,false,false,unknown,,GREEN,LOW,src/app/employer/managed-hiring/page.tsx:139 — undefined handler,src/app/employer/managed-hiring/page.tsx,139,No nearby API call detected; verify whether UI-only is intentional.
ACT-00888,user_action,/employer/managed-hiring,/employer/managed-hiring,src/app/employer/managed-hiring/page.tsx,onClick handler,,,,,,,,,,unknown,yes,unknown,unknown,false,false,unknown,,GREEN,LOW,src/app/employer/managed-hiring/page.tsx:146 — onClick handler,src/app/employer/managed-hiring/page.tsx,146,No nearby API call detected; verify whether UI-only is intentional.
ACT-00889,user_action,/employer/managed-hiring,/employer/managed-hiring,src/app/employer/managed-hiring/page.tsx,undefined handler,,,,,,,,,,unknown,yes,unknown,unknown,false,false,unknown,,GREEN,LOW,src/app/employer/managed-hiring/page.tsx:146 — undefined handler,src/app/employer/managed-hiring/page.tsx,146,No nearby API call detected; verify whether UI-only is intentional.
ACT-00890,user_action,/employer/managed-hiring,/employer/managed-hiring,src/app/employer/managed-hiring/page.tsx,onClick handler,,,,,,,,,,unknown,yes,unknown,unknown,false,false,unknown,,GREEN,LOW,src/app/employer/managed-hiring/page.tsx:152 — onClick handler,src/app/employer/managed-hiring/page.tsx,152,No nearby API call detected; verify whether UI-only is intentional.
ACT-00891,user_action,/employer/managed-hiring,/employer/managed-hiring,src/app/employer/managed-hiring/page.tsx,undefined handler,,,,,,,,,,unknown,yes,unknown,unknown,false,false,unknown,,GREEN,LOW,src/app/employer/managed-hiring/page.tsx:152 — undefined handler,src/app/employer/managed-hiring/page.tsx,152,No nearby API call detected; verify whether UI-only is intentional.
ACT-00892,user_action,/employer/managed-hiring,/employer/managed-hiring,src/app/employer/managed-hiring/page.tsx,onClick handler,,,,,,,,,,unknown,yes,unknown,unknown,false,false,unknown,,GREEN,LOW,src/app/employer/managed-hiring/page.tsx:211 — onClick handler,src/app/employer/managed-hiring/page.tsx,211,No nearby API call detected; verify whether UI-only is intentional.
ACT-00893,user_action,/employer/managed-hiring,/employer/managed-hiring,src/app/employer/managed-hiring/page.tsx,onClick handler,,,,,,,,,,unknown,yes,unknown,unknown,false,false,unknown,,GREEN,LOW,src/app/employer/managed-hiring/page.tsx:268 — onClick handler,src/app/employer/managed-hiring/page.tsx,268,No nearby API call detected; verify whether UI-only is intentional.
ACT-00894,user_action,/employer/managed-hiring,/employer/managed-hiring,src/app/employer/managed-hiring/page.tsx,undefined handler,,,,,,,,,,unknown,yes,unknown,unknown,false,false,unknown,,GREEN,LOW,src/app/employer/managed-hiring/page.tsx:268 — undefined handler,src/app/employer/managed-hiring/page.tsx,268,No nearby API call detected; verify whether UI-only is intentional.
ACT-00895,user_action,/employer/managed-hiring,/employer/managed-hiring,src/app/employer/managed-hiring/page.tsx,onClick handler,,,,,,,,,,unknown,yes,unknown,unknown,false,false,unknown,,GREEN,LOW,src/app/employer/managed-hiring/page.tsx:370 — onClick handler,src/app/employer/managed-hiring/page.tsx,370,No nearby API call detected; verify whether UI-only is intentional.
CALL-00896,frontend_api_call,/employer/managed-hiring,/employer/managed-hiring,src/app/employer/managed-hiring/page.tsx,fetch GET /api/agreements/requirements,/api/agreements/requirements,GET,,,,,,,,unknown,yes,unknown,unknown,false,true,unknown,,GREEN,LOW,src/app/employer/managed-hiring/page.tsx:69 — frontend call GET /api/agreements/requirements,src/app/employer/managed-hiring/page.tsx,69,Must reconcile against an API endpoint row.
CALL-00897,frontend_api_call,/employer/managed-hiring,/employer/managed-hiring,src/app/employer/managed-hiring/page.tsx,fetch GET /api/agreements/contracts,/api/agreements/contracts,GET,,,,,,,,unknown,yes,unknown,unknown,false,true,unknown,,GREEN,LOW,src/app/employer/managed-hiring/page.tsx:70 — frontend call GET /api/agreements/contracts,src/app/employer/managed-hiring/page.tsx,70,Must reconcile against an API endpoint row.
SCR-00898,screen,/employer/managed-hiring/request,/employer/managed-hiring/request,src/app/employer/managed-hiring/request/page.tsx,Screen render,,,,,,,,,,yes,yes,unknown,unknown,false,true,none/unknown,,GREEN,LOW,src/app/employer/managed-hiring/request/page.tsx:1 — screen route /employer/managed-hiring/request,src/app/employer/managed-hiring/request/page.tsx,1,Interactive handlers detected; action-level rows follow.
ACT-00899,user_action,/employer/managed-hiring/request,/employer/managed-hiring/request,src/app/employer/managed-hiring/request/page.tsx,onClick handler,,,,,,,,,,unknown,yes,unknown,unknown,false,false,unknown,,GREEN,LOW,src/app/employer/managed-hiring/request/page.tsx:232 — onClick handler,src/app/employer/managed-hiring/request/page.tsx,232,No nearby API call detected; verify whether UI-only is intentional.
ACT-00900,user_action,/employer/managed-hiring/request,/employer/managed-hiring/request,src/app/employer/managed-hiring/request/page.tsx,undefined handler,,,,,,,,,,unknown,yes,unknown,unknown,false,false,unknown,,GREEN,LOW,src/app/employer/managed-hiring/request/page.tsx:232 — undefined handler,src/app/employer/managed-hiring/request/page.tsx,232,No nearby API call detected; verify whether UI-only is intentional.
ACT-00901,user_action,/employer/managed-hiring/request,/employer/managed-hiring/request,src/app/employer/managed-hiring/request/page.tsx,onClick handler,,,,,,,,,,unknown,yes,unknown,unknown,false,false,unknown,,GREEN,LOW,src/app/employer/managed-hiring/request/page.tsx:248 — onClick handler,src/app/employer/managed-hiring/request/page.tsx,248,No nearby API call detected; verify whether UI-only is intentional.
ACT-00902,user_action,/employer/managed-hiring/request,/employer/managed-hiring/request,src/app/employer/managed-hiring/request/page.tsx,onChange handler,,,,,,,,,,unknown,yes,unknown,unknown,false,false,unknown,,GREEN,LOW,src/app/employer/managed-hiring/request/page.tsx:281 — onChange handler,src/app/employer/managed-hiring/request/page.tsx,281,No nearby API call detected; verify whether UI-only is intentional.
ACT-00903,user_action,/employer/managed-hiring/request,/employer/managed-hiring/request,src/app/employer/managed-hiring/request/page.tsx,onChange handler,,,,,,,,,,unknown,yes,unknown,unknown,false,false,unknown,,GREEN,LOW,src/app/employer/managed-hiring/request/page.tsx:290 — onChange handler,src/app/employer/managed-hiring/request/page.tsx,290,No nearby API call detected; verify whether UI-only is intentional.
ACT-00904,user_action,/employer/managed-hiring/request,/employer/managed-hiring/request,src/app/employer/managed-hiring/request/page.tsx,onChange handler,,,,,,,,,,unknown,yes,unknown,unknown,false,false,unknown,,GREEN,LOW,src/app/employer/managed-hiring/request/page.tsx:299 — onChange handler,src/app/employer/managed-hiring/request/page.tsx,299,No nearby API call detected; verify whether UI-only is intentional.
ACT-00905,user_action,/employer/managed-hiring/request,/employer/managed-hiring/request,src/app/employer/managed-hiring/request/page.tsx,onChange handler,,,,,,,,,,unknown,yes,unknown,unknown,false,false,unknown,,GREEN,LOW,src/app/employer/managed-hiring/request/page.tsx:309 — onChange handler,src/app/employer/managed-hiring/request/page.tsx,309,No nearby API call detected; verify whether UI-only is intentional.
ACT-00906,user_action,/employer/managed-hiring/request,/employer/managed-hiring/request,src/app/employer/managed-hiring/request/page.tsx,onChange handler,,,,,,,,,,unknown,yes,unknown,unknown,false,false,unknown,,GREEN,LOW,src/app/employer/managed-hiring/request/page.tsx:318 — onChange handler,src/app/employer/managed-hiring/request/page.tsx,318,No nearby API call detected; verify whether UI-only is intentional.
ACT-00907,user_action,/employer/managed-hiring/request,/employer/managed-hiring/request,src/app/employer/managed-hiring/request/page.tsx,onChange handler,,,,,,,,,,unknown,yes,unknown,unknown,false,false,unknown,,GREEN,LOW,src/app/employer/managed-hiring/request/page.tsx:328 — onChange handler,src/app/employer/managed-hiring/request/page.tsx,328,No nearby API call detected; verify whether UI-only is intentional.
ACT-00908,user_action,/employer/managed-hiring/request,/employer/managed-hiring/request,src/app/employer/managed-hiring/request/page.tsx,onChange handler,,,,,,,,,,unknown,yes,unknown,unknown,false,false,unknown,,GREEN,LOW,src/app/employer/managed-hiring/request/page.tsx:337 — onChange handler,src/app/employer/managed-hiring/request/page.tsx,337,No nearby API call detected; verify whether UI-only is intentional.
ACT-00909,user_action,/employer/managed-hiring/request,/employer/managed-hiring/request,src/app/employer/managed-hiring/request/page.tsx,onClick handler,,,,,,,,,,unknown,yes,unknown,unknown,false,false,unknown,,GREEN,LOW,src/app/employer/managed-hiring/request/page.tsx:354 — onClick handler,src/app/employer/managed-hiring/request/page.tsx,354,No nearby API call detected; verify whether UI-only is intentional.
ACT-00910,user_action,/employer/managed-hiring/request,/employer/managed-hiring/request,src/app/employer/managed-hiring/request/page.tsx,onClick handler,,,,,,,,,,unknown,yes,unknown,unknown,false,false,unknown,,GREEN,LOW,src/app/employer/managed-hiring/request/page.tsx:372 — onClick handler,src/app/employer/managed-hiring/request/page.tsx,372,No nearby API call detected; verify whether UI-only is intentional.
ACT-00911,user_action,/employer/managed-hiring/request,/employer/managed-hiring/request,src/app/employer/managed-hiring/request/page.tsx,onChange handler,,,,,,,,,,unknown,yes,unknown,unknown,false,false,unknown,,GREEN,LOW,src/app/employer/managed-hiring/request/page.tsx:386 — onChange handler,src/app/employer/managed-hiring/request/page.tsx,386,No nearby API call detected; verify whether UI-only is intentional.
ACT-00912,user_action,/employer/managed-hiring/request,/employer/managed-hiring/request,src/app/employer/managed-hiring/request/page.tsx,onChange handler,,,,,,,,,,unknown,yes,unknown,unknown,false,false,unknown,,GREEN,LOW,src/app/employer/managed-hiring/request/page.tsx:396 — onChange handler,src/app/employer/managed-hiring/request/page.tsx,396,No nearby API call detected; verify whether UI-only is intentional.
ACT-00913,user_action,/employer/managed-hiring/request,/employer/managed-hiring/request,src/app/employer/managed-hiring/request/page.tsx,onChange handler,,,,,,,,,,unknown,yes,unknown,unknown,false,false,unknown,,GREEN,LOW,src/app/employer/managed-hiring/request/page.tsx:405 — onChange handler,src/app/employer/managed-hiring/request/page.tsx,405,No nearby API call detected; verify whether UI-only is intentional.
ACT-00914,user_action,/employer/managed-hiring/request,/employer/managed-hiring/request,src/app/employer/managed-hiring/request/page.tsx,onChange handler,,,,,,,,,,unknown,yes,unknown,unknown,false,false,unknown,,GREEN,LOW,src/app/employer/managed-hiring/request/page.tsx:419 — onChange handler,src/app/employer/managed-hiring/request/page.tsx,419,No nearby API call detected; verify whether UI-only is intentional.
ACT-00915,user_action,/employer/managed-hiring/request,/employer/managed-hiring/request,src/app/employer/managed-hiring/request/page.tsx,onChange handler,,,,,,,,,,unknown,yes,unknown,unknown,false,false,unknown,,GREEN,LOW,src/app/employer/managed-hiring/request/page.tsx:431 — onChange handler,src/app/employer/managed-hiring/request/page.tsx,431,No nearby API call detected; verify whether UI-only is intentional.
ACT-00916,user_action,/employer/managed-hiring/request,/employer/managed-hiring/request,src/app/employer/managed-hiring/request/page.tsx,onChange handler,,,,,,,,,,unknown,yes,unknown,unknown,false,false,unknown,,GREEN,LOW,src/app/employer/managed-hiring/request/page.tsx:455 — onChange handler,src/app/employer/managed-hiring/request/page.tsx,455,No nearby API call detected; verify whether UI-only is intentional.
ACT-00917,user_action,/employer/managed-hiring/request,/employer/managed-hiring/request,src/app/employer/managed-hiring/request/page.tsx,onClick handler,,,,,,,,,,unknown,yes,unknown,unknown,false,false,unknown,,GREEN,LOW,src/app/employer/managed-hiring/request/page.tsx:461 — onClick handler,src/app/employer/managed-hiring/request/page.tsx,461,No nearby API call detected; verify whether UI-only is intentional.
ACT-00918,user_action,/employer/managed-hiring/request,/employer/managed-hiring/request,src/app/employer/managed-hiring/request/page.tsx,onClick handler,,,,,,,,,,unknown,yes,unknown,unknown,false,false,unknown,,GREEN,LOW,src/app/employer/managed-hiring/request/page.tsx:471 — onClick handler,src/app/employer/managed-hiring/request/page.tsx,471,No nearby API call detected; verify whether UI-only is intentional.
ACT-00919,user_action,/employer/managed-hiring/request,/employer/managed-hiring/request,src/app/employer/managed-hiring/request/page.tsx,onChange handler,,,,,,,,,,unknown,yes,unknown,unknown,false,false,unknown,,GREEN,LOW,src/app/employer/managed-hiring/request/page.tsx:482 — onChange handler,src/app/employer/managed-hiring/request/page.tsx,482,No nearby API call detected; verify whether UI-only is intentional.
ACT-00920,user_action,/employer/managed-hiring/request,/employer/managed-hiring/request,src/app/employer/managed-hiring/request/page.tsx,onChange handler,,,,,,,,,,unknown,yes,unknown,unknown,false,false,unknown,,GREEN,LOW,src/app/employer/managed-hiring/request/page.tsx:502 — onChange handler,src/app/employer/managed-hiring/request/page.tsx,502,No nearby API call detected; verify whether UI-only is intentional.
ACT-00921,user_action,/employer/managed-hiring/request,/employer/managed-hiring/request,src/app/employer/managed-hiring/request/page.tsx,onChange handler,,,,,,,,,,unknown,yes,unknown,unknown,false,false,unknown,,GREEN,LOW,src/app/employer/managed-hiring/request/page.tsx:512 — onChange handler,src/app/employer/managed-hiring/request/page.tsx,512,No nearby API call detected; verify whether UI-only is intentional.
ACT-00922,user_action,/employer/managed-hiring/request,/employer/managed-hiring/request,src/app/employer/managed-hiring/request/page.tsx,onChange handler,,,,,,,,,,unknown,yes,unknown,unknown,false,false,unknown,,GREEN,LOW,src/app/employer/managed-hiring/request/page.tsx:521 — onChange handler,src/app/employer/managed-hiring/request/page.tsx,521,No nearby API call detected; verify whether UI-only is intentional.
ACT-00923,user_action,/employer/managed-hiring/request,/employer/managed-hiring/request,src/app/employer/managed-hiring/request/page.tsx,onChange handler,,,,,,,,,,unknown,yes,unknown,unknown,false,false,unknown,,GREEN,LOW,src/app/employer/managed-hiring/request/page.tsx:540 — onChange handler,src/app/employer/managed-hiring/request/page.tsx,540,No nearby API call detected; verify whether UI-only is intentional.
ACT-00924,user_action,/employer/managed-hiring/request,/employer/managed-hiring/request,src/app/employer/managed-hiring/request/page.tsx,onChange handler,,,,,,,,,,unknown,yes,unknown,unknown,false,false,unknown,,GREEN,LOW,src/app/employer/managed-hiring/request/page.tsx:585 — onChange handler,src/app/employer/managed-hiring/request/page.tsx,585,No nearby API call detected; verify whether UI-only is intentional.
ACT-00925,user_action,/employer/managed-hiring/request,/employer/managed-hiring/request,src/app/employer/managed-hiring/request/page.tsx,onClick handler,,,,,,,,,,unknown,yes,unknown,unknown,false,false,unknown,,GREEN,LOW,src/app/employer/managed-hiring/request/page.tsx:596 — onClick handler,src/app/employer/managed-hiring/request/page.tsx,596,No nearby API call detected; verify whether UI-only is intentional.
ACT-00926,user_action,/employer/managed-hiring/request,/employer/managed-hiring/request,src/app/employer/managed-hiring/request/page.tsx,onClick handler,,,,,,,,,,unknown,yes,unknown,unknown,false,false,unknown,,GREEN,LOW,src/app/employer/managed-hiring/request/page.tsx:604 — onClick handler,src/app/employer/managed-hiring/request/page.tsx,604,No nearby API call detected; verify whether UI-only is intentional.
ACT-00927,user_action,/employer/managed-hiring/request,/employer/managed-hiring/request,src/app/employer/managed-hiring/request/page.tsx,onClick handler,,,,,,,,,,unknown,yes,unknown,unknown,false,false,unknown,,GREEN,LOW,src/app/employer/managed-hiring/request/page.tsx:612 — onClick handler,src/app/employer/managed-hiring/request/page.tsx,612,No nearby API call detected; verify whether UI-only is intentional.
ACT-00928,user_action,/employer/managed-hiring/request,/employer/managed-hiring/request,src/app/employer/managed-hiring/request/page.tsx,onClick handler,,,,,,,,,,unknown,yes,unknown,unknown,false,false,unknown,,GREEN,LOW,src/app/employer/managed-hiring/request/page.tsx:634 — onClick handler,src/app/employer/managed-hiring/request/page.tsx,634,No nearby API call detected; verify whether UI-only is intentional.
ACT-00929,user_action,/employer/managed-hiring/request,/employer/managed-hiring/request,src/app/employer/managed-hiring/request/page.tsx,undefined handler,,,,,,,,,,unknown,yes,unknown,unknown,false,false,unknown,,GREEN,LOW,src/app/employer/managed-hiring/request/page.tsx:634 — undefined handler,src/app/employer/managed-hiring/request/page.tsx,634,No nearby API call detected; verify whether UI-only is intentional.
CALL-00930,frontend_api_call,/employer/managed-hiring/request,/employer/managed-hiring/request,src/app/employer/managed-hiring/request/page.tsx,fetch POST /api/agreements/requirements,/api/agreements/requirements,POST,,,,,,,,unknown,yes,unknown,unknown,false,true,unknown,,GREEN,LOW,src/app/employer/managed-hiring/request/page.tsx:194 — frontend call POST /api/agreements/requirements,src/app/employer/managed-hiring/request/page.tsx,194,Must reconcile against an API endpoint row.
SCR-00931,screen,/employer/managed-hiring/service-plan,/employer/managed-hiring/service-plan,src/app/employer/managed-hiring/service-plan/page.tsx,Screen render,,,,,,,WhatsApp Cloud API,,WhatsApp Cloud API,yes,yes,unknown,unknown,false,false,none/unknown,,GREEN,LOW,src/app/employer/managed-hiring/service-plan/page.tsx:1 — screen route /employer/managed-hiring/service-plan,src/app/employer/managed-hiring/service-plan/page.tsx,1,Interactive handlers detected; action-level rows follow.
ACT-00932,user_action,/employer/managed-hiring/service-plan,/employer/managed-hiring/service-plan,src/app/employer/managed-hiring/service-plan/page.tsx,onClick handler,,,,,,,,,,unknown,yes,unknown,unknown,false,false,unknown,,GREEN,LOW,src/app/employer/managed-hiring/service-plan/page.tsx:21 — onClick handler,src/app/employer/managed-hiring/service-plan/page.tsx,21,No nearby API call detected; verify whether UI-only is intentional.
ACT-00933,user_action,/employer/managed-hiring/service-plan,/employer/managed-hiring/service-plan,src/app/employer/managed-hiring/service-plan/page.tsx,onChange handler,,,,,,,WhatsApp Cloud API,,WhatsApp Cloud API,unknown,yes,unknown,unknown,false,false,unknown,,GREEN,LOW,src/app/employer/managed-hiring/service-plan/page.tsx:21 — onChange handler,src/app/employer/managed-hiring/service-plan/page.tsx,21,No nearby API call detected; verify whether UI-only is intentional.
SCR-00934,screen,/employer/offer-letter-create-and-send,/employer/offer-letter-create-and-send,src/app/employer/offer-letter-create-and-send/page.tsx,Screen render,,,,,,,,,,yes,yes,unknown,unknown,false,false,none/unknown,,GREEN,LOW,src/app/employer/offer-letter-create-and-send/page.tsx:1 — screen route /employer/offer-letter-create-and-send,src/app/employer/offer-letter-create-and-send/page.tsx,1,No interactive handler detected by static scan.
SCR-00935,screen,/employer/offer-management-dashboard,/employer/offer-management-dashboard,src/app/employer/offer-management-dashboard/page.tsx,Screen render,,,,,,,,,,yes,yes,unknown,unknown,false,false,none/unknown,,GREEN,LOW,src/app/employer/offer-management-dashboard/page.tsx:1 — screen route /employer/offer-management-dashboard,src/app/employer/offer-management-dashboard/page.tsx,1,No interactive handler detected by static scan.
SCR-00936,screen,/employer/panel-interview-view,/employer/panel-interview-view,src/app/employer/panel-interview-view/page.tsx,Screen render,,,,,,,Google Gemini | External asset host,,Google Gemini | External asset host,yes,yes,unknown,unknown,false,false,none/unknown,,GREEN,LOW,src/app/employer/panel-interview-view/page.tsx:1 — screen route /employer/panel-interview-view,src/app/employer/panel-interview-view/page.tsx,1,No interactive handler detected by static scan.
SCR-00937,screen,/employer/proactive-candidate-search,/employer/proactive-candidate-search,src/app/employer/proactive-candidate-search/page.tsx,Screen render,,,,,,,,,,yes,yes,unknown,unknown,false,true,none/unknown,,GREEN,LOW,src/app/employer/proactive-candidate-search/page.tsx:1 — screen route /employer/proactive-candidate-search,src/app/employer/proactive-candidate-search/page.tsx,1,Interactive handlers detected; action-level rows follow.
ACT-00938,user_action,/employer/proactive-candidate-search,/employer/proactive-candidate-search,src/app/employer/proactive-candidate-search/page.tsx,onClick handler,,,,,,,,,,unknown,yes,unknown,unknown,false,false,unknown,,GREEN,LOW,src/app/employer/proactive-candidate-search/page.tsx:39 — onClick handler,src/app/employer/proactive-candidate-search/page.tsx,39,No nearby API call detected; verify whether UI-only is intentional.
ACT-00939,user_action,/employer/proactive-candidate-search,/employer/proactive-candidate-search,src/app/employer/proactive-candidate-search/page.tsx,onClick handler,,,,,,,,,,unknown,yes,unknown,unknown,false,false,unknown,,GREEN,LOW,src/app/employer/proactive-candidate-search/page.tsx:40 — onClick handler,src/app/employer/proactive-candidate-search/page.tsx,40,No nearby API call detected; verify whether UI-only is intentional.
ACT-00940,user_action,/employer/proactive-candidate-search,/employer/proactive-candidate-search,src/app/employer/proactive-candidate-search/page.tsx,onChange handler,,,,,,,,,,unknown,yes,unknown,unknown,false,false,unknown,,GREEN,LOW,src/app/employer/proactive-candidate-search/page.tsx:43 — onChange handler,src/app/employer/proactive-candidate-search/page.tsx,43,No nearby API call detected; verify whether UI-only is intentional.
ACT-00941,user_action,/employer/proactive-candidate-search,/employer/proactive-candidate-search,src/app/employer/proactive-candidate-search/page.tsx,onChange handler,,,,,,,,,,unknown,yes,unknown,unknown,false,false,unknown,,GREEN,LOW,src/app/employer/proactive-candidate-search/page.tsx:47 — onChange handler,src/app/employer/proactive-candidate-search/page.tsx,47,No nearby API call detected; verify whether UI-only is intentional.
ACT-00942,user_action,/employer/proactive-candidate-search,/employer/proactive-candidate-search,src/app/employer/proactive-candidate-search/page.tsx,onClick handler,,,,,,,,,,unknown,yes,unknown,unknown,false,false,unknown,,GREEN,LOW,src/app/employer/proactive-candidate-search/page.tsx:66 — onClick handler,src/app/employer/proactive-candidate-search/page.tsx,66,No nearby API call detected; verify whether UI-only is intentional.
ACT-00943,user_action,/employer/proactive-candidate-search,/employer/proactive-candidate-search,src/app/employer/proactive-candidate-search/page.tsx,onClick handler,,,,,,,,,,unknown,yes,unknown,unknown,false,false,unknown,,GREEN,LOW,src/app/employer/proactive-candidate-search/page.tsx:66 — onClick handler,src/app/employer/proactive-candidate-search/page.tsx,66,No nearby API call detected; verify whether UI-only is intentional.
CALL-00944,frontend_api_call,/employer/proactive-candidate-search,/employer/proactive-candidate-search,src/app/employer/proactive-candidate-search/page.tsx,fetch GET /api/employer/jobs/${jobId}/source-candidates,/api/employer/jobs/${jobId}/source-candidates,GET,,,,,,,,unknown,yes,unknown,unknown,false,true,unknown,,GREEN,LOW,src/app/employer/proactive-candidate-search/page.tsx:26 — frontend call GET /api/employer/jobs/${jobId}/source-candidates,src/app/employer/proactive-candidate-search/page.tsx,26,Must reconcile against an API endpoint row.
CALL-00945,frontend_api_call,/employer/proactive-candidate-search,/employer/proactive-candidate-search,src/app/employer/proactive-candidate-search/page.tsx,fetch POST /api/employer/jobs/${jobId}/source-candidates/action,/api/employer/jobs/${jobId}/source-candidates/action,POST,,,,,,,,unknown,yes,unknown,unknown,false,true,unknown,,GREEN,LOW,src/app/employer/proactive-candidate-search/page.tsx:31 — frontend call POST /api/employer/jobs/${jobId}/source-candidates/action,src/app/employer/proactive-candidate-search/page.tsx,31,Must reconcile against an API endpoint row.
SCR-00946,screen,/employer/proctoring-security-report,/employer/proctoring-security-report,src/app/employer/proctoring-security-report/page.tsx,Screen render,,,,,,,,,,yes,yes,unknown,unknown,false,false,none/unknown,,GREEN,LOW,src/app/employer/proctoring-security-report/page.tsx:1 — screen route /employer/proctoring-security-report,src/app/employer/proctoring-security-report/page.tsx,1,No interactive handler detected by static scan.
SCR-00947,screen,/employer/recruiter-interaction-hub,/employer/recruiter-interaction-hub,src/app/employer/recruiter-interaction-hub/page.tsx,Screen render,,,,,,,Google Gemini | Stripe | External asset host,,Google Gemini | Stripe | External asset host,yes,yes,unknown,unknown,false,false,none/unknown,,GREEN,LOW,src/app/employer/recruiter-interaction-hub/page.tsx:1 — screen route /employer/recruiter-interaction-hub,src/app/employer/recruiter-interaction-hub/page.tsx,1,No interactive handler detected by static scan.
SCR-00948,screen,/employer/referral-and-source-tracking,/employer/referral-and-source-tracking,src/app/employer/referral-and-source-tracking/page.tsx,Screen render,,,,,,,WhatsApp Cloud API,,WhatsApp Cloud API,yes,yes,unknown,unknown,false,true,none/unknown,,GREEN,LOW,src/app/employer/referral-and-source-tracking/page.tsx:1 — screen route /employer/referral-and-source-tracking,src/app/employer/referral-and-source-tracking/page.tsx,1,Interactive handlers detected; action-level rows follow.
ACT-00949,user_action,/employer/referral-and-source-tracking,/employer/referral-and-source-tracking,src/app/employer/referral-and-source-tracking/page.tsx,onClick handler,,,,,,,,,,unknown,yes,unknown,unknown,false,false,unknown,,GREEN,LOW,src/app/employer/referral-and-source-tracking/page.tsx:76 — onClick handler,src/app/employer/referral-and-source-tracking/page.tsx,76,No nearby API call detected; verify whether UI-only is intentional.
CALL-00950,frontend_api_call,/employer/referral-and-source-tracking,/employer/referral-and-source-tracking,src/app/employer/referral-and-source-tracking/page.tsx,fetch GET /api/employer/source-tracking?days=${period},/api/employer/source-tracking?days=${period},GET,,,,,WhatsApp Cloud API,,WhatsApp Cloud API,unknown,yes,unknown,unknown,false,true,unknown,,GREEN,LOW,src/app/employer/referral-and-source-tracking/page.tsx:49 — frontend call GET /api/employer/source-tracking?days=${period},src/app/employer/referral-and-source-tracking/page.tsx,49,Must reconcile against an API endpoint row.
SCR-00951,screen,/employer/referrals,/employer/referrals,src/app/employer/referrals/page.tsx,Screen render,,,,,,,,,,yes,yes,unknown,unknown,false,true,none/unknown,,GREEN,LOW,src/app/employer/referrals/page.tsx:1 — screen route /employer/referrals,src/app/employer/referrals/page.tsx,1,Interactive handlers detected; action-level rows follow.
ACT-00952,user_action,/employer/referrals,/employer/referrals,src/app/employer/referrals/page.tsx,onClick handler,,,,,,,,,,unknown,yes,unknown,unknown,false,false,unknown,,GREEN,LOW,src/app/employer/referrals/page.tsx:295 — onClick handler,src/app/employer/referrals/page.tsx,295,No nearby API call detected; verify whether UI-only is intentional.
ACT-00953,user_action,/employer/referrals,/employer/referrals,src/app/employer/referrals/page.tsx,onSubmit handler,,,,,,,,,,unknown,yes,unknown,unknown,false,false,unknown,,GREEN,LOW,src/app/employer/referrals/page.tsx:315 — onSubmit handler,src/app/employer/referrals/page.tsx,315,No nearby API call detected; verify whether UI-only is intentional.
ACT-00954,user_action,/employer/referrals,/employer/referrals,src/app/employer/referrals/page.tsx,onChange handler,,,,,,,,,,unknown,yes,unknown,unknown,false,false,unknown,,GREEN,LOW,src/app/employer/referrals/page.tsx:322 — onChange handler,src/app/employer/referrals/page.tsx,322,No nearby API call detected; verify whether UI-only is intentional.
ACT-00955,user_action,/employer/referrals,/employer/referrals,src/app/employer/referrals/page.tsx,onChange handler,,,,,,,,,,unknown,yes,unknown,unknown,false,false,unknown,,GREEN,LOW,src/app/employer/referrals/page.tsx:333 — onChange handler,src/app/employer/referrals/page.tsx,333,No nearby API call detected; verify whether UI-only is intentional.
ACT-00956,user_action,/employer/referrals,/employer/referrals,src/app/employer/referrals/page.tsx,onSubmit handler,,,,,,,,,,unknown,yes,unknown,unknown,false,false,unknown,,GREEN,LOW,src/app/employer/referrals/page.tsx:371 — onSubmit handler,src/app/employer/referrals/page.tsx,371,No nearby API call detected; verify whether UI-only is intentional.
ACT-00957,user_action,/employer/referrals,/employer/referrals,src/app/employer/referrals/page.tsx,onClick handler,,,,,,,,,,unknown,yes,unknown,unknown,false,false,unknown,,GREEN,LOW,src/app/employer/referrals/page.tsx:378 — onClick handler,src/app/employer/referrals/page.tsx,378,No nearby API call detected; verify whether UI-only is intentional.
ACT-00958,user_action,/employer/referrals,/employer/referrals,src/app/employer/referrals/page.tsx,onChange handler,,,,,,,,,,unknown,yes,unknown,unknown,false,false,unknown,,GREEN,LOW,src/app/employer/referrals/page.tsx:399 — onChange handler,src/app/employer/referrals/page.tsx,399,No nearby API call detected; verify whether UI-only is intentional.
ACT-00959,user_action,/employer/referrals,/employer/referrals,src/app/employer/referrals/page.tsx,onChange handler,,,,,,,,,,unknown,yes,unknown,unknown,false,false,unknown,,GREEN,LOW,src/app/employer/referrals/page.tsx:413 — onChange handler,src/app/employer/referrals/page.tsx,413,No nearby API call detected; verify whether UI-only is intentional.
ACT-00960,user_action,/employer/referrals,/employer/referrals,src/app/employer/referrals/page.tsx,onChange handler,,,,,,,,,,unknown,yes,unknown,unknown,false,false,unknown,,GREEN,LOW,src/app/employer/referrals/page.tsx:430 — onChange handler,src/app/employer/referrals/page.tsx,430,No nearby API call detected; verify whether UI-only is intentional.
ACT-00961,user_action,/employer/referrals,/employer/referrals,src/app/employer/referrals/page.tsx,onChange handler,,,,,,,,,,unknown,yes,unknown,unknown,false,false,unknown,,GREEN,LOW,src/app/employer/referrals/page.tsx:440 — onChange handler,src/app/employer/referrals/page.tsx,440,No nearby API call detected; verify whether UI-only is intentional.
ACT-00962,user_action,/employer/referrals,/employer/referrals,src/app/employer/referrals/page.tsx,onChange handler,,,,,,,,,,unknown,yes,unknown,unknown,false,false,unknown,,GREEN,LOW,src/app/employer/referrals/page.tsx:453 — onChange handler,src/app/employer/referrals/page.tsx,453,No nearby API call detected; verify whether UI-only is intentional.
ACT-00963,user_action,/employer/referrals,/employer/referrals,src/app/employer/referrals/page.tsx,onChange handler,,,,,,,,,,unknown,yes,unknown,unknown,false,false,unknown,,GREEN,LOW,src/app/employer/referrals/page.tsx:464 — onChange handler,src/app/employer/referrals/page.tsx,464,No nearby API call detected; verify whether UI-only is intentional.
ACT-00964,user_action,/employer/referrals,/employer/referrals,src/app/employer/referrals/page.tsx,onChange handler,,,,,,,,,,unknown,yes,unknown,unknown,false,false,unknown,,GREEN,LOW,src/app/employer/referrals/page.tsx:476 — onChange handler,src/app/employer/referrals/page.tsx,476,No nearby API call detected; verify whether UI-only is intentional.
ACT-00965,user_action,/employer/referrals,/employer/referrals,src/app/employer/referrals/page.tsx,onClick handler,,,,,,,,,,unknown,yes,unknown,unknown,false,false,unknown,,GREEN,LOW,src/app/employer/referrals/page.tsx:521 — onClick handler,src/app/employer/referrals/page.tsx,521,No nearby API call detected; verify whether UI-only is intentional.
ACT-00966,user_action,/employer/referrals,/employer/referrals,src/app/employer/referrals/page.tsx,onClick handler,,,,,,,,,,unknown,yes,unknown,unknown,false,false,unknown,,GREEN,LOW,src/app/employer/referrals/page.tsx:531 — onClick handler,src/app/employer/referrals/page.tsx,531,No nearby API call detected; verify whether UI-only is intentional.
CALL-00967,frontend_api_call,/employer/referrals,/employer/referrals,src/app/employer/referrals/page.tsx,fetch GET /api/referrals,/api/referrals,GET,,,,,,,,unknown,yes,unknown,unknown,false,true,unknown,,GREEN,LOW,src/app/employer/referrals/page.tsx:83 — frontend call GET /api/referrals,src/app/employer/referrals/page.tsx,83,Must reconcile against an API endpoint row.
CALL-00968,frontend_api_call,/employer/referrals,/employer/referrals,src/app/employer/referrals/page.tsx,fetch POST /api/referrals/payout,/api/referrals/payout,POST,,,,,,,,unknown,yes,unknown,unknown,false,true,unknown,,GREEN,LOW,src/app/employer/referrals/page.tsx:134 — frontend call POST /api/referrals/payout,src/app/employer/referrals/page.tsx,134,Must reconcile against an API endpoint row.
CALL-00969,frontend_api_call,/employer/referrals,/employer/referrals,src/app/employer/referrals/page.tsx,fetch GET /api/referrals,/api/referrals,GET,,,,,,,,unknown,yes,unknown,unknown,false,true,unknown,,GREEN,LOW,src/app/employer/referrals/page.tsx:152 — frontend call GET /api/referrals,src/app/employer/referrals/page.tsx,152,Must reconcile against an API endpoint row.
CALL-00970,frontend_api_call,/employer/referrals,/employer/referrals,src/app/employer/referrals/page.tsx,fetch POST /api/referrals,/api/referrals,POST,,,,,,,,unknown,yes,unknown,unknown,false,true,unknown,,GREEN,LOW,src/app/employer/referrals/page.tsx:171 — frontend call POST /api/referrals,src/app/employer/referrals/page.tsx,171,Must reconcile against an API endpoint row.
SCR-00971,screen,/employer/revenue-and-billing-management,/employer/revenue-and-billing-management,src/app/employer/revenue-and-billing-management/page.tsx,Screen render,,,,,,,,,,yes,yes,unknown,unknown,false,true,none/unknown,,GREEN,LOW,src/app/employer/revenue-and-billing-management/page.tsx:1 — screen route /employer/revenue-and-billing-management,src/app/employer/revenue-and-billing-management/page.tsx,1,Interactive handlers detected; action-level rows follow.
ACT-00972,user_action,/employer/revenue-and-billing-management,/employer/revenue-and-billing-management,src/app/employer/revenue-and-billing-management/page.tsx,onClick handler,,,,,,,,,,unknown,yes,unknown,unknown,false,false,unknown,,GREEN,LOW,src/app/employer/revenue-and-billing-management/page.tsx:193 — onClick handler,src/app/employer/revenue-and-billing-management/page.tsx,193,No nearby API call detected; verify whether UI-only is intentional.
ACT-00973,user_action,/employer/revenue-and-billing-management,/employer/revenue-and-billing-management,src/app/employer/revenue-and-billing-management/page.tsx,onClick handler,,,,,,,,,,unknown,yes,unknown,unknown,false,false,unknown,,GREEN,LOW,src/app/employer/revenue-and-billing-management/page.tsx:219 — onClick handler,src/app/employer/revenue-and-billing-management/page.tsx,219,No nearby API call detected; verify whether UI-only is intentional.
ACT-00974,user_action,/employer/revenue-and-billing-management,/employer/revenue-and-billing-management,src/app/employer/revenue-and-billing-management/page.tsx,onClick handler,,,,,,,,,,unknown,yes,unknown,unknown,false,false,unknown,,GREEN,LOW,src/app/employer/revenue-and-billing-management/page.tsx:225 — onClick handler,src/app/employer/revenue-and-billing-management/page.tsx,225,No nearby API call detected; verify whether UI-only is intentional.
ACT-00975,user_action,/employer/revenue-and-billing-management,/employer/revenue-and-billing-management,src/app/employer/revenue-and-billing-management/page.tsx,onClick handler,,,,,,,,,,unknown,yes,unknown,unknown,false,false,unknown,,GREEN,LOW,src/app/employer/revenue-and-billing-management/page.tsx:304 — onClick handler,src/app/employer/revenue-and-billing-management/page.tsx,304,No nearby API call detected; verify whether UI-only is intentional.
ACT-00976,user_action,/employer/revenue-and-billing-management,/employer/revenue-and-billing-management,src/app/employer/revenue-and-billing-management/page.tsx,onClick handler,,,,,,,,,,unknown,yes,unknown,unknown,false,false,unknown,,GREEN,LOW,src/app/employer/revenue-and-billing-management/page.tsx:311 — onClick handler,src/app/employer/revenue-and-billing-management/page.tsx,311,No nearby API call detected; verify whether UI-only is intentional.
ACT-00977,user_action,/employer/revenue-and-billing-management,/employer/revenue-and-billing-management,src/app/employer/revenue-and-billing-management/page.tsx,onClick handler,,,,,,,,,,unknown,yes,unknown,unknown,false,false,unknown,,GREEN,LOW,src/app/employer/revenue-and-billing-management/page.tsx:330 — onClick handler,src/app/employer/revenue-and-billing-management/page.tsx,330,No nearby API call detected; verify whether UI-only is intentional.
ACT-00978,user_action,/employer/revenue-and-billing-management,/employer/revenue-and-billing-management,src/app/employer/revenue-and-billing-management/page.tsx,onClick handler,,,,,,,,,,unknown,yes,unknown,unknown,false,false,unknown,,GREEN,LOW,src/app/employer/revenue-and-billing-management/page.tsx:337 — onClick handler,src/app/employer/revenue-and-billing-management/page.tsx,337,No nearby API call detected; verify whether UI-only is intentional.
ACT-00979,user_action,/employer/revenue-and-billing-management,/employer/revenue-and-billing-management,src/app/employer/revenue-and-billing-management/page.tsx,onChange handler,,,,,,,,,,unknown,yes,unknown,unknown,false,false,unknown,,GREEN,LOW,src/app/employer/revenue-and-billing-management/page.tsx:360 — onChange handler,src/app/employer/revenue-and-billing-management/page.tsx,360,No nearby API call detected; verify whether UI-only is intentional.
ACT-00980,user_action,/employer/revenue-and-billing-management,/employer/revenue-and-billing-management,src/app/employer/revenue-and-billing-management/page.tsx,onChange handler,,,,,,,,,,unknown,yes,unknown,unknown,false,false,unknown,,GREEN,LOW,src/app/employer/revenue-and-billing-management/page.tsx:382 — onChange handler,src/app/employer/revenue-and-billing-management/page.tsx,382,No nearby API call detected; verify whether UI-only is intentional.
ACT-00981,user_action,/employer/revenue-and-billing-management,/employer/revenue-and-billing-management,src/app/employer/revenue-and-billing-management/page.tsx,onClick handler,,,,,,,,,,unknown,yes,unknown,unknown,false,false,unknown,,GREEN,LOW,src/app/employer/revenue-and-billing-management/page.tsx:395 — onClick handler,src/app/employer/revenue-and-billing-management/page.tsx,395,No nearby API call detected; verify whether UI-only is intentional.
ACT-00982,user_action,/employer/revenue-and-billing-management,/employer/revenue-and-billing-management,src/app/employer/revenue-and-billing-management/page.tsx,onClick handler,,,,,,,,,,unknown,yes,unknown,unknown,false,false,unknown,,GREEN,LOW,src/app/employer/revenue-and-billing-management/page.tsx:407 — onClick handler,src/app/employer/revenue-and-billing-management/page.tsx,407,No nearby API call detected; verify whether UI-only is intentional.
ACT-00983,user_action,/employer/revenue-and-billing-management,/employer/revenue-and-billing-management,src/app/employer/revenue-and-billing-management/page.tsx,onClick handler,,,,,,,,,,unknown,yes,unknown,unknown,false,false,unknown,,GREEN,LOW,src/app/employer/revenue-and-billing-management/page.tsx:414 — onClick handler,src/app/employer/revenue-and-billing-management/page.tsx,414,No nearby API call detected; verify whether UI-only is intentional.
CALL-00984,frontend_api_call,/employer/revenue-and-billing-management,/employer/revenue-and-billing-management,src/app/employer/revenue-and-billing-management/page.tsx,fetch POST /api/employer/billing/invoices/${invoiceId}/pay,/api/employer/billing/invoices/${invoiceId}/pay,POST,,,,,,,,unknown,yes,unknown,unknown,false,true,unknown,,GREEN,LOW,src/app/employer/revenue-and-billing-management/page.tsx:41 — frontend call POST /api/employer/billing/invoices/${invoiceId}/pay,src/app/employer/revenue-and-billing-management/page.tsx,41,Must reconcile against an API endpoint row.
CALL-00985,frontend_api_call,/employer/revenue-and-billing-management,/employer/revenue-and-billing-management,src/app/employer/revenue-and-billing-management/page.tsx,fetch GET /api/employer/billing/invoices,/api/employer/billing/invoices,GET,,,,,,,,unknown,yes,unknown,unknown,false,true,unknown,,GREEN,LOW,src/app/employer/revenue-and-billing-management/page.tsx:52 — frontend call GET /api/employer/billing/invoices,src/app/employer/revenue-and-billing-management/page.tsx,52,Must reconcile against an API endpoint row.
CALL-00986,frontend_api_call,/employer/revenue-and-billing-management,/employer/revenue-and-billing-management,src/app/employer/revenue-and-billing-management/page.tsx,fetch POST /api/employer/billing/invoices/${invoiceId}/receipt,/api/employer/billing/invoices/${invoiceId}/receipt,POST,,,,,,,,unknown,yes,unknown,unknown,false,true,unknown,,GREEN,LOW,src/app/employer/revenue-and-billing-management/page.tsx:76 — frontend call POST /api/employer/billing/invoices/${invoiceId}/receipt,src/app/employer/revenue-and-billing-management/page.tsx,76,Must reconcile against an API endpoint row.
CALL-00987,frontend_api_call,/employer/revenue-and-billing-management,/employer/revenue-and-billing-management,src/app/employer/revenue-and-billing-management/page.tsx,fetch GET /api/employer/billing/invoices,/api/employer/billing/invoices,GET,,,,,,,,unknown,yes,unknown,unknown,false,true,unknown,,GREEN,LOW,src/app/employer/revenue-and-billing-management/page.tsx:93 — frontend call GET /api/employer/billing/invoices,src/app/employer/revenue-and-billing-management/page.tsx,93,Must reconcile against an API endpoint row.
CALL-00988,frontend_api_call,/employer/revenue-and-billing-management,/employer/revenue-and-billing-management,src/app/employer/revenue-and-billing-management/page.tsx,fetch GET /api/employer/billing/invoices,/api/employer/billing/invoices,GET,,,,,,,,unknown,yes,unknown,unknown,false,true,unknown,,GREEN,LOW,src/app/employer/revenue-and-billing-management/page.tsx:107 — frontend call GET /api/employer/billing/invoices,src/app/employer/revenue-and-billing-management/page.tsx,107,Must reconcile against an API endpoint row.
SCR-00989,screen,/employer/roles-and-permissions,/employer/roles-and-permissions,src/app/employer/roles-and-permissions/page.tsx,Screen render,,,,,,,,,,yes,yes,unknown,unknown,false,false,none/unknown,,GREEN,LOW,src/app/employer/roles-and-permissions/page.tsx:1 — screen route /employer/roles-and-permissions,src/app/employer/roles-and-permissions/page.tsx,1,Interactive handlers detected; action-level rows follow.
ACT-00990,user_action,/employer/roles-and-permissions,/employer/roles-and-permissions,src/app/employer/roles-and-permissions/page.tsx,onClick handler,,,,,,,,,,unknown,yes,unknown,unknown,false,false,unknown,,GREEN,LOW,src/app/employer/roles-and-permissions/page.tsx:169 — onClick handler,src/app/employer/roles-and-permissions/page.tsx,169,No nearby API call detected; verify whether UI-only is intentional.
ACT-00991,user_action,/employer/roles-and-permissions,/employer/roles-and-permissions,src/app/employer/roles-and-permissions/page.tsx,onClick handler,,,,,,,,,,unknown,yes,unknown,unknown,false,false,unknown,,GREEN,LOW,src/app/employer/roles-and-permissions/page.tsx:184 — onClick handler,src/app/employer/roles-and-permissions/page.tsx,184,No nearby API call detected; verify whether UI-only is intentional.
ACT-00992,user_action,/employer/roles-and-permissions,/employer/roles-and-permissions,src/app/employer/roles-and-permissions/page.tsx,onClick handler,,,,,,,,,,unknown,yes,unknown,unknown,false,false,unknown,,GREEN,LOW,src/app/employer/roles-and-permissions/page.tsx:216 — onClick handler,src/app/employer/roles-and-permissions/page.tsx,216,No nearby API call detected; verify whether UI-only is intentional.
ACT-00993,user_action,/employer/roles-and-permissions,/employer/roles-and-permissions,src/app/employer/roles-and-permissions/page.tsx,onClick handler,,,,,,,,,,unknown,yes,unknown,unknown,false,false,unknown,,GREEN,LOW,src/app/employer/roles-and-permissions/page.tsx:250 — onClick handler,src/app/employer/roles-and-permissions/page.tsx,250,No nearby API call detected; verify whether UI-only is intentional.
ACT-00994,user_action,/employer/roles-and-permissions,/employer/roles-and-permissions,src/app/employer/roles-and-permissions/page.tsx,onSubmit handler,,,,,,,,,,unknown,yes,unknown,unknown,false,false,unknown,,GREEN,LOW,src/app/employer/roles-and-permissions/page.tsx:278 — onSubmit handler,src/app/employer/roles-and-permissions/page.tsx,278,No nearby API call detected; verify whether UI-only is intentional.
ACT-00995,user_action,/employer/roles-and-permissions,/employer/roles-and-permissions,src/app/employer/roles-and-permissions/page.tsx,onChange handler,,,,,,,,,,unknown,yes,unknown,unknown,false,false,unknown,,GREEN,LOW,src/app/employer/roles-and-permissions/page.tsx:285 — onChange handler,src/app/employer/roles-and-permissions/page.tsx,285,No nearby API call detected; verify whether UI-only is intentional.
ACT-00996,user_action,/employer/roles-and-permissions,/employer/roles-and-permissions,src/app/employer/roles-and-permissions/page.tsx,onChange handler,,,,,,,,,,unknown,yes,unknown,unknown,false,false,unknown,,GREEN,LOW,src/app/employer/roles-and-permissions/page.tsx:294 — onChange handler,src/app/employer/roles-and-permissions/page.tsx,294,No nearby API call detected; verify whether UI-only is intentional.
ACT-00997,user_action,/employer/roles-and-permissions,/employer/roles-and-permissions,src/app/employer/roles-and-permissions/page.tsx,onClick handler,,,,,,,,,,unknown,yes,unknown,unknown,false,false,unknown,,GREEN,LOW,src/app/employer/roles-and-permissions/page.tsx:303 — onClick handler,src/app/employer/roles-and-permissions/page.tsx,303,No nearby API call detected; verify whether UI-only is intentional.
SCR-00998,screen,/employer/salary-benchmark-insights,/employer/salary-benchmark-insights,src/app/employer/salary-benchmark-insights/page.tsx,Screen render,,,,,,,Google Gemini | External asset host,,Google Gemini | External asset host,yes,yes,unknown,unknown,false,false,none/unknown,,GREEN,LOW,src/app/employer/salary-benchmark-insights/page.tsx:1 — screen route /employer/salary-benchmark-insights,src/app/employer/salary-benchmark-insights/page.tsx,1,No interactive handler detected by static scan.
SCR-00999,screen,/employer/subscriptions,/employer/subscriptions,src/app/employer/subscriptions/page.tsx,Screen render,,,,,,,PayU | Stripe,,PayU | Stripe,yes,yes,unknown,yes,false,true,none/unknown,,GREEN,LOW,src/app/employer/subscriptions/page.tsx:1 — screen route /employer/subscriptions,src/app/employer/subscriptions/page.tsx,1,Interactive handlers detected; action-level rows follow.
ACT-01000,user_action,/employer/subscriptions,/employer/subscriptions,src/app/employer/subscriptions/page.tsx,onClick handler,,,,,,,,,,yes,yes,unknown,unknown,false,false,unknown,,GREEN,LOW,src/app/employer/subscriptions/page.tsx:202 — onClick handler,src/app/employer/subscriptions/page.tsx,202,No nearby API call detected; verify whether UI-only is intentional.
ACT-01001,user_action,/employer/subscriptions,/employer/subscriptions,src/app/employer/subscriptions/page.tsx,undefined handler,,,,,,,,,,yes,yes,unknown,unknown,false,false,unknown,,GREEN,LOW,src/app/employer/subscriptions/page.tsx:202 — undefined handler,src/app/employer/subscriptions/page.tsx,202,No nearby API call detected; verify whether UI-only is intentional.
ACT-01002,user_action,/employer/subscriptions,/employer/subscriptions,src/app/employer/subscriptions/page.tsx,onClick handler,,,,,,,,,,yes,yes,unknown,unknown,false,false,unknown,,GREEN,LOW,src/app/employer/subscriptions/page.tsx:321 — onClick handler,src/app/employer/subscriptions/page.tsx,321,No nearby API call detected; verify whether UI-only is intentional.
ACT-01003,user_action,/employer/subscriptions,/employer/subscriptions,src/app/employer/subscriptions/page.tsx,onClick handler,,,,,,,,,,yes,yes,unknown,unknown,false,false,unknown,,GREEN,LOW,src/app/employer/subscriptions/page.tsx:409 — onClick handler,src/app/employer/subscriptions/page.tsx,409,No nearby API call detected; verify whether UI-only is intentional.
ACT-01004,user_action,/employer/subscriptions,/employer/subscriptions,src/app/employer/subscriptions/page.tsx,onClick handler,,,,,,,,,,yes,yes,unknown,unknown,false,false,unknown,,GREEN,LOW,src/app/employer/subscriptions/page.tsx:482 — onClick handler,src/app/employer/subscriptions/page.tsx,482,No nearby API call detected; verify whether UI-only is intentional.
ACT-01005,user_action,/employer/subscriptions,/employer/subscriptions,src/app/employer/subscriptions/page.tsx,onChange handler,,,,,,,,,,yes,yes,unknown,unknown,false,false,unknown,,GREEN,LOW,src/app/employer/subscriptions/page.tsx:524 — onChange handler,src/app/employer/subscriptions/page.tsx,524,No nearby API call detected; verify whether UI-only is intentional.
ACT-01006,user_action,/employer/subscriptions,/employer/subscriptions,src/app/employer/subscriptions/page.tsx,onClick handler,,,,,,,,,,yes,yes,unknown,unknown,false,false,unknown,,GREEN,LOW,src/app/employer/subscriptions/page.tsx:528 — onClick handler,src/app/employer/subscriptions/page.tsx,528,No nearby API call detected; verify whether UI-only is intentional.
ACT-01007,user_action,/employer/subscriptions,/employer/subscriptions,src/app/employer/subscriptions/page.tsx,onClick handler,,,,,,,PayU | Stripe,,PayU | Stripe,yes,yes,unknown,unknown,false,false,unknown,,GREEN,LOW,src/app/employer/subscriptions/page.tsx:570 — onClick handler,src/app/employer/subscriptions/page.tsx,570,No nearby API call detected; verify whether UI-only is intentional.
ACT-01008,user_action,/employer/subscriptions,/employer/subscriptions,src/app/employer/subscriptions/page.tsx,onClick handler,,,,,,,,,,yes,yes,unknown,unknown,false,false,unknown,,GREEN,LOW,src/app/employer/subscriptions/page.tsx:594 — onClick handler,src/app/employer/subscriptions/page.tsx,594,No nearby API call detected; verify whether UI-only is intentional.
ACT-01009,user_action,/employer/subscriptions,/employer/subscriptions,src/app/employer/subscriptions/page.tsx,onClick handler,,,,,,,,,,yes,yes,unknown,unknown,false,false,unknown,,GREEN,LOW,src/app/employer/subscriptions/page.tsx:608 — onClick handler,src/app/employer/subscriptions/page.tsx,608,No nearby API call detected; verify whether UI-only is intentional.
CALL-01010,frontend_api_call,/employer/subscriptions,/employer/subscriptions,src/app/employer/subscriptions/page.tsx,fetch GET /api/employer/subscribe,/api/employer/subscribe,GET,,,,,PayU | Stripe,,PayU | Stripe,yes,yes,unknown,unknown,false,true,unknown,,GREEN,LOW,src/app/employer/subscriptions/page.tsx:39 — frontend call GET /api/employer/subscribe,src/app/employer/subscriptions/page.tsx,39,Must reconcile against an API endpoint row.
CALL-01011,frontend_api_call,/employer/subscriptions,/employer/subscriptions,src/app/employer/subscriptions/page.tsx,fetch GET /api/employer/promo/validate?code=${couponCode.toUpperCase()}&planId=${checkoutPlan.id},/api/employer/promo/validate?code=${couponCode.toUpperCase()}&planId=${checkoutPlan.id},GET,,,,,PayU | Stripe,,PayU | Stripe,yes,yes,unknown,unknown,false,true,unknown,,GREEN,LOW,src/app/employer/subscriptions/page.tsx:74 — frontend call GET /api/employer/promo/validate?code=${couponCode.toUpperCase()}&planId=${checkoutPlan.id},src/app/employer/subscriptions/page.tsx,74,Must reconcile against an API endpoint row.
CALL-01012,frontend_api_call,/employer/subscriptions,/employer/subscriptions,src/app/employer/subscriptions/page.tsx,fetch POST /api/payments/checkout,/api/payments/checkout,POST,,,,,PayU | Stripe,,PayU | Stripe,yes,yes,unknown,yes,false,true,unknown,,GREEN,LOW,src/app/employer/subscriptions/page.tsx:96 — frontend call POST /api/payments/checkout,src/app/employer/subscriptions/page.tsx,96,Must reconcile against an API endpoint row.
CALL-01013,frontend_api_call,/employer/subscriptions,/employer/subscriptions,src/app/employer/subscriptions/page.tsx,fetch POST /api/employer/subscribe,/api/employer/subscribe,POST,,,,,PayU | Stripe,,PayU | Stripe,yes,yes,unknown,unknown,false,true,unknown,,GREEN,LOW,src/app/employer/subscriptions/page.tsx:155 — frontend call POST /api/employer/subscribe,src/app/employer/subscriptions/page.tsx,155,Must reconcile against an API endpoint row.
SCR-01014,screen,/employer/team-members-management,/employer/team-members-management,src/app/employer/team-members-management/page.tsx,Screen render,,,,,,,,,,yes,yes,unknown,unknown,false,true,none/unknown,,GREEN,LOW,src/app/employer/team-members-management/page.tsx:1 — screen route /employer/team-members-management,src/app/employer/team-members-management/page.tsx,1,Interactive handlers detected; action-level rows follow.
ACT-01015,user_action,/employer/team-members-management,/employer/team-members-management,src/app/employer/team-members-management/page.tsx,onChange handler,,,,,,,,,,yes,yes,unknown,unknown,false,false,unknown,,GREEN,LOW,src/app/employer/team-members-management/page.tsx:236 — onChange handler,src/app/employer/team-members-management/page.tsx,236,No nearby API call detected; verify whether UI-only is intentional.
ACT-01016,user_action,/employer/team-members-management,/employer/team-members-management,src/app/employer/team-members-management/page.tsx,onClick handler,,,,,,,,,,yes,yes,unknown,unknown,false,false,unknown,,GREEN,LOW,src/app/employer/team-members-management/page.tsx:293 — onClick handler,src/app/employer/team-members-management/page.tsx,293,No nearby API call detected; verify whether UI-only is intentional.
ACT-01017,user_action,/employer/team-members-management,/employer/team-members-management,src/app/employer/team-members-management/page.tsx,onClick handler,,,,,,,,,,yes,yes,unknown,unknown,false,false,unknown,,GREEN,LOW,src/app/employer/team-members-management/page.tsx:369 — onClick handler,src/app/employer/team-members-management/page.tsx,369,No nearby API call detected; verify whether UI-only is intentional.
ACT-01018,user_action,/employer/team-members-management,/employer/team-members-management,src/app/employer/team-members-management/page.tsx,onClick handler,,,,,,,,,,yes,yes,unknown,unknown,false,false,unknown,,GREEN,LOW,src/app/employer/team-members-management/page.tsx:393 — onClick handler,src/app/employer/team-members-management/page.tsx,393,No nearby API call detected; verify whether UI-only is intentional.
ACT-01019,user_action,/employer/team-members-management,/employer/team-members-management,src/app/employer/team-members-management/page.tsx,onClick handler,,,,,,,,,,yes,yes,unknown,unknown,false,false,unknown,,GREEN,LOW,src/app/employer/team-members-management/page.tsx:401 — onClick handler,src/app/employer/team-members-management/page.tsx,401,No nearby API call detected; verify whether UI-only is intentional.
ACT-01020,user_action,/employer/team-members-management,/employer/team-members-management,src/app/employer/team-members-management/page.tsx,onSubmit handler,,,,,,,,,,yes,yes,unknown,unknown,false,false,unknown,,GREEN,LOW,src/app/employer/team-members-management/page.tsx:412 — onSubmit handler,src/app/employer/team-members-management/page.tsx,412,No nearby API call detected; verify whether UI-only is intentional.
ACT-01021,user_action,/employer/team-members-management,/employer/team-members-management,src/app/employer/team-members-management/page.tsx,onChange handler,,,,,,,,,,yes,yes,unknown,unknown,false,false,unknown,,GREEN,LOW,src/app/employer/team-members-management/page.tsx:419 — onChange handler,src/app/employer/team-members-management/page.tsx,419,No nearby API call detected; verify whether UI-only is intentional.
ACT-01022,user_action,/employer/team-members-management,/employer/team-members-management,src/app/employer/team-members-management/page.tsx,onChange handler,,,,,,,,,,yes,yes,unknown,unknown,false,false,unknown,,GREEN,LOW,src/app/employer/team-members-management/page.tsx:430 — onChange handler,src/app/employer/team-members-management/page.tsx,430,No nearby API call detected; verify whether UI-only is intentional.
ACT-01023,user_action,/employer/team-members-management,/employer/team-members-management,src/app/employer/team-members-management/page.tsx,onChange handler,,,,,,,,,,yes,yes,unknown,unknown,false,false,unknown,,GREEN,LOW,src/app/employer/team-members-management/page.tsx:440 — onChange handler,src/app/employer/team-members-management/page.tsx,440,No nearby API call detected; verify whether UI-only is intentional.
ACT-01024,user_action,/employer/team-members-management,/employer/team-members-management,src/app/employer/team-members-management/page.tsx,onChange handler,,,,,,,,,,yes,yes,unknown,unknown,false,false,unknown,,GREEN,LOW,src/app/employer/team-members-management/page.tsx:449 — onChange handler,src/app/employer/team-members-management/page.tsx,449,No nearby API call detected; verify whether UI-only is intentional.
CALL-01025,frontend_api_call,/employer/team-members-management,/employer/team-members-management,src/app/employer/team-members-management/page.tsx,fetch GET /api/auth/me,/api/auth/me,GET,,,,,,,,yes,yes,unknown,unknown,false,true,unknown,,GREEN,LOW,src/app/employer/team-members-management/page.tsx:45 — frontend call GET /api/auth/me,src/app/employer/team-members-management/page.tsx,45,Must reconcile against an API endpoint row.
CALL-01026,frontend_api_call,/employer/team-members-management,/employer/team-members-management,src/app/employer/team-members-management/page.tsx,fetch GET /api/employer/team,/api/employer/team,GET,,,,,,,,yes,yes,unknown,unknown,false,true,unknown,,GREEN,LOW,src/app/employer/team-members-management/page.tsx:57 — frontend call GET /api/employer/team,src/app/employer/team-members-management/page.tsx,57,Must reconcile against an API endpoint row.
CALL-01027,frontend_api_call,/employer/team-members-management,/employer/team-members-management,src/app/employer/team-members-management/page.tsx,fetch POST /api/employer/team,/api/employer/team,POST,,,,,,,,yes,yes,unknown,unknown,false,true,unknown,,GREEN,LOW,src/app/employer/team-members-management/page.tsx:108 — frontend call POST /api/employer/team,src/app/employer/team-members-management/page.tsx,108,Must reconcile against an API endpoint row.
CALL-01028,frontend_api_call,/employer/team-members-management,/employer/team-members-management,src/app/employer/team-members-management/page.tsx,fetch DELETE /api/employer/team?id=${encodeURIComponent(id)},/api/employer/team?id=${encodeURIComponent(id)},DELETE,,,,,,,,yes,yes,unknown,unknown,false,true,unknown,,GREEN,LOW,src/app/employer/team-members-management/page.tsx:146 — frontend call DELETE /api/employer/team?id=${encodeURIComponent(id)},src/app/employer/team-members-management/page.tsx,146,Must reconcile against an API endpoint row.
CALL-01029,frontend_api_call,/employer/team-members-management,/employer/team-members-management,src/app/employer/team-members-management/page.tsx,fetch DELETE /api/employer/team?id=${encodeURIComponent(id)},/api/employer/team?id=${encodeURIComponent(id)},DELETE,,,,,,,,yes,yes,unknown,unknown,false,true,unknown,,GREEN,LOW,src/app/employer/team-members-management/page.tsx:168 — frontend call DELETE /api/employer/team?id=${encodeURIComponent(id)},src/app/employer/team-members-management/page.tsx,168,Must reconcile against an API endpoint row.
SCR-01030,screen,/employer/upcoming-interviews-list,/employer/upcoming-interviews-list,src/app/employer/upcoming-interviews-list/page.tsx,Screen render,,,,,,,,,,yes,yes,unknown,unknown,false,true,none/unknown,,GREEN,LOW,src/app/employer/upcoming-interviews-list/page.tsx:1 — screen route /employer/upcoming-interviews-list,src/app/employer/upcoming-interviews-list/page.tsx,1,Interactive handlers detected; action-level rows follow.
CALL-01031,frontend_api_call,/employer/upcoming-interviews-list,/employer/upcoming-interviews-list,src/app/employer/upcoming-interviews-list/page.tsx,fetch GET /api/employer/interviews/pending-feedback,/api/employer/interviews/pending-feedback,GET,,,,,,,,yes,yes,unknown,unknown,false,true,unknown,,GREEN,LOW,src/app/employer/upcoming-interviews-list/page.tsx:26 — frontend call GET /api/employer/interviews/pending-feedback,src/app/employer/upcoming-interviews-list/page.tsx,26,Must reconcile against an API endpoint row.
CALL-01032,frontend_api_call,/employer/upcoming-interviews-list,/employer/upcoming-interviews-list,src/app/employer/upcoming-interviews-list/page.tsx,fetch GET /api/employer/interviews,/api/employer/interviews,GET,,,,,,,,yes,yes,unknown,unknown,false,true,unknown,,GREEN,LOW,src/app/employer/upcoming-interviews-list/page.tsx:27 — frontend call GET /api/employer/interviews,src/app/employer/upcoming-interviews-list/page.tsx,27,Must reconcile against an API endpoint row.
SCR-01033,screen,/employer/video-resume/:videoId,/employer/video-resume/:videoId,src/app/employer/video-resume/[videoId]/page.tsx,Screen render,,,,,,,,,,yes,yes,unknown,unknown,false,false,none/unknown,,GREEN,LOW,src/app/employer/video-resume/[videoId]/page.tsx:1 — screen route /employer/video-resume/:videoId,src/app/employer/video-resume/[videoId]/page.tsx,1,No interactive handler detected by static scan.
SCR-01034,screen,/enterprise,/enterprise,src/app/enterprise/page.tsx,Screen render,,,,@/lib/marketingMetadata,,,,,,unknown,unknown,unknown,unknown,false,false,none/unknown,,GREEN,LOW,src/app/enterprise/page.tsx:1 — screen route /enterprise,src/app/enterprise/page.tsx,1,No interactive handler detected by static scan.
SCR-01035,screen,/features,/features,src/app/features/page.tsx,Screen render,,,,@/lib/marketingMetadata,,,,,,unknown,unknown,unknown,unknown,false,false,none/unknown,,GREEN,LOW,src/app/features/page.tsx:1 — screen route /features,src/app/features/page.tsx,1,No interactive handler detected by static scan.
SCR-01036,screen,/find-jobs,/find-jobs,src/app/find-jobs/page.tsx,Screen render,,,,,,,,,,unknown,unknown,unknown,unknown,false,false,none/unknown,,GREEN,LOW,src/app/find-jobs/page.tsx:1 — screen route /find-jobs,src/app/find-jobs/page.tsx,1,No interactive handler detected by static scan.
SCR-01037,screen,/forgot-password/otp,/forgot-password/otp,src/app/forgot-password/otp/page.tsx,Screen render,,,,,,,,,,unknown,unknown,unknown,unknown,false,true,none/unknown,,GREEN,LOW,src/app/forgot-password/otp/page.tsx:1 — screen route /forgot-password/otp,src/app/forgot-password/otp/page.tsx,1,Interactive handlers detected; action-level rows follow.
ACT-01038,user_action,/forgot-password/otp,/forgot-password/otp,src/app/forgot-password/otp/page.tsx,undefined handler,,,,,,,,,,unknown,unknown,unknown,unknown,false,true,unknown,,GREEN,LOW,src/app/forgot-password/otp/page.tsx:21 — undefined handler,src/app/forgot-password/otp/page.tsx,21,No nearby API call detected; verify whether UI-only is intentional.
ACT-01039,user_action,/forgot-password/otp,/forgot-password/otp,src/app/forgot-password/otp/page.tsx,undefined handler,/api/auth/forgot-password,see endpoint row,,,,,,,,unknown,unknown,unknown,unknown,false,true,unknown,,GREEN,LOW,src/app/forgot-password/otp/page.tsx:79 — undefined handler,src/app/forgot-password/otp/page.tsx,79,Static nearby fetch association; verify exact handler path.
ACT-01040,user_action,/forgot-password/otp,/forgot-password/otp,src/app/forgot-password/otp/page.tsx,onChange handler,,,,,,,,,,unknown,unknown,unknown,unknown,false,false,unknown,,GREEN,LOW,src/app/forgot-password/otp/page.tsx:177 — onChange handler,src/app/forgot-password/otp/page.tsx,177,No nearby API call detected; verify whether UI-only is intentional.
ACT-01041,user_action,/forgot-password/otp,/forgot-password/otp,src/app/forgot-password/otp/page.tsx,onKeyDown handler,,,,,,,,,,unknown,unknown,unknown,unknown,false,false,unknown,,GREEN,LOW,src/app/forgot-password/otp/page.tsx:178 — onKeyDown handler,src/app/forgot-password/otp/page.tsx,178,No nearby API call detected; verify whether UI-only is intentional.
ACT-01042,user_action,/forgot-password/otp,/forgot-password/otp,src/app/forgot-password/otp/page.tsx,onBlur handler,,,,,,,,,,unknown,unknown,unknown,unknown,false,false,unknown,,GREEN,LOW,src/app/forgot-password/otp/page.tsx:189 — onBlur handler,src/app/forgot-password/otp/page.tsx,189,No nearby API call detected; verify whether UI-only is intentional.
ACT-01043,user_action,/forgot-password/otp,/forgot-password/otp,src/app/forgot-password/otp/page.tsx,onClick handler,,,,,,,,,,unknown,unknown,unknown,unknown,false,false,unknown,,GREEN,LOW,src/app/forgot-password/otp/page.tsx:200 — onClick handler,src/app/forgot-password/otp/page.tsx,200,No nearby API call detected; verify whether UI-only is intentional.
ACT-01044,user_action,/forgot-password/otp,/forgot-password/otp,src/app/forgot-password/otp/page.tsx,onClick handler,,,,,,,,,,unknown,unknown,unknown,unknown,false,false,unknown,,GREEN,LOW,src/app/forgot-password/otp/page.tsx:224 — onClick handler,src/app/forgot-password/otp/page.tsx,224,No nearby API call detected; verify whether UI-only is intentional.
CALL-01045,frontend_api_call,/forgot-password/otp,/forgot-password/otp,src/app/forgot-password/otp/page.tsx,fetch POST /api/auth/verify-otp,/api/auth/verify-otp,POST,,,,,,,,unknown,unknown,unknown,unknown,false,true,unknown,,GREEN,LOW,src/app/forgot-password/otp/page.tsx:57 — frontend call POST /api/auth/verify-otp,src/app/forgot-password/otp/page.tsx,57,Must reconcile against an API endpoint row.
CALL-01046,frontend_api_call,/forgot-password/otp,/forgot-password/otp,src/app/forgot-password/otp/page.tsx,fetch POST /api/auth/forgot-password,/api/auth/forgot-password,POST,,,,,,,,unknown,unknown,unknown,unknown,false,true,unknown,,GREEN,LOW,src/app/forgot-password/otp/page.tsx:89 — frontend call POST /api/auth/forgot-password,src/app/forgot-password/otp/page.tsx,89,Must reconcile against an API endpoint row.
SCR-01047,screen,/forgot-password,/forgot-password,src/app/forgot-password/page.tsx,Screen render,,,,,,,,,,unknown,unknown,unknown,unknown,false,true,none/unknown,,GREEN,LOW,src/app/forgot-password/page.tsx:1 — screen route /forgot-password,src/app/forgot-password/page.tsx,1,Interactive handlers detected; action-level rows follow.
ACT-01048,user_action,/forgot-password,/forgot-password,src/app/forgot-password/page.tsx,undefined handler,,,,,,,,,,unknown,unknown,unknown,unknown,false,true,unknown,,GREEN,LOW,src/app/forgot-password/page.tsx:40 — undefined handler,src/app/forgot-password/page.tsx,40,No nearby API call detected; verify whether UI-only is intentional.
ACT-01049,user_action,/forgot-password,/forgot-password,src/app/forgot-password/page.tsx,onSubmit handler,,,,,,,,,,unknown,unknown,unknown,unknown,false,false,unknown,,GREEN,LOW,src/app/forgot-password/page.tsx:120 — onSubmit handler,src/app/forgot-password/page.tsx,120,No nearby API call detected; verify whether UI-only is intentional.
ACT-01050,user_action,/forgot-password,/forgot-password,src/app/forgot-password/page.tsx,onChange handler,,,,,,,,,,unknown,unknown,unknown,unknown,false,false,unknown,,GREEN,LOW,src/app/forgot-password/page.tsx:136 — onChange handler,src/app/forgot-password/page.tsx,136,No nearby API call detected; verify whether UI-only is intentional.
ACT-01051,user_action,/forgot-password,/forgot-password,src/app/forgot-password/page.tsx,onBlur handler,,,,,,,,,,unknown,unknown,unknown,unknown,false,false,unknown,,GREEN,LOW,src/app/forgot-password/page.tsx:148 — onBlur handler,src/app/forgot-password/page.tsx,148,No nearby API call detected; verify whether UI-only is intentional.
CALL-01052,frontend_api_call,/forgot-password,/forgot-password,src/app/forgot-password/page.tsx,fetch POST /api/auth/forgot-password,/api/auth/forgot-password,POST,,,,,,,,unknown,unknown,unknown,unknown,false,true,unknown,,GREEN,LOW,src/app/forgot-password/page.tsx:22 — frontend call POST /api/auth/forgot-password,src/app/forgot-password/page.tsx,22,Must reconcile against an API endpoint row.
SCR-01053,screen,/interviews,/interviews,src/app/interviews/page.tsx,Screen render,,,,,,,,,,yes,yes,unknown,unknown,false,true,none/unknown,,GREEN,LOW,src/app/interviews/page.tsx:1 — screen route /interviews,src/app/interviews/page.tsx,1,Interactive handlers detected; action-level rows follow.
CALL-01054,frontend_api_call,/interviews,/interviews,src/app/interviews/page.tsx,fetch GET /api/interviews,/api/interviews,GET,,,,,,,,unknown,yes,unknown,unknown,false,true,unknown,,GREEN,LOW,src/app/interviews/page.tsx:14 — frontend call GET /api/interviews,src/app/interviews/page.tsx,14,Must reconcile against an API endpoint row.
SCR-01055,screen,/interviews/room/:roomId,/interviews/room/:roomId,src/app/interviews/room/[roomId]/page.tsx,Screen render,,,,,,,WebRTC,,WebRTC,yes,yes,unknown,unknown,false,false,none/unknown,,GREEN,LOW,src/app/interviews/room/[roomId]/page.tsx:1 — screen route /interviews/room/:roomId,src/app/interviews/room/[roomId]/page.tsx,1,Interactive handlers detected; action-level rows follow.
ACT-01056,user_action,/interviews/room/:roomId,/interviews/room/:roomId,src/app/interviews/room/[roomId]/page.tsx,undefined handler,,,,,,,WebRTC,,WebRTC,unknown,yes,unknown,unknown,false,false,unknown,,GREEN,LOW,src/app/interviews/room/[roomId]/page.tsx:9 — undefined handler,src/app/interviews/room/[roomId]/page.tsx,9,No nearby API call detected; verify whether UI-only is intentional.
SCR-01057,screen,/jobs/alerts,/jobs/alerts,src/app/jobs/alerts/page.tsx,Screen render,,,,,,,Google Gemini | External asset host,,Google Gemini | External asset host,unknown,yes,unknown,unknown,true,false,none/unknown,,RED,HIGH,src/app/jobs/alerts/page.tsx:1 — screen route /jobs/alerts,src/app/jobs/alerts/page.tsx,1,Interactive handlers detected; action-level rows follow.
ACT-01058,user_action,/jobs/alerts,/jobs/alerts,src/app/jobs/alerts/page.tsx,onClick handler,,,,,,,,,,unknown,yes,unknown,unknown,false,false,unknown,,GREEN,LOW,src/app/jobs/alerts/page.tsx:7 — onClick handler,src/app/jobs/alerts/page.tsx,7,No nearby API call detected; verify whether UI-only is intentional.
ACT-01059,user_action,/jobs/alerts,/jobs/alerts,src/app/jobs/alerts/page.tsx,onClick handler,,,,,,,,,,unknown,yes,unknown,unknown,false,false,unknown,,GREEN,LOW,src/app/jobs/alerts/page.tsx:7 — onClick handler,src/app/jobs/alerts/page.tsx,7,No nearby API call detected; verify whether UI-only is intentional.
ACT-01060,user_action,/jobs/alerts,/jobs/alerts,src/app/jobs/alerts/page.tsx,onClick handler,,,,,,,,,,unknown,yes,unknown,unknown,false,false,unknown,,GREEN,LOW,src/app/jobs/alerts/page.tsx:7 — onClick handler,src/app/jobs/alerts/page.tsx,7,No nearby API call detected; verify whether UI-only is intentional.
ACT-01061,user_action,/jobs/alerts,/jobs/alerts,src/app/jobs/alerts/page.tsx,onClick handler,,,,,,,,,,unknown,yes,unknown,unknown,true,false,unknown,,RED,HIGH,src/app/jobs/alerts/page.tsx:7 — onClick handler,src/app/jobs/alerts/page.tsx,7,No nearby API call detected; verify whether UI-only is intentional.
SCR-01062,screen,/jobs/apply/success,/jobs/apply/success,src/app/jobs/apply/success/page.tsx,Screen render,,,,,,,,,,unknown,unknown,unknown,unknown,false,false,none/unknown,,GREEN,LOW,src/app/jobs/apply/success/page.tsx:1 — screen route /jobs/apply/success,src/app/jobs/apply/success/page.tsx,1,No interactive handler detected by static scan.
SCR-01063,screen,/jobs/compare,/jobs/compare,src/app/jobs/compare/page.tsx,Screen render,,,,,,,,,,unknown,unknown,unknown,unknown,false,false,none/unknown,,GREEN,LOW,src/app/jobs/compare/page.tsx:1 — screen route /jobs/compare,src/app/jobs/compare/page.tsx,1,No interactive handler detected by static scan.
SCR-01064,screen,/jobs/filters,/jobs/filters,src/app/jobs/filters/page.tsx,Screen render,,,,,,,,,,unknown,yes,unknown,unknown,true,false,none/unknown,,RED,HIGH,src/app/jobs/filters/page.tsx:1 — screen route /jobs/filters,src/app/jobs/filters/page.tsx,1,Interactive handlers detected; action-level rows follow.
ACT-01065,user_action,/jobs/filters,/jobs/filters,src/app/jobs/filters/page.tsx,onClick handler,,,,,,,,,,unknown,yes,unknown,unknown,false,false,unknown,,GREEN,LOW,src/app/jobs/filters/page.tsx:7 — onClick handler,src/app/jobs/filters/page.tsx,7,No nearby API call detected; verify whether UI-only is intentional.
SCR-01066,screen,/jobs,/jobs,src/app/jobs/page.tsx,Screen render,,,,,,,,,,unknown,yes,unknown,unknown,false,true,none/unknown,,GREEN,LOW,src/app/jobs/page.tsx:1 — screen route /jobs,src/app/jobs/page.tsx,1,Interactive handlers detected; action-level rows follow.
ACT-01067,user_action,/jobs,/jobs,src/app/jobs/page.tsx,onChange handler,,,,,,,,,,unknown,yes,unknown,unknown,false,false,unknown,,GREEN,LOW,src/app/jobs/page.tsx:101 — onChange handler,src/app/jobs/page.tsx,101,No nearby API call detected; verify whether UI-only is intentional.
ACT-01068,user_action,/jobs,/jobs,src/app/jobs/page.tsx,onClick handler,,,,,,,,,,unknown,yes,unknown,unknown,false,false,unknown,,GREEN,LOW,src/app/jobs/page.tsx:123 — onClick handler,src/app/jobs/page.tsx,123,No nearby API call detected; verify whether UI-only is intentional.
ACT-01069,user_action,/jobs,/jobs,src/app/jobs/page.tsx,onClick handler,,,,,,,,,,unknown,yes,unknown,unknown,false,false,unknown,,GREEN,LOW,src/app/jobs/page.tsx:126 — onClick handler,src/app/jobs/page.tsx,126,No nearby API call detected; verify whether UI-only is intentional.
CALL-01070,frontend_api_call,/jobs,/jobs,src/app/jobs/page.tsx,fetch GET /api/jobs/search?q=${encodeURIComponent(query)},/api/jobs/search?q=${encodeURIComponent(query)},GET,,,,,,,,unknown,yes,unknown,unknown,false,true,unknown,,GREEN,LOW,src/app/jobs/page.tsx:33 — frontend call GET /api/jobs/search?q=${encodeURIComponent(query)},src/app/jobs/page.tsx,33,Must reconcile against an API endpoint row.
CALL-01071,frontend_api_call,/jobs,/jobs,src/app/jobs/page.tsx,fetch GET /api/candidate/saved-jobs,/api/candidate/saved-jobs,GET,,,,,,,,unknown,yes,unknown,unknown,false,true,unknown,,GREEN,LOW,src/app/jobs/page.tsx:50 — frontend call GET /api/candidate/saved-jobs,src/app/jobs/page.tsx,50,Must reconcile against an API endpoint row.
CALL-01072,frontend_api_call,/jobs,/jobs,src/app/jobs/page.tsx,fetch POST /api/applications,/api/applications,POST,,,,,,,,unknown,yes,unknown,unknown,false,true,unknown,,GREEN,LOW,src/app/jobs/page.tsx:62 — frontend call POST /api/applications,src/app/jobs/page.tsx,62,Must reconcile against an API endpoint row.
SCR-01073,screen,/jobs/recommended,/jobs/recommended,src/app/jobs/recommended/page.tsx,Screen render,,,,,,,,,,unknown,unknown,unknown,unknown,false,false,none/unknown,,GREEN,LOW,src/app/jobs/recommended/page.tsx:1 — screen route /jobs/recommended,src/app/jobs/recommended/page.tsx,1,No interactive handler detected by static scan.
SCR-01074,screen,/jobs/report,/jobs/report,src/app/jobs/report/page.tsx,Screen render,,,,,,,,,,unknown,yes,unknown,yes,true,false,none/unknown,,RED,HIGH,src/app/jobs/report/page.tsx:1 — screen route /jobs/report,src/app/jobs/report/page.tsx,1,Interactive handlers detected; action-level rows follow.
ACT-01075,user_action,/jobs/report,/jobs/report,src/app/jobs/report/page.tsx,onClick handler,,,,,,,,,,unknown,yes,unknown,unknown,false,false,unknown,,GREEN,LOW,src/app/jobs/report/page.tsx:7 — onClick handler,src/app/jobs/report/page.tsx,7,No nearby API call detected; verify whether UI-only is intentional.
ACT-01076,user_action,/jobs/report,/jobs/report,src/app/jobs/report/page.tsx,onClick handler,,,,,,,,,,unknown,yes,unknown,unknown,false,false,unknown,,GREEN,LOW,src/app/jobs/report/page.tsx:7 — onClick handler,src/app/jobs/report/page.tsx,7,No nearby API call detected; verify whether UI-only is intentional.
ACT-01077,user_action,/jobs/report,/jobs/report,src/app/jobs/report/page.tsx,onClick handler,,,,,,,,,,unknown,yes,unknown,unknown,true,false,unknown,,RED,HIGH,src/app/jobs/report/page.tsx:7 — onClick handler,src/app/jobs/report/page.tsx,7,No nearby API call detected; verify whether UI-only is intentional.
SCR-01078,screen,/jobs/saved,/jobs/saved,src/app/jobs/saved/page.tsx,Screen render,,,,,,,,,,unknown,yes,unknown,unknown,false,true,none/unknown,,GREEN,LOW,src/app/jobs/saved/page.tsx:1 — screen route /jobs/saved,src/app/jobs/saved/page.tsx,1,Interactive handlers detected; action-level rows follow.
ACT-01079,user_action,/jobs/saved,/jobs/saved,src/app/jobs/saved/page.tsx,onClick handler,,,,,,,,,,unknown,yes,unknown,unknown,false,false,unknown,,GREEN,LOW,src/app/jobs/saved/page.tsx:109 — onClick handler,src/app/jobs/saved/page.tsx,109,No nearby API call detected; verify whether UI-only is intentional.
ACT-01080,user_action,/jobs/saved,/jobs/saved,src/app/jobs/saved/page.tsx,onClick handler,,,,,,,,,,unknown,yes,unknown,unknown,false,false,unknown,,GREEN,LOW,src/app/jobs/saved/page.tsx:195 — onClick handler,src/app/jobs/saved/page.tsx,195,No nearby API call detected; verify whether UI-only is intentional.
ACT-01081,user_action,/jobs/saved,/jobs/saved,src/app/jobs/saved/page.tsx,onClick handler,,,,,,,,,,unknown,yes,unknown,unknown,false,false,unknown,,GREEN,LOW,src/app/jobs/saved/page.tsx:208 — onClick handler,src/app/jobs/saved/page.tsx,208,No nearby API call detected; verify whether UI-only is intentional.
CALL-01082,frontend_api_call,/jobs/saved,/jobs/saved,src/app/jobs/saved/page.tsx,fetch GET /api/candidate/saved-jobs,/api/candidate/saved-jobs,GET,,,,,,,,unknown,yes,unknown,unknown,false,true,unknown,,GREEN,LOW,src/app/jobs/saved/page.tsx:34 — frontend call GET /api/candidate/saved-jobs,src/app/jobs/saved/page.tsx,34,Must reconcile against an API endpoint row.
CALL-01083,frontend_api_call,/jobs/saved,/jobs/saved,src/app/jobs/saved/page.tsx,fetch DELETE /api/candidate/saved-jobs?jobId=${encodeURIComponent(jobId)},/api/candidate/saved-jobs?jobId=${encodeURIComponent(jobId)},DELETE,,,,,,,,unknown,yes,unknown,unknown,false,true,unknown,,GREEN,LOW,src/app/jobs/saved/page.tsx:54 — frontend call DELETE /api/candidate/saved-jobs?jobId=${encodeURIComponent(jobId)},src/app/jobs/saved/page.tsx,54,Must reconcile against an API endpoint row.
CALL-01084,frontend_api_call,/jobs/saved,/jobs/saved,src/app/jobs/saved/page.tsx,fetch POST /api/applications,/api/applications,POST,,,,,,,,unknown,yes,unknown,unknown,false,true,unknown,,GREEN,LOW,src/app/jobs/saved/page.tsx:69 — frontend call POST /api/applications,src/app/jobs/saved/page.tsx,69,Must reconcile against an API endpoint row.
SCR-01085,screen,/jobs/suggestions,/jobs/suggestions,src/app/jobs/suggestions/page.tsx,Screen render,,,,,,,OpenAI | Anthropic | Google Gemini | External asset host,,OpenAI | Anthropic | Google Gemini | External asset host,unknown,yes,unknown,unknown,true,false,none/unknown,,RED,HIGH,src/app/jobs/suggestions/page.tsx:1 — screen route /jobs/suggestions,src/app/jobs/suggestions/page.tsx,1,No interactive handler detected by static scan.
SCR-01086,screen,/jobs/:id/ai-insights,/jobs/:id/ai-insights,src/app/jobs/[id]/ai-insights/page.tsx,Screen render,,,,,,,Google Gemini | External asset host,,Google Gemini | External asset host,unknown,yes,unknown,unknown,true,false,none/unknown,,RED,HIGH,src/app/jobs/[id]/ai-insights/page.tsx:1 — screen route /jobs/:id/ai-insights,src/app/jobs/[id]/ai-insights/page.tsx,1,No interactive handler detected by static scan.
SCR-01087,screen,/jobs/:id/apply,/jobs/:id/apply,src/app/jobs/[id]/apply/page.tsx,Screen render,,,,,,,,,,unknown,yes,unknown,unknown,false,true,none/unknown,,GREEN,LOW,src/app/jobs/[id]/apply/page.tsx:1 — screen route /jobs/:id/apply,src/app/jobs/[id]/apply/page.tsx,1,Interactive handlers detected; action-level rows follow.
ACT-01088,user_action,/jobs/:id/apply,/jobs/:id/apply,src/app/jobs/[id]/apply/page.tsx,undefined handler,,,,,,,,,,unknown,yes,unknown,unknown,false,true,unknown,,GREEN,LOW,src/app/jobs/[id]/apply/page.tsx:57 — undefined handler,src/app/jobs/[id]/apply/page.tsx,57,No nearby API call detected; verify whether UI-only is intentional.
ACT-01089,user_action,/jobs/:id/apply,/jobs/:id/apply,src/app/jobs/[id]/apply/page.tsx,onClick handler,,,,,,,,,,unknown,yes,unknown,unknown,false,false,unknown,,GREEN,LOW,src/app/jobs/[id]/apply/page.tsx:191 — onClick handler,src/app/jobs/[id]/apply/page.tsx,191,No nearby API call detected; verify whether UI-only is intentional.
ACT-01090,user_action,/jobs/:id/apply,/jobs/:id/apply,src/app/jobs/[id]/apply/page.tsx,onClick handler,,,,,,,,,,unknown,yes,unknown,unknown,false,false,unknown,,GREEN,LOW,src/app/jobs/[id]/apply/page.tsx:219 — onClick handler,src/app/jobs/[id]/apply/page.tsx,219,No nearby API call detected; verify whether UI-only is intentional.
ACT-01091,user_action,/jobs/:id/apply,/jobs/:id/apply,src/app/jobs/[id]/apply/page.tsx,onClick handler,,,,,,,,,,unknown,yes,unknown,unknown,false,false,unknown,,GREEN,LOW,src/app/jobs/[id]/apply/page.tsx:226 — onClick handler,src/app/jobs/[id]/apply/page.tsx,226,No nearby API call detected; verify whether UI-only is intentional.
ACT-01092,user_action,/jobs/:id/apply,/jobs/:id/apply,src/app/jobs/[id]/apply/page.tsx,onClick handler,,,,,,,,,,unknown,yes,unknown,unknown,false,false,unknown,,GREEN,LOW,src/app/jobs/[id]/apply/page.tsx:261 — onClick handler,src/app/jobs/[id]/apply/page.tsx,261,No nearby API call detected; verify whether UI-only is intentional.
ACT-01093,user_action,/jobs/:id/apply,/jobs/:id/apply,src/app/jobs/[id]/apply/page.tsx,onClick handler,,,,,,,,,,unknown,yes,unknown,unknown,false,false,unknown,,GREEN,LOW,src/app/jobs/[id]/apply/page.tsx:268 — onClick handler,src/app/jobs/[id]/apply/page.tsx,268,No nearby API call detected; verify whether UI-only is intentional.
CALL-01094,frontend_api_call,/jobs/:id/apply,/jobs/:id/apply,src/app/jobs/[id]/apply/page.tsx,fetch GET /api/candidate/profile,/api/candidate/profile,GET,,,,,,,,unknown,yes,unknown,unknown,false,true,unknown,,GREEN,LOW,src/app/jobs/[id]/apply/page.tsx:21 — frontend call GET /api/candidate/profile,src/app/jobs/[id]/apply/page.tsx,21,Must reconcile against an API endpoint row.
CALL-01095,frontend_api_call,/jobs/:id/apply,/jobs/:id/apply,src/app/jobs/[id]/apply/page.tsx,fetch POST /api/jobs/${jobId},/api/jobs/${jobId},POST,,,,,,,,unknown,yes,unknown,unknown,false,true,unknown,,GREEN,LOW,src/app/jobs/[id]/apply/page.tsx:31 — frontend call POST /api/jobs/${jobId},src/app/jobs/[id]/apply/page.tsx,31,Must reconcile against an API endpoint row.
CALL-01096,frontend_api_call,/jobs/:id/apply,/jobs/:id/apply,src/app/jobs/[id]/apply/page.tsx,fetch POST /api/applications,/api/applications,POST,,,,,,,,unknown,yes,unknown,unknown,false,true,unknown,,GREEN,LOW,src/app/jobs/[id]/apply/page.tsx:44 — frontend call POST /api/applications,src/app/jobs/[id]/apply/page.tsx,44,Must reconcile against an API endpoint row.
SCR-01097,screen,/jobs/:id,/jobs/:id,src/app/jobs/[id]/page.tsx,Screen render,,,,,,,,,,unknown,yes,unknown,unknown,false,true,none/unknown,,GREEN,LOW,src/app/jobs/[id]/page.tsx:1 — screen route /jobs/:id,src/app/jobs/[id]/page.tsx,1,Interactive handlers detected; action-level rows follow.
ACT-01098,user_action,/jobs/:id,/jobs/:id,src/app/jobs/[id]/page.tsx,onClick handler,,,,,,,,,,unknown,yes,unknown,unknown,false,false,unknown,,GREEN,LOW,src/app/jobs/[id]/page.tsx:240 — onClick handler,src/app/jobs/[id]/page.tsx,240,No nearby API call detected; verify whether UI-only is intentional.
ACT-01099,user_action,/jobs/:id,/jobs/:id,src/app/jobs/[id]/page.tsx,onClick handler,,,,,,,,,,unknown,yes,unknown,unknown,false,false,unknown,,GREEN,LOW,src/app/jobs/[id]/page.tsx:262 — onClick handler,src/app/jobs/[id]/page.tsx,262,No nearby API call detected; verify whether UI-only is intentional.
CALL-01100,frontend_api_call,/jobs/:id,/jobs/:id,src/app/jobs/[id]/page.tsx,fetch GET /api/jobs/${jobId},/api/jobs/${jobId},GET,,,,,,,,unknown,yes,unknown,unknown,false,true,unknown,,GREEN,LOW,src/app/jobs/[id]/page.tsx:41 — frontend call GET /api/jobs/${jobId},src/app/jobs/[id]/page.tsx,41,Must reconcile against an API endpoint row.
CALL-01101,frontend_api_call,/jobs/:id,/jobs/:id,src/app/jobs/[id]/page.tsx,fetch POST /api/candidate/saved-jobs,/api/candidate/saved-jobs,POST,,,,,,,,unknown,yes,unknown,unknown,false,true,unknown,,GREEN,LOW,src/app/jobs/[id]/page.tsx:52 — frontend call POST /api/candidate/saved-jobs,src/app/jobs/[id]/page.tsx,52,Must reconcile against an API endpoint row.
CALL-01102,frontend_api_call,/jobs/:id,/jobs/:id,src/app/jobs/[id]/page.tsx,fetch POST /api/applications,/api/applications,POST,,,,,,,,unknown,yes,unknown,unknown,false,true,unknown,,GREEN,LOW,src/app/jobs/[id]/page.tsx:66 — frontend call POST /api/applications,src/app/jobs/[id]/page.tsx,66,Must reconcile against an API endpoint row.
CALL-01103,frontend_api_call,/jobs/:id,/jobs/:id,src/app/jobs/[id]/page.tsx,fetch POST /api/candidate/saved-jobs,/api/candidate/saved-jobs,POST,,,,,,,,unknown,yes,unknown,unknown,false,true,unknown,,GREEN,LOW,src/app/jobs/[id]/page.tsx:85 — frontend call POST /api/candidate/saved-jobs,src/app/jobs/[id]/page.tsx,85,Must reconcile against an API endpoint row.
CALL-01104,frontend_api_call,/jobs/:id,/jobs/:id,src/app/jobs/[id]/page.tsx,fetch DELETE /api/candidate/saved-jobs?jobId=${encodeURIComponent(jobId)},/api/candidate/saved-jobs?jobId=${encodeURIComponent(jobId)},DELETE,,,,,,,,unknown,yes,unknown,unknown,false,true,unknown,,GREEN,LOW,src/app/jobs/[id]/page.tsx:90 — frontend call DELETE /api/candidate/saved-jobs?jobId=${encodeURIComponent(jobId)},src/app/jobs/[id]/page.tsx,90,Must reconcile against an API endpoint row.
SCR-01105,screen,/landing-old,/landing-old,src/app/landing-old/page.tsx,Screen render,,,,,,,,,,unknown,unknown,unknown,unknown,false,false,none/unknown,,GREEN,LOW,src/app/landing-old/page.tsx:1 — screen route /landing-old,src/app/landing-old/page.tsx,1,No interactive handler detected by static scan.
SCR-01106,screen,/leaderboard,/leaderboard,src/app/leaderboard/page.tsx,Screen render,,,,,,,,,,unknown,yes,unknown,unknown,false,false,none/unknown,,GREEN,LOW,src/app/leaderboard/page.tsx:1 — screen route /leaderboard,src/app/leaderboard/page.tsx,1,No interactive handler detected by static scan.
SCR-01107,screen,/login,/login,src/app/login/page.tsx,Screen render,,,,,,,,,,unknown,yes,unknown,unknown,false,true,none/unknown,,GREEN,LOW,src/app/login/page.tsx:1 — screen route /login,src/app/login/page.tsx,1,Interactive handlers detected; action-level rows follow.
ACT-01108,user_action,/login,/login,src/app/login/page.tsx,undefined handler,,,,,,,,,,unknown,yes,unknown,unknown,false,true,unknown,,GREEN,LOW,src/app/login/page.tsx:49 — undefined handler,src/app/login/page.tsx,49,No nearby API call detected; verify whether UI-only is intentional.
ACT-01109,user_action,/login,/login,src/app/login/page.tsx,onClick handler,,,,,,,,,,unknown,yes,unknown,unknown,false,false,unknown,,GREEN,LOW,src/app/login/page.tsx:151 — onClick handler,src/app/login/page.tsx,151,No nearby API call detected; verify whether UI-only is intentional.
ACT-01110,user_action,/login,/login,src/app/login/page.tsx,undefined handler,,,,,,,,,,unknown,yes,unknown,unknown,false,false,unknown,,GREEN,LOW,src/app/login/page.tsx:151 — undefined handler,src/app/login/page.tsx,151,No nearby API call detected; verify whether UI-only is intentional.
ACT-01111,user_action,/login,/login,src/app/login/page.tsx,onSubmit handler,,,,,,,,,,unknown,yes,unknown,unknown,false,false,unknown,,GREEN,LOW,src/app/login/page.tsx:175 — onSubmit handler,src/app/login/page.tsx,175,No nearby API call detected; verify whether UI-only is intentional.
ACT-01112,user_action,/login,/login,src/app/login/page.tsx,onClick handler,,,,,,,,,,unknown,yes,unknown,unknown,false,false,unknown,,GREEN,LOW,src/app/login/page.tsx:211 — onClick handler,src/app/login/page.tsx,211,No nearby API call detected; verify whether UI-only is intentional.
CALL-01113,frontend_api_call,/login,/login,src/app/login/page.tsx,fetch POST /api/auth/login,/api/auth/login,POST,,,,,,,,unknown,yes,unknown,unknown,false,true,unknown,,GREEN,LOW,src/app/login/page.tsx:39 — frontend call POST /api/auth/login,src/app/login/page.tsx,39,Must reconcile against an API endpoint row.
SCR-01114,screen,/messages/chat,/messages/chat,src/app/messages/chat/page.tsx,Screen render,,,,,,,,,,unknown,yes,unknown,unknown,false,false,none/unknown,,GREEN,LOW,src/app/messages/chat/page.tsx:1 — screen route /messages/chat,src/app/messages/chat/page.tsx,1,Interactive handlers detected; action-level rows follow.
ACT-01115,user_action,/messages/chat,/messages/chat,src/app/messages/chat/page.tsx,onClick handler,,,,,,,,,,unknown,yes,unknown,unknown,false,false,unknown,,GREEN,LOW,src/app/messages/chat/page.tsx:132 — onClick handler,src/app/messages/chat/page.tsx,132,No nearby API call detected; verify whether UI-only is intentional.
ACT-01116,user_action,/messages/chat,/messages/chat,src/app/messages/chat/page.tsx,onClick handler,,,,,,,,,,unknown,yes,unknown,unknown,false,false,unknown,,GREEN,LOW,src/app/messages/chat/page.tsx:275 — onClick handler,src/app/messages/chat/page.tsx,275,No nearby API call detected; verify whether UI-only is intentional.
ACT-01117,user_action,/messages/chat,/messages/chat,src/app/messages/chat/page.tsx,onSubmit handler,,,,,,,,,,unknown,yes,unknown,unknown,false,false,unknown,,GREEN,LOW,src/app/messages/chat/page.tsx:298 — onSubmit handler,src/app/messages/chat/page.tsx,298,No nearby API call detected; verify whether UI-only is intentional.
ACT-01118,user_action,/messages/chat,/messages/chat,src/app/messages/chat/page.tsx,onChange handler,,,,,,,,,,unknown,yes,unknown,unknown,false,false,unknown,,GREEN,LOW,src/app/messages/chat/page.tsx:308 — onChange handler,src/app/messages/chat/page.tsx,308,No nearby API call detected; verify whether UI-only is intentional.
ACT-01119,user_action,/messages/chat,/messages/chat,src/app/messages/chat/page.tsx,onBlur handler,,,,,,,,,,unknown,yes,unknown,unknown,false,false,unknown,,GREEN,LOW,src/app/messages/chat/page.tsx:319 — onBlur handler,src/app/messages/chat/page.tsx,319,No nearby API call detected; verify whether UI-only is intentional.
SCR-01120,screen,/messages,/messages,src/app/messages/page.tsx,Screen render,,,,,,,Google Gemini | Stripe | External asset host,,Google Gemini | Stripe | External asset host,unknown,yes,unknown,unknown,true,false,none/unknown,,RED,HIGH,src/app/messages/page.tsx:1 — screen route /messages,src/app/messages/page.tsx,1,No interactive handler detected by static scan.
SCR-01121,screen,/notifications,/notifications,src/app/notifications/page.tsx,Screen render,,,,,,,,,,unknown,yes,unknown,unknown,false,true,none/unknown,,GREEN,LOW,src/app/notifications/page.tsx:1 — screen route /notifications,src/app/notifications/page.tsx,1,Interactive handlers detected; action-level rows follow.
ACT-01122,user_action,/notifications,/notifications,src/app/notifications/page.tsx,onClick handler,,,,,,,,,,unknown,yes,unknown,unknown,false,false,unknown,,GREEN,LOW,src/app/notifications/page.tsx:96 — onClick handler,src/app/notifications/page.tsx,96,No nearby API call detected; verify whether UI-only is intentional.
ACT-01123,user_action,/notifications,/notifications,src/app/notifications/page.tsx,onClick handler,,,,,,,,,,unknown,yes,unknown,unknown,false,false,unknown,,GREEN,LOW,src/app/notifications/page.tsx:118 — onClick handler,src/app/notifications/page.tsx,118,No nearby API call detected; verify whether UI-only is intentional.
ACT-01124,user_action,/notifications,/notifications,src/app/notifications/page.tsx,onClick handler,,,,,,,,,,unknown,yes,unknown,unknown,false,false,unknown,,GREEN,LOW,src/app/notifications/page.tsx:118 — onClick handler,src/app/notifications/page.tsx,118,No nearby API call detected; verify whether UI-only is intentional.
ACT-01125,user_action,/notifications,/notifications,src/app/notifications/page.tsx,onClick handler,,,,,,,,,,unknown,yes,unknown,unknown,false,false,unknown,,GREEN,LOW,src/app/notifications/page.tsx:138 — onClick handler,src/app/notifications/page.tsx,138,No nearby API call detected; verify whether UI-only is intentional.
CALL-01126,frontend_api_call,/notifications,/notifications,src/app/notifications/page.tsx,fetch GET /api/notifications,/api/notifications,GET,,,,,,,,unknown,yes,unknown,unknown,false,true,unknown,,GREEN,LOW,src/app/notifications/page.tsx:24 — frontend call GET /api/notifications,src/app/notifications/page.tsx,24,Must reconcile against an API endpoint row.
CALL-01127,frontend_api_call,/notifications,/notifications,src/app/notifications/page.tsx,fetch GET /api/candidate/sourcing-invitations,/api/candidate/sourcing-invitations,GET,,,,,,,,unknown,yes,unknown,unknown,false,true,unknown,,GREEN,LOW,src/app/notifications/page.tsx:38 — frontend call GET /api/candidate/sourcing-invitations,src/app/notifications/page.tsx,38,Must reconcile against an API endpoint row.
CALL-01128,frontend_api_call,/notifications,/notifications,src/app/notifications/page.tsx,fetch POST /api/candidate/sourcing-invitations/${id}/decision,/api/candidate/sourcing-invitations/${id}/decision,POST,,,,,,,,unknown,yes,unknown,unknown,false,true,unknown,,GREEN,LOW,src/app/notifications/page.tsx:46 — frontend call POST /api/candidate/sourcing-invitations/${id}/decision,src/app/notifications/page.tsx,46,Must reconcile against an API endpoint row.
CALL-01129,frontend_api_call,/notifications,/notifications,src/app/notifications/page.tsx,fetch PUT /api/notifications,/api/notifications,PUT,,,,,,,,unknown,yes,unknown,unknown,false,true,unknown,,GREEN,LOW,src/app/notifications/page.tsx:56 — frontend call PUT /api/notifications,src/app/notifications/page.tsx,56,Must reconcile against an API endpoint row.
CALL-01130,frontend_api_call,/notifications,/notifications,src/app/notifications/page.tsx,fetch PUT /api/notifications,/api/notifications,PUT,,,,,,,,unknown,yes,unknown,unknown,false,true,unknown,,GREEN,LOW,src/app/notifications/page.tsx:71 — frontend call PUT /api/notifications,src/app/notifications/page.tsx,71,Must reconcile against an API endpoint row.
SCR-01131,screen,/onboarding/baseline-assessment,/onboarding/baseline-assessment,src/app/onboarding/baseline-assessment/page.tsx,Screen render,,,,,,,,,,yes,unknown,unknown,unknown,false,false,none/unknown,,GREEN,LOW,src/app/onboarding/baseline-assessment/page.tsx:1 — screen route /onboarding/baseline-assessment,src/app/onboarding/baseline-assessment/page.tsx,1,No interactive handler detected by static scan.
SCR-01132,screen,/onboarding/checklist,/onboarding/checklist,src/app/onboarding/checklist/page.tsx,Screen render,,,,,,,,,,yes,unknown,unknown,unknown,false,false,none/unknown,,GREEN,LOW,src/app/onboarding/checklist/page.tsx:1 — screen route /onboarding/checklist,src/app/onboarding/checklist/page.tsx,1,No interactive handler detected by static scan.
SCR-01133,screen,/onboarding/complete,/onboarding/complete,src/app/onboarding/complete/page.tsx,Screen render,,,,,,,,,,yes,yes,unknown,unknown,false,false,none/unknown,,GREEN,LOW,src/app/onboarding/complete/page.tsx:1 — screen route /onboarding/complete,src/app/onboarding/complete/page.tsx,1,No interactive handler detected by static scan.
SCR-01134,screen,/onboarding/document-upload,/onboarding/document-upload,src/app/onboarding/document-upload/page.tsx,Screen render,,,,,,,,,,yes,yes,unknown,unknown,false,true,none/unknown,,GREEN,LOW,src/app/onboarding/document-upload/page.tsx:1 — screen route /onboarding/document-upload,src/app/onboarding/document-upload/page.tsx,1,Interactive handlers detected; action-level rows follow.
ACT-01135,user_action,/onboarding/document-upload,/onboarding/document-upload,src/app/onboarding/document-upload/page.tsx,undefined handler,,,,,,,,,,unknown,yes,unknown,unknown,false,true,unknown,,GREEN,LOW,src/app/onboarding/document-upload/page.tsx:64 — undefined handler,src/app/onboarding/document-upload/page.tsx,64,No nearby API call detected; verify whether UI-only is intentional.
ACT-01136,user_action,/onboarding/document-upload,/onboarding/document-upload,src/app/onboarding/document-upload/page.tsx,onChange handler,,,,,,,,,,unknown,yes,unknown,unknown,false,false,unknown,,GREEN,LOW,src/app/onboarding/document-upload/page.tsx:137 — onChange handler,src/app/onboarding/document-upload/page.tsx,137,No nearby API call detected; verify whether UI-only is intentional.
ACT-01137,user_action,/onboarding/document-upload,/onboarding/document-upload,src/app/onboarding/document-upload/page.tsx,onClick handler,,,,,,,,,,unknown,yes,unknown,unknown,false,false,unknown,,GREEN,LOW,src/app/onboarding/document-upload/page.tsx:173 — onClick handler,src/app/onboarding/document-upload/page.tsx,173,No nearby API call detected; verify whether UI-only is intentional.
CALL-01138,frontend_api_call,/onboarding/document-upload,/onboarding/document-upload,src/app/onboarding/document-upload/page.tsx,fetch POST /api/upload,/api/upload,POST,,,,,,,,unknown,yes,unknown,unknown,false,true,unknown,,GREEN,LOW,src/app/onboarding/document-upload/page.tsx:43 — frontend call POST /api/upload,src/app/onboarding/document-upload/page.tsx,43,Must reconcile against an API endpoint row.
SCR-01139,screen,/onboarding/education,/onboarding/education,src/app/onboarding/education/page.tsx,Screen render,,,,,,,Google Gemini,,Google Gemini,yes,yes,unknown,unknown,false,true,none/unknown,,GREEN,LOW,src/app/onboarding/education/page.tsx:1 — screen route /onboarding/education,src/app/onboarding/education/page.tsx,1,Interactive handlers detected; action-level rows follow.
ACT-01140,user_action,/onboarding/education,/onboarding/education,src/app/onboarding/education/page.tsx,undefined handler,/api/candidate/profile,see endpoint row,,,,,Google Gemini,,Google Gemini,unknown,yes,unknown,unknown,false,true,unknown,,GREEN,LOW,src/app/onboarding/education/page.tsx:46 — undefined handler,src/app/onboarding/education/page.tsx,46,Static nearby fetch association; verify exact handler path.
ACT-01141,user_action,/onboarding/education,/onboarding/education,src/app/onboarding/education/page.tsx,undefined handler,,,,,,,Google Gemini,,Google Gemini,unknown,yes,unknown,unknown,false,true,unknown,,GREEN,LOW,src/app/onboarding/education/page.tsx:52 — undefined handler,src/app/onboarding/education/page.tsx,52,No nearby API call detected; verify whether UI-only is intentional.
ACT-01142,user_action,/onboarding/education,/onboarding/education,src/app/onboarding/education/page.tsx,onClick handler,,,,,,,,,,unknown,yes,unknown,unknown,false,false,unknown,,GREEN,LOW,src/app/onboarding/education/page.tsx:149 — onClick handler,src/app/onboarding/education/page.tsx,149,No nearby API call detected; verify whether UI-only is intentional.
ACT-01143,user_action,/onboarding/education,/onboarding/education,src/app/onboarding/education/page.tsx,onChange handler,,,,,,,,,,unknown,yes,unknown,unknown,false,false,unknown,,GREEN,LOW,src/app/onboarding/education/page.tsx:167 — onChange handler,src/app/onboarding/education/page.tsx,167,No nearby API call detected; verify whether UI-only is intentional.
ACT-01144,user_action,/onboarding/education,/onboarding/education,src/app/onboarding/education/page.tsx,onBlur handler,,,,,,,,,,unknown,yes,unknown,unknown,false,false,unknown,,GREEN,LOW,src/app/onboarding/education/page.tsx:177 — onBlur handler,src/app/onboarding/education/page.tsx,177,No nearby API call detected; verify whether UI-only is intentional.
ACT-01145,user_action,/onboarding/education,/onboarding/education,src/app/onboarding/education/page.tsx,onChange handler,,,,,,,,,,unknown,yes,unknown,unknown,false,false,unknown,,GREEN,LOW,src/app/onboarding/education/page.tsx:191 — onChange handler,src/app/onboarding/education/page.tsx,191,No nearby API call detected; verify whether UI-only is intentional.
ACT-01146,user_action,/onboarding/education,/onboarding/education,src/app/onboarding/education/page.tsx,onBlur handler,,,,,,,,,,unknown,yes,unknown,unknown,false,false,unknown,,GREEN,LOW,src/app/onboarding/education/page.tsx:201 — onBlur handler,src/app/onboarding/education/page.tsx,201,No nearby API call detected; verify whether UI-only is intentional.
ACT-01147,user_action,/onboarding/education,/onboarding/education,src/app/onboarding/education/page.tsx,onChange handler,,,,,,,,,,unknown,yes,unknown,unknown,false,false,unknown,,GREEN,LOW,src/app/onboarding/education/page.tsx:215 — onChange handler,src/app/onboarding/education/page.tsx,215,No nearby API call detected; verify whether UI-only is intentional.
ACT-01148,user_action,/onboarding/education,/onboarding/education,src/app/onboarding/education/page.tsx,onBlur handler,,,,,,,,,,unknown,yes,unknown,unknown,false,false,unknown,,GREEN,LOW,src/app/onboarding/education/page.tsx:225 — onBlur handler,src/app/onboarding/education/page.tsx,225,No nearby API call detected; verify whether UI-only is intentional.
ACT-01149,user_action,/onboarding/education,/onboarding/education,src/app/onboarding/education/page.tsx,onChange handler,,,,,,,,,,unknown,yes,unknown,unknown,false,false,unknown,,GREEN,LOW,src/app/onboarding/education/page.tsx:239 — onChange handler,src/app/onboarding/education/page.tsx,239,No nearby API call detected; verify whether UI-only is intentional.
ACT-01150,user_action,/onboarding/education,/onboarding/education,src/app/onboarding/education/page.tsx,onBlur handler,,,,,,,,,,unknown,yes,unknown,unknown,false,false,unknown,,GREEN,LOW,src/app/onboarding/education/page.tsx:249 — onBlur handler,src/app/onboarding/education/page.tsx,249,No nearby API call detected; verify whether UI-only is intentional.
ACT-01151,user_action,/onboarding/education,/onboarding/education,src/app/onboarding/education/page.tsx,onClick handler,,,,,,,,,,unknown,yes,unknown,unknown,false,false,unknown,,GREEN,LOW,src/app/onboarding/education/page.tsx:261 — onClick handler,src/app/onboarding/education/page.tsx,261,No nearby API call detected; verify whether UI-only is intentional.
ACT-01152,user_action,/onboarding/education,/onboarding/education,src/app/onboarding/education/page.tsx,onClick handler,,,,,,,,,,unknown,yes,unknown,unknown,false,false,unknown,,GREEN,LOW,src/app/onboarding/education/page.tsx:291 — onClick handler,src/app/onboarding/education/page.tsx,291,No nearby API call detected; verify whether UI-only is intentional.
ACT-01153,user_action,/onboarding/education,/onboarding/education,src/app/onboarding/education/page.tsx,onClick handler,,,,,,,,,,unknown,yes,unknown,unknown,false,false,unknown,,GREEN,LOW,src/app/onboarding/education/page.tsx:298 — onClick handler,src/app/onboarding/education/page.tsx,298,No nearby API call detected; verify whether UI-only is intentional.
CALL-01154,frontend_api_call,/onboarding/education,/onboarding/education,src/app/onboarding/education/page.tsx,fetch PUT /api/candidate/profile,/api/candidate/profile,PUT,,,,,Google Gemini,,Google Gemini,unknown,yes,unknown,unknown,false,true,unknown,,GREEN,LOW,src/app/onboarding/education/page.tsx:38 — frontend call PUT /api/candidate/profile,src/app/onboarding/education/page.tsx,38,Must reconcile against an API endpoint row.
SCR-01155,screen,/onboarding/experience,/onboarding/experience,src/app/onboarding/experience/page.tsx,Screen render,,,,,,,Google Gemini,,Google Gemini,yes,yes,unknown,unknown,false,true,none/unknown,,GREEN,LOW,src/app/onboarding/experience/page.tsx:1 — screen route /onboarding/experience,src/app/onboarding/experience/page.tsx,1,Interactive handlers detected; action-level rows follow.
ACT-01156,user_action,/onboarding/experience,/onboarding/experience,src/app/onboarding/experience/page.tsx,undefined handler,/api/candidate/profile,see endpoint row,,,,,Google Gemini,,Google Gemini,unknown,yes,unknown,unknown,false,true,unknown,,GREEN,LOW,src/app/onboarding/experience/page.tsx:54 — undefined handler,src/app/onboarding/experience/page.tsx,54,Static nearby fetch association; verify exact handler path.
ACT-01157,user_action,/onboarding/experience,/onboarding/experience,src/app/onboarding/experience/page.tsx,undefined handler,,,,,,,Google Gemini,,Google Gemini,unknown,yes,unknown,unknown,false,true,unknown,,GREEN,LOW,src/app/onboarding/experience/page.tsx:60 — undefined handler,src/app/onboarding/experience/page.tsx,60,No nearby API call detected; verify whether UI-only is intentional.
ACT-01158,user_action,/onboarding/experience,/onboarding/experience,src/app/onboarding/experience/page.tsx,onClick handler,,,,,,,Google Gemini,,Google Gemini,unknown,yes,unknown,unknown,false,false,unknown,,GREEN,LOW,src/app/onboarding/experience/page.tsx:157 — onClick handler,src/app/onboarding/experience/page.tsx,157,No nearby API call detected; verify whether UI-only is intentional.
ACT-01159,user_action,/onboarding/experience,/onboarding/experience,src/app/onboarding/experience/page.tsx,onChange handler,,,,,,,Google Gemini,,Google Gemini,unknown,yes,unknown,unknown,false,false,unknown,,GREEN,LOW,src/app/onboarding/experience/page.tsx:175 — onChange handler,src/app/onboarding/experience/page.tsx,175,No nearby API call detected; verify whether UI-only is intentional.
ACT-01160,user_action,/onboarding/experience,/onboarding/experience,src/app/onboarding/experience/page.tsx,onBlur handler,,,,,,,,,,unknown,yes,unknown,unknown,false,false,unknown,,GREEN,LOW,src/app/onboarding/experience/page.tsx:185 — onBlur handler,src/app/onboarding/experience/page.tsx,185,No nearby API call detected; verify whether UI-only is intentional.
ACT-01161,user_action,/onboarding/experience,/onboarding/experience,src/app/onboarding/experience/page.tsx,onChange handler,,,,,,,,,,unknown,yes,unknown,unknown,false,false,unknown,,GREEN,LOW,src/app/onboarding/experience/page.tsx:199 — onChange handler,src/app/onboarding/experience/page.tsx,199,No nearby API call detected; verify whether UI-only is intentional.
ACT-01162,user_action,/onboarding/experience,/onboarding/experience,src/app/onboarding/experience/page.tsx,onBlur handler,,,,,,,,,,unknown,yes,unknown,unknown,false,false,unknown,,GREEN,LOW,src/app/onboarding/experience/page.tsx:209 — onBlur handler,src/app/onboarding/experience/page.tsx,209,No nearby API call detected; verify whether UI-only is intentional.
ACT-01163,user_action,/onboarding/experience,/onboarding/experience,src/app/onboarding/experience/page.tsx,onChange handler,,,,,,,,,,unknown,yes,unknown,unknown,false,false,unknown,,GREEN,LOW,src/app/onboarding/experience/page.tsx:223 — onChange handler,src/app/onboarding/experience/page.tsx,223,No nearby API call detected; verify whether UI-only is intentional.
ACT-01164,user_action,/onboarding/experience,/onboarding/experience,src/app/onboarding/experience/page.tsx,onBlur handler,,,,,,,,,,unknown,yes,unknown,unknown,false,false,unknown,,GREEN,LOW,src/app/onboarding/experience/page.tsx:233 — onBlur handler,src/app/onboarding/experience/page.tsx,233,No nearby API call detected; verify whether UI-only is intentional.
ACT-01165,user_action,/onboarding/experience,/onboarding/experience,src/app/onboarding/experience/page.tsx,onChange handler,,,,,,,,,,unknown,yes,unknown,unknown,false,false,unknown,,GREEN,LOW,src/app/onboarding/experience/page.tsx:247 — onChange handler,src/app/onboarding/experience/page.tsx,247,No nearby API call detected; verify whether UI-only is intentional.
ACT-01166,user_action,/onboarding/experience,/onboarding/experience,src/app/onboarding/experience/page.tsx,onBlur handler,,,,,,,,,,unknown,yes,unknown,unknown,false,false,unknown,,GREEN,LOW,src/app/onboarding/experience/page.tsx:257 — onBlur handler,src/app/onboarding/experience/page.tsx,257,No nearby API call detected; verify whether UI-only is intentional.
ACT-01167,user_action,/onboarding/experience,/onboarding/experience,src/app/onboarding/experience/page.tsx,onClick handler,,,,,,,,,,unknown,yes,unknown,unknown,false,false,unknown,,GREEN,LOW,src/app/onboarding/experience/page.tsx:272 — onClick handler,src/app/onboarding/experience/page.tsx,272,No nearby API call detected; verify whether UI-only is intentional.
ACT-01168,user_action,/onboarding/experience,/onboarding/experience,src/app/onboarding/experience/page.tsx,onChange handler,,,,,,,,,,unknown,yes,unknown,unknown,false,false,unknown,,GREEN,LOW,src/app/onboarding/experience/page.tsx:288 — onChange handler,src/app/onboarding/experience/page.tsx,288,No nearby API call detected; verify whether UI-only is intentional.
ACT-01169,user_action,/onboarding/experience,/onboarding/experience,src/app/onboarding/experience/page.tsx,onBlur handler,,,,,,,,,,unknown,yes,unknown,unknown,false,false,unknown,,GREEN,LOW,src/app/onboarding/experience/page.tsx:299 — onBlur handler,src/app/onboarding/experience/page.tsx,299,No nearby API call detected; verify whether UI-only is intentional.
ACT-01170,user_action,/onboarding/experience,/onboarding/experience,src/app/onboarding/experience/page.tsx,onClick handler,,,,,,,,,,unknown,yes,unknown,unknown,false,false,unknown,,GREEN,LOW,src/app/onboarding/experience/page.tsx:310 — onClick handler,src/app/onboarding/experience/page.tsx,310,No nearby API call detected; verify whether UI-only is intentional.
ACT-01171,user_action,/onboarding/experience,/onboarding/experience,src/app/onboarding/experience/page.tsx,onClick handler,,,,,,,,,,unknown,yes,unknown,unknown,false,false,unknown,,GREEN,LOW,src/app/onboarding/experience/page.tsx:340 — onClick handler,src/app/onboarding/experience/page.tsx,340,No nearby API call detected; verify whether UI-only is intentional.
ACT-01172,user_action,/onboarding/experience,/onboarding/experience,src/app/onboarding/experience/page.tsx,onClick handler,,,,,,,,,,unknown,yes,unknown,unknown,false,false,unknown,,GREEN,LOW,src/app/onboarding/experience/page.tsx:347 — onClick handler,src/app/onboarding/experience/page.tsx,347,No nearby API call detected; verify whether UI-only is intentional.
CALL-01173,frontend_api_call,/onboarding/experience,/onboarding/experience,src/app/onboarding/experience/page.tsx,fetch PUT /api/candidate/profile,/api/candidate/profile,PUT,,,,,Google Gemini,,Google Gemini,unknown,yes,unknown,unknown,false,true,unknown,,GREEN,LOW,src/app/onboarding/experience/page.tsx:45 — frontend call PUT /api/candidate/profile,src/app/onboarding/experience/page.tsx,45,Must reconcile against an API endpoint row.
SCR-01174,screen,/onboarding/hire-score,/onboarding/hire-score,src/app/onboarding/hire-score/page.tsx,Screen render,,,,,,,,,,yes,unknown,unknown,unknown,false,false,none/unknown,,GREEN,LOW,src/app/onboarding/hire-score/page.tsx:1 — screen route /onboarding/hire-score,src/app/onboarding/hire-score/page.tsx,1,No interactive handler detected by static scan.
SCR-01175,screen,/onboarding/matching,/onboarding/matching,src/app/onboarding/matching/page.tsx,Screen render,,,,,,,,,,yes,unknown,unknown,unknown,false,false,none/unknown,,GREEN,LOW,src/app/onboarding/matching/page.tsx:1 — screen route /onboarding/matching,src/app/onboarding/matching/page.tsx,1,No interactive handler detected by static scan.
SCR-01176,screen,/onboarding/mock-interview,/onboarding/mock-interview,src/app/onboarding/mock-interview/page.tsx,Screen render,,,,,,,,,,yes,unknown,unknown,unknown,false,false,none/unknown,,GREEN,LOW,src/app/onboarding/mock-interview/page.tsx:1 — screen route /onboarding/mock-interview,src/app/onboarding/mock-interview/page.tsx,1,No interactive handler detected by static scan.
SCR-01177,screen,/onboarding,/onboarding,src/app/onboarding/page.tsx,Screen render,,,,,,,,,,yes,unknown,unknown,unknown,false,false,none/unknown,,GREEN,LOW,src/app/onboarding/page.tsx:1 — screen route /onboarding,src/app/onboarding/page.tsx,1,No interactive handler detected by static scan.
SCR-01178,screen,/onboarding/personal-details,/onboarding/personal-details,src/app/onboarding/personal-details/page.tsx,Screen render,,,,,,,,,,yes,yes,unknown,unknown,false,true,none/unknown,,GREEN,LOW,src/app/onboarding/personal-details/page.tsx:1 — screen route /onboarding/personal-details,src/app/onboarding/personal-details/page.tsx,1,Interactive handlers detected; action-level rows follow.
ACT-01179,user_action,/onboarding/personal-details,/onboarding/personal-details,src/app/onboarding/personal-details/page.tsx,undefined handler,,,,,,,,,,unknown,yes,unknown,unknown,false,true,unknown,,GREEN,LOW,src/app/onboarding/personal-details/page.tsx:56 — undefined handler,src/app/onboarding/personal-details/page.tsx,56,No nearby API call detected; verify whether UI-only is intentional.
ACT-01180,user_action,/onboarding/personal-details,/onboarding/personal-details,src/app/onboarding/personal-details/page.tsx,onSubmit handler,,,,,,,,,,unknown,yes,unknown,unknown,false,false,unknown,,GREEN,LOW,src/app/onboarding/personal-details/page.tsx:129 — onSubmit handler,src/app/onboarding/personal-details/page.tsx,129,No nearby API call detected; verify whether UI-only is intentional.
ACT-01181,user_action,/onboarding/personal-details,/onboarding/personal-details,src/app/onboarding/personal-details/page.tsx,onChange handler,,,,,,,,,,unknown,yes,unknown,unknown,false,false,unknown,,GREEN,LOW,src/app/onboarding/personal-details/page.tsx:165 — onChange handler,src/app/onboarding/personal-details/page.tsx,165,No nearby API call detected; verify whether UI-only is intentional.
ACT-01182,user_action,/onboarding/personal-details,/onboarding/personal-details,src/app/onboarding/personal-details/page.tsx,onBlur handler,,,,,,,,,,unknown,yes,unknown,unknown,false,false,unknown,,GREEN,LOW,src/app/onboarding/personal-details/page.tsx:175 — onBlur handler,src/app/onboarding/personal-details/page.tsx,175,No nearby API call detected; verify whether UI-only is intentional.
ACT-01183,user_action,/onboarding/personal-details,/onboarding/personal-details,src/app/onboarding/personal-details/page.tsx,onBlur handler,,,,,,,,,,unknown,yes,unknown,unknown,false,false,unknown,,GREEN,LOW,src/app/onboarding/personal-details/page.tsx:199 — onBlur handler,src/app/onboarding/personal-details/page.tsx,199,No nearby API call detected; verify whether UI-only is intentional.
ACT-01184,user_action,/onboarding/personal-details,/onboarding/personal-details,src/app/onboarding/personal-details/page.tsx,onChange handler,,,,,,,,,,unknown,yes,unknown,unknown,false,false,unknown,,GREEN,LOW,src/app/onboarding/personal-details/page.tsx:213 — onChange handler,src/app/onboarding/personal-details/page.tsx,213,No nearby API call detected; verify whether UI-only is intentional.
ACT-01185,user_action,/onboarding/personal-details,/onboarding/personal-details,src/app/onboarding/personal-details/page.tsx,onBlur handler,,,,,,,,,,unknown,yes,unknown,unknown,false,false,unknown,,GREEN,LOW,src/app/onboarding/personal-details/page.tsx:223 — onBlur handler,src/app/onboarding/personal-details/page.tsx,223,No nearby API call detected; verify whether UI-only is intentional.
ACT-01186,user_action,/onboarding/personal-details,/onboarding/personal-details,src/app/onboarding/personal-details/page.tsx,onChange handler,,,,,,,,,,unknown,yes,unknown,unknown,false,false,unknown,,GREEN,LOW,src/app/onboarding/personal-details/page.tsx:236 — onChange handler,src/app/onboarding/personal-details/page.tsx,236,No nearby API call detected; verify whether UI-only is intentional.
ACT-01187,user_action,/onboarding/personal-details,/onboarding/personal-details,src/app/onboarding/personal-details/page.tsx,onBlur handler,,,,,,,,,,unknown,yes,unknown,unknown,false,false,unknown,,GREEN,LOW,src/app/onboarding/personal-details/page.tsx:246 — onBlur handler,src/app/onboarding/personal-details/page.tsx,246,No nearby API call detected; verify whether UI-only is intentional.
ACT-01188,user_action,/onboarding/personal-details,/onboarding/personal-details,src/app/onboarding/personal-details/page.tsx,onChange handler,,,,,,,,,,unknown,yes,unknown,unknown,false,false,unknown,,GREEN,LOW,src/app/onboarding/personal-details/page.tsx:259 — onChange handler,src/app/onboarding/personal-details/page.tsx,259,No nearby API call detected; verify whether UI-only is intentional.
ACT-01189,user_action,/onboarding/personal-details,/onboarding/personal-details,src/app/onboarding/personal-details/page.tsx,onBlur handler,,,,,,,,,,unknown,yes,unknown,unknown,false,false,unknown,,GREEN,LOW,src/app/onboarding/personal-details/page.tsx:269 — onBlur handler,src/app/onboarding/personal-details/page.tsx,269,No nearby API call detected; verify whether UI-only is intentional.
CALL-01190,frontend_api_call,/onboarding/personal-details,/onboarding/personal-details,src/app/onboarding/personal-details/page.tsx,fetch GET /api/candidate/profile,/api/candidate/profile,GET,,,,,,,,unknown,yes,unknown,unknown,false,true,unknown,,GREEN,LOW,src/app/onboarding/personal-details/page.tsx:23 — frontend call GET /api/candidate/profile,src/app/onboarding/personal-details/page.tsx,23,Must reconcile against an API endpoint row.
CALL-01191,frontend_api_call,/onboarding/personal-details,/onboarding/personal-details,src/app/onboarding/personal-details/page.tsx,fetch PUT /api/candidate/profile,/api/candidate/profile,PUT,,,,,,,,unknown,yes,unknown,unknown,false,true,unknown,,GREEN,LOW,src/app/onboarding/personal-details/page.tsx:44 — frontend call PUT /api/candidate/profile,src/app/onboarding/personal-details/page.tsx,44,Must reconcile against an API endpoint row.
SCR-01192,screen,/onboarding/preferences,/onboarding/preferences,src/app/onboarding/preferences/page.tsx,Screen render,,,,,,,Google Gemini,,Google Gemini,yes,yes,unknown,unknown,false,true,none/unknown,,GREEN,LOW,src/app/onboarding/preferences/page.tsx:1 — screen route /onboarding/preferences,src/app/onboarding/preferences/page.tsx,1,Interactive handlers detected; action-level rows follow.
ACT-01193,user_action,/onboarding/preferences,/onboarding/preferences,src/app/onboarding/preferences/page.tsx,undefined handler,/api/candidate/profile,see endpoint row,,,,,Google Gemini,,Google Gemini,unknown,yes,unknown,unknown,false,false,unknown,,GREEN,LOW,src/app/onboarding/preferences/page.tsx:86 — undefined handler,src/app/onboarding/preferences/page.tsx,86,Static nearby fetch association; verify exact handler path.
ACT-01194,user_action,/onboarding/preferences,/onboarding/preferences,src/app/onboarding/preferences/page.tsx,undefined handler,,,,,,,Google Gemini,,Google Gemini,unknown,yes,unknown,unknown,false,false,unknown,,GREEN,LOW,src/app/onboarding/preferences/page.tsx:92 — undefined handler,src/app/onboarding/preferences/page.tsx,92,No nearby API call detected; verify whether UI-only is intentional.
ACT-01195,user_action,/onboarding/preferences,/onboarding/preferences,src/app/onboarding/preferences/page.tsx,onSubmit handler,,,,,,,,,,unknown,yes,unknown,unknown,false,false,unknown,,GREEN,LOW,src/app/onboarding/preferences/page.tsx:194 — onSubmit handler,src/app/onboarding/preferences/page.tsx,194,No nearby API call detected; verify whether UI-only is intentional.
ACT-01196,user_action,/onboarding/preferences,/onboarding/preferences,src/app/onboarding/preferences/page.tsx,onChange handler,,,,,,,,,,unknown,yes,unknown,unknown,false,false,unknown,,GREEN,LOW,src/app/onboarding/preferences/page.tsx:198 — onChange handler,src/app/onboarding/preferences/page.tsx,198,No nearby API call detected; verify whether UI-only is intentional.
ACT-01197,user_action,/onboarding/preferences,/onboarding/preferences,src/app/onboarding/preferences/page.tsx,onBlur handler,,,,,,,,,,unknown,yes,unknown,unknown,false,false,unknown,,GREEN,LOW,src/app/onboarding/preferences/page.tsx:209 — onBlur handler,src/app/onboarding/preferences/page.tsx,209,No nearby API call detected; verify whether UI-only is intentional.
ACT-01198,user_action,/onboarding/preferences,/onboarding/preferences,src/app/onboarding/preferences/page.tsx,onClick handler,,,,,,,,,,unknown,yes,unknown,unknown,false,false,unknown,,GREEN,LOW,src/app/onboarding/preferences/page.tsx:239 — onClick handler,src/app/onboarding/preferences/page.tsx,239,No nearby API call detected; verify whether UI-only is intentional.
ACT-01199,user_action,/onboarding/preferences,/onboarding/preferences,src/app/onboarding/preferences/page.tsx,onSubmit handler,,,,,,,,,,unknown,yes,unknown,unknown,false,false,unknown,,GREEN,LOW,src/app/onboarding/preferences/page.tsx:256 — onSubmit handler,src/app/onboarding/preferences/page.tsx,256,No nearby API call detected; verify whether UI-only is intentional.
ACT-01200,user_action,/onboarding/preferences,/onboarding/preferences,src/app/onboarding/preferences/page.tsx,onChange handler,,,,,,,,,,unknown,yes,unknown,unknown,false,false,unknown,,GREEN,LOW,src/app/onboarding/preferences/page.tsx:260 — onChange handler,src/app/onboarding/preferences/page.tsx,260,No nearby API call detected; verify whether UI-only is intentional.
ACT-01201,user_action,/onboarding/preferences,/onboarding/preferences,src/app/onboarding/preferences/page.tsx,onBlur handler,,,,,,,,,,unknown,yes,unknown,unknown,false,false,unknown,,GREEN,LOW,src/app/onboarding/preferences/page.tsx:271 — onBlur handler,src/app/onboarding/preferences/page.tsx,271,No nearby API call detected; verify whether UI-only is intentional.
ACT-01202,user_action,/onboarding/preferences,/onboarding/preferences,src/app/onboarding/preferences/page.tsx,onClick handler,,,,,,,,,,unknown,yes,unknown,unknown,false,false,unknown,,GREEN,LOW,src/app/onboarding/preferences/page.tsx:300 — onClick handler,src/app/onboarding/preferences/page.tsx,300,No nearby API call detected; verify whether UI-only is intentional.
ACT-01203,user_action,/onboarding/preferences,/onboarding/preferences,src/app/onboarding/preferences/page.tsx,onClick handler,,,,,,,,,,unknown,yes,unknown,unknown,false,false,unknown,,GREEN,LOW,src/app/onboarding/preferences/page.tsx:323 — onClick handler,src/app/onboarding/preferences/page.tsx,323,No nearby API call detected; verify whether UI-only is intentional.
ACT-01204,user_action,/onboarding/preferences,/onboarding/preferences,src/app/onboarding/preferences/page.tsx,onChange handler,,,,,,,,,,unknown,yes,unknown,unknown,false,false,unknown,,GREEN,LOW,src/app/onboarding/preferences/page.tsx:347 — onChange handler,src/app/onboarding/preferences/page.tsx,347,No nearby API call detected; verify whether UI-only is intentional.
ACT-01205,user_action,/onboarding/preferences,/onboarding/preferences,src/app/onboarding/preferences/page.tsx,onChange handler,,,,,,,,,,unknown,yes,unknown,unknown,false,false,unknown,,GREEN,LOW,src/app/onboarding/preferences/page.tsx:351 — onChange handler,src/app/onboarding/preferences/page.tsx,351,No nearby API call detected; verify whether UI-only is intentional.
ACT-01206,user_action,/onboarding/preferences,/onboarding/preferences,src/app/onboarding/preferences/page.tsx,onChange handler,,,,,,,,,,unknown,yes,unknown,unknown,false,false,unknown,,GREEN,LOW,src/app/onboarding/preferences/page.tsx:355 — onChange handler,src/app/onboarding/preferences/page.tsx,355,No nearby API call detected; verify whether UI-only is intentional.
ACT-01207,user_action,/onboarding/preferences,/onboarding/preferences,src/app/onboarding/preferences/page.tsx,onChange handler,,,,,,,,,,unknown,yes,unknown,unknown,false,false,unknown,,GREEN,LOW,src/app/onboarding/preferences/page.tsx:360 — onChange handler,src/app/onboarding/preferences/page.tsx,360,No nearby API call detected; verify whether UI-only is intentional.
ACT-01208,user_action,/onboarding/preferences,/onboarding/preferences,src/app/onboarding/preferences/page.tsx,onChange handler,,,,,,,,,,unknown,yes,unknown,unknown,false,false,unknown,,GREEN,LOW,src/app/onboarding/preferences/page.tsx:361 — onChange handler,src/app/onboarding/preferences/page.tsx,361,No nearby API call detected; verify whether UI-only is intentional.
ACT-01209,user_action,/onboarding/preferences,/onboarding/preferences,src/app/onboarding/preferences/page.tsx,onClick handler,,,,,,,,,,unknown,yes,unknown,unknown,false,false,unknown,,GREEN,LOW,src/app/onboarding/preferences/page.tsx:386 — onClick handler,src/app/onboarding/preferences/page.tsx,386,No nearby API call detected; verify whether UI-only is intentional.
ACT-01210,user_action,/onboarding/preferences,/onboarding/preferences,src/app/onboarding/preferences/page.tsx,onClick handler,,,,,,,,,,unknown,yes,unknown,unknown,false,false,unknown,,GREEN,LOW,src/app/onboarding/preferences/page.tsx:393 — onClick handler,src/app/onboarding/preferences/page.tsx,393,No nearby API call detected; verify whether UI-only is intentional.
CALL-01211,frontend_api_call,/onboarding/preferences,/onboarding/preferences,src/app/onboarding/preferences/page.tsx,fetch GET /api/candidate/profile,/api/candidate/profile,GET,,,,,Google Gemini,,Google Gemini,unknown,yes,unknown,unknown,false,true,unknown,,GREEN,LOW,src/app/onboarding/preferences/page.tsx:27 — frontend call GET /api/candidate/profile,src/app/onboarding/preferences/page.tsx,27,Must reconcile against an API endpoint row.
CALL-01212,frontend_api_call,/onboarding/preferences,/onboarding/preferences,src/app/onboarding/preferences/page.tsx,fetch PUT /api/candidate/profile,/api/candidate/profile,PUT,,,,,Google Gemini,,Google Gemini,unknown,yes,unknown,unknown,false,true,unknown,,GREEN,LOW,src/app/onboarding/preferences/page.tsx:76 — frontend call PUT /api/candidate/profile,src/app/onboarding/preferences/page.tsx,76,Must reconcile against an API endpoint row.
SCR-01213,screen,/onboarding/readiness-report,/onboarding/readiness-report,src/app/onboarding/readiness-report/page.tsx,Screen render,,,,,,,,,,yes,yes,unknown,unknown,false,false,none/unknown,,GREEN,LOW,src/app/onboarding/readiness-report/page.tsx:1 — screen route /onboarding/readiness-report,src/app/onboarding/readiness-report/page.tsx,1,No interactive handler detected by static scan.
SCR-01214,screen,/onboarding/resume-upload,/onboarding/resume-upload,src/app/onboarding/resume-upload/page.tsx,Screen render,,,,,,,Google Gemini,,Google Gemini,yes,yes,unknown,unknown,false,true,none/unknown,,GREEN,LOW,src/app/onboarding/resume-upload/page.tsx:1 — screen route /onboarding/resume-upload,src/app/onboarding/resume-upload/page.tsx,1,Interactive handlers detected; action-level rows follow.
ACT-01215,user_action,/onboarding/resume-upload,/onboarding/resume-upload,src/app/onboarding/resume-upload/page.tsx,undefined handler,,,,,,,Google Gemini,,Google Gemini,unknown,yes,unknown,unknown,false,true,unknown,,GREEN,LOW,src/app/onboarding/resume-upload/page.tsx:79 — undefined handler,src/app/onboarding/resume-upload/page.tsx,79,No nearby API call detected; verify whether UI-only is intentional.
ACT-01216,user_action,/onboarding/resume-upload,/onboarding/resume-upload,src/app/onboarding/resume-upload/page.tsx,undefined handler,,,,,,,Google Gemini,,Google Gemini,unknown,yes,unknown,unknown,false,false,unknown,,GREEN,LOW,src/app/onboarding/resume-upload/page.tsx:85 — undefined handler,src/app/onboarding/resume-upload/page.tsx,85,No nearby API call detected; verify whether UI-only is intentional.
ACT-01217,user_action,/onboarding/resume-upload,/onboarding/resume-upload,src/app/onboarding/resume-upload/page.tsx,onChange handler,,,,,,,,,,unknown,yes,unknown,unknown,false,false,unknown,,GREEN,LOW,src/app/onboarding/resume-upload/page.tsx:192 — onChange handler,src/app/onboarding/resume-upload/page.tsx,192,No nearby API call detected; verify whether UI-only is intentional.
ACT-01218,user_action,/onboarding/resume-upload,/onboarding/resume-upload,src/app/onboarding/resume-upload/page.tsx,onClick handler,,,,,,,,,,unknown,yes,unknown,unknown,false,false,unknown,,GREEN,LOW,src/app/onboarding/resume-upload/page.tsx:298 — onClick handler,src/app/onboarding/resume-upload/page.tsx,298,No nearby API call detected; verify whether UI-only is intentional.
ACT-01219,user_action,/onboarding/resume-upload,/onboarding/resume-upload,src/app/onboarding/resume-upload/page.tsx,onClick handler,,,,,,,,,,unknown,yes,unknown,unknown,false,false,unknown,,GREEN,LOW,src/app/onboarding/resume-upload/page.tsx:305 — onClick handler,src/app/onboarding/resume-upload/page.tsx,305,No nearby API call detected; verify whether UI-only is intentional.
CALL-01220,frontend_api_call,/onboarding/resume-upload,/onboarding/resume-upload,src/app/onboarding/resume-upload/page.tsx,fetch POST /api/upload,/api/upload,POST,,,,,Google Gemini,,Google Gemini,unknown,yes,unknown,unknown,false,true,unknown,,GREEN,LOW,src/app/onboarding/resume-upload/page.tsx:40 — frontend call POST /api/upload,src/app/onboarding/resume-upload/page.tsx,40,Must reconcile against an API endpoint row.
CALL-01221,frontend_api_call,/onboarding/resume-upload,/onboarding/resume-upload,src/app/onboarding/resume-upload/page.tsx,fetch PUT /api/candidate/profile,/api/candidate/profile,PUT,,,,,Google Gemini,,Google Gemini,unknown,yes,unknown,unknown,false,true,unknown,,GREEN,LOW,src/app/onboarding/resume-upload/page.tsx:51 — frontend call PUT /api/candidate/profile,src/app/onboarding/resume-upload/page.tsx,51,Must reconcile against an API endpoint row.
SCR-01222,screen,/onboarding/reward,/onboarding/reward,src/app/onboarding/reward/page.tsx,Screen render,,,,,,,,,,yes,unknown,unknown,unknown,false,false,none/unknown,,GREEN,LOW,src/app/onboarding/reward/page.tsx:1 — screen route /onboarding/reward,src/app/onboarding/reward/page.tsx,1,No interactive handler detected by static scan.
SCR-01223,screen,/onboarding/role-select,/onboarding/role-select,src/app/onboarding/role-select/page.tsx,Screen render,,,,@/lib/skill-master,,,,,,yes,yes,unknown,unknown,false,true,none/unknown,,GREEN,LOW,src/app/onboarding/role-select/page.tsx:1 — screen route /onboarding/role-select,src/app/onboarding/role-select/page.tsx,1,Interactive handlers detected; action-level rows follow.
ACT-01224,user_action,/onboarding/role-select,/onboarding/role-select,src/app/onboarding/role-select/page.tsx,undefined handler,,,,,,,,,,unknown,yes,unknown,unknown,false,false,unknown,,GREEN,LOW,src/app/onboarding/role-select/page.tsx:58 — undefined handler,src/app/onboarding/role-select/page.tsx,58,No nearby API call detected; verify whether UI-only is intentional.
ACT-01225,user_action,/onboarding/role-select,/onboarding/role-select,src/app/onboarding/role-select/page.tsx,onClick handler,,,,,,,,,,unknown,yes,unknown,unknown,false,false,unknown,,GREEN,LOW,src/app/onboarding/role-select/page.tsx:88 — onClick handler,src/app/onboarding/role-select/page.tsx,88,No nearby API call detected; verify whether UI-only is intentional.
ACT-01226,user_action,/onboarding/role-select,/onboarding/role-select,src/app/onboarding/role-select/page.tsx,onChange handler,,,,,,,,,,unknown,yes,unknown,unknown,false,false,unknown,,GREEN,LOW,src/app/onboarding/role-select/page.tsx:114 — onChange handler,src/app/onboarding/role-select/page.tsx,114,No nearby API call detected; verify whether UI-only is intentional.
ACT-01227,user_action,/onboarding/role-select,/onboarding/role-select,src/app/onboarding/role-select/page.tsx,onClick handler,,,,,,,,,,unknown,yes,unknown,unknown,false,false,unknown,,GREEN,LOW,src/app/onboarding/role-select/page.tsx:126 — onClick handler,src/app/onboarding/role-select/page.tsx,126,No nearby API call detected; verify whether UI-only is intentional.
ACT-01228,user_action,/onboarding/role-select,/onboarding/role-select,src/app/onboarding/role-select/page.tsx,onClick handler,,,,,,,,,,unknown,yes,unknown,unknown,false,false,unknown,,GREEN,LOW,src/app/onboarding/role-select/page.tsx:145 — onClick handler,src/app/onboarding/role-select/page.tsx,145,No nearby API call detected; verify whether UI-only is intentional.
CALL-01229,frontend_api_call,/onboarding/role-select,/onboarding/role-select,src/app/onboarding/role-select/page.tsx,fetch GET /api/skill-master?type=roles&q=${encodeURIComponent(targetRole)},/api/skill-master?type=roles&q=${encodeURIComponent(targetRole)},GET,,@/lib/skill-master,,,,,,unknown,yes,unknown,unknown,false,true,unknown,,GREEN,LOW,src/app/onboarding/role-select/page.tsx:37 — frontend call GET /api/skill-master?type=roles&q=${encodeURIComponent(targetRole)},src/app/onboarding/role-select/page.tsx,37,Must reconcile against an API endpoint row.
CALL-01230,frontend_api_call,/onboarding/role-select,/onboarding/role-select,src/app/onboarding/role-select/page.tsx,fetch PUT /api/candidate/profile,/api/candidate/profile,PUT,,@/lib/skill-master,,,,,,unknown,yes,unknown,unknown,false,true,unknown,,GREEN,LOW,src/app/onboarding/role-select/page.tsx:52 — frontend call PUT /api/candidate/profile,src/app/onboarding/role-select/page.tsx,52,Must reconcile against an API endpoint row.
SCR-01231,screen,/onboarding/skills,/onboarding/skills,src/app/onboarding/skills/page.tsx,Screen render,,,,,,,,,,yes,yes,unknown,unknown,false,true,none/unknown,,GREEN,LOW,src/app/onboarding/skills/page.tsx:1 — screen route /onboarding/skills,src/app/onboarding/skills/page.tsx,1,Interactive handlers detected; action-level rows follow.
ACT-01232,user_action,/onboarding/skills,/onboarding/skills,src/app/onboarding/skills/page.tsx,undefined handler,,,,,,,,,,unknown,yes,unknown,unknown,false,false,unknown,,GREEN,LOW,src/app/onboarding/skills/page.tsx:40 — undefined handler,src/app/onboarding/skills/page.tsx,40,No nearby API call detected; verify whether UI-only is intentional.
ACT-01233,user_action,/onboarding/skills,/onboarding/skills,src/app/onboarding/skills/page.tsx,onClick handler,,,,,,,,,,unknown,yes,unknown,unknown,false,false,unknown,,GREEN,LOW,src/app/onboarding/skills/page.tsx:80 — onClick handler,src/app/onboarding/skills/page.tsx,80,No nearby API call detected; verify whether UI-only is intentional.
ACT-01234,user_action,/onboarding/skills,/onboarding/skills,src/app/onboarding/skills/page.tsx,onClick handler,,,,,,,,,,unknown,yes,unknown,unknown,false,false,unknown,,GREEN,LOW,src/app/onboarding/skills/page.tsx:81 — onClick handler,src/app/onboarding/skills/page.tsx,81,No nearby API call detected; verify whether UI-only is intentional.
CALL-01235,frontend_api_call,/onboarding/skills,/onboarding/skills,src/app/onboarding/skills/page.tsx,fetch PUT /api/candidate/profile,/api/candidate/profile,PUT,,,,,,,,unknown,yes,unknown,unknown,false,true,unknown,,GREEN,LOW,src/app/onboarding/skills/page.tsx:34 — frontend call PUT /api/candidate/profile,src/app/onboarding/skills/page.tsx,34,Must reconcile against an API endpoint row.
SCR-01236,screen,/onboarding/video-resume,/onboarding/video-resume,src/app/onboarding/video-resume/page.tsx,Screen render,,,,,,,,,,yes,yes,unknown,unknown,false,true,none/unknown,,GREEN,LOW,src/app/onboarding/video-resume/page.tsx:1 — screen route /onboarding/video-resume,src/app/onboarding/video-resume/page.tsx,1,Interactive handlers detected; action-level rows follow.
ACT-01237,user_action,/onboarding/video-resume,/onboarding/video-resume,src/app/onboarding/video-resume/page.tsx,undefined handler,,,,,,,,,,unknown,yes,unknown,unknown,false,true,unknown,,GREEN,LOW,src/app/onboarding/video-resume/page.tsx:210 — undefined handler,src/app/onboarding/video-resume/page.tsx,210,No nearby API call detected; verify whether UI-only is intentional.
ACT-01238,user_action,/onboarding/video-resume,/onboarding/video-resume,src/app/onboarding/video-resume/page.tsx,undefined handler,,,,,,,,,,unknown,yes,unknown,unknown,false,false,unknown,,GREEN,LOW,src/app/onboarding/video-resume/page.tsx:216 — undefined handler,src/app/onboarding/video-resume/page.tsx,216,No nearby API call detected; verify whether UI-only is intentional.
ACT-01239,user_action,/onboarding/video-resume,/onboarding/video-resume,src/app/onboarding/video-resume/page.tsx,onClick handler,,,,,,,,,,unknown,yes,unknown,unknown,false,false,unknown,,GREEN,LOW,src/app/onboarding/video-resume/page.tsx:323 — onClick handler,src/app/onboarding/video-resume/page.tsx,323,No nearby API call detected; verify whether UI-only is intentional.
ACT-01240,user_action,/onboarding/video-resume,/onboarding/video-resume,src/app/onboarding/video-resume/page.tsx,onClick handler,,,,,,,,,,unknown,yes,unknown,unknown,false,false,unknown,,GREEN,LOW,src/app/onboarding/video-resume/page.tsx:334 — onClick handler,src/app/onboarding/video-resume/page.tsx,334,No nearby API call detected; verify whether UI-only is intentional.
ACT-01241,user_action,/onboarding/video-resume,/onboarding/video-resume,src/app/onboarding/video-resume/page.tsx,onChange handler,,,,,,,,,,unknown,yes,unknown,unknown,false,false,unknown,,GREEN,LOW,src/app/onboarding/video-resume/page.tsx:340 — onChange handler,src/app/onboarding/video-resume/page.tsx,340,No nearby API call detected; verify whether UI-only is intentional.
ACT-01242,user_action,/onboarding/video-resume,/onboarding/video-resume,src/app/onboarding/video-resume/page.tsx,onClick handler,,,,,,,,,,unknown,yes,unknown,unknown,false,false,unknown,,GREEN,LOW,src/app/onboarding/video-resume/page.tsx:353 — onClick handler,src/app/onboarding/video-resume/page.tsx,353,No nearby API call detected; verify whether UI-only is intentional.
ACT-01243,user_action,/onboarding/video-resume,/onboarding/video-resume,src/app/onboarding/video-resume/page.tsx,onClick handler,,,,,,,,,,unknown,yes,unknown,unknown,false,false,unknown,,GREEN,LOW,src/app/onboarding/video-resume/page.tsx:385 — onClick handler,src/app/onboarding/video-resume/page.tsx,385,No nearby API call detected; verify whether UI-only is intentional.
ACT-01244,user_action,/onboarding/video-resume,/onboarding/video-resume,src/app/onboarding/video-resume/page.tsx,onClick handler,,,,,,,,,,unknown,yes,unknown,unknown,false,false,unknown,,GREEN,LOW,src/app/onboarding/video-resume/page.tsx:396 — onClick handler,src/app/onboarding/video-resume/page.tsx,396,No nearby API call detected; verify whether UI-only is intentional.
ACT-01245,user_action,/onboarding/video-resume,/onboarding/video-resume,src/app/onboarding/video-resume/page.tsx,onClick handler,,,,,,,,,,unknown,yes,unknown,unknown,false,false,unknown,,GREEN,LOW,src/app/onboarding/video-resume/page.tsx:493 — onClick handler,src/app/onboarding/video-resume/page.tsx,493,No nearby API call detected; verify whether UI-only is intentional.
ACT-01246,user_action,/onboarding/video-resume,/onboarding/video-resume,src/app/onboarding/video-resume/page.tsx,onClick handler,,,,,,,,,,unknown,yes,unknown,unknown,false,false,unknown,,GREEN,LOW,src/app/onboarding/video-resume/page.tsx:505 — onClick handler,src/app/onboarding/video-resume/page.tsx,505,No nearby API call detected; verify whether UI-only is intentional.
CALL-01247,frontend_api_call,/onboarding/video-resume,/onboarding/video-resume,src/app/onboarding/video-resume/page.tsx,fetch GET /api/candidate/video-resume/status?videoId=${videoId},/api/candidate/video-resume/status?videoId=${videoId},GET,,,,,,,,unknown,yes,unknown,unknown,false,true,unknown,,GREEN,LOW,src/app/onboarding/video-resume/page.tsx:125 — frontend call GET /api/candidate/video-resume/status?videoId=${videoId},src/app/onboarding/video-resume/page.tsx,125,Must reconcile against an API endpoint row.
CALL-01248,frontend_api_call,/onboarding/video-resume,/onboarding/video-resume,src/app/onboarding/video-resume/page.tsx,fetch POST /api/upload,/api/upload,POST,,,,,,,,unknown,yes,unknown,unknown,false,true,unknown,,GREEN,LOW,src/app/onboarding/video-resume/page.tsx:174 — frontend call POST /api/upload,src/app/onboarding/video-resume/page.tsx,174,Must reconcile against an API endpoint row.
CALL-01249,frontend_api_call,/onboarding/video-resume,/onboarding/video-resume,src/app/onboarding/video-resume/page.tsx,fetch POST /api/candidate/video-resume,/api/candidate/video-resume,POST,,,,,,,,unknown,yes,unknown,unknown,false,true,unknown,,GREEN,LOW,src/app/onboarding/video-resume/page.tsx:180 — frontend call POST /api/candidate/video-resume,src/app/onboarding/video-resume/page.tsx,180,Must reconcile against an API endpoint row.
SCR-01250,screen,/onboarding/welcome,/onboarding/welcome,src/app/onboarding/welcome/page.tsx,Screen render,,,,,,,,,,yes,yes,unknown,unknown,false,false,none/unknown,,GREEN,LOW,src/app/onboarding/welcome/page.tsx:1 — screen route /onboarding/welcome,src/app/onboarding/welcome/page.tsx,1,No interactive handler detected by static scan.
SCR-01251,screen,/otp,/otp,src/app/otp/page.tsx,Screen render,,,,,,,,,,unknown,unknown,unknown,unknown,false,true,none/unknown,,GREEN,LOW,src/app/otp/page.tsx:1 — screen route /otp,src/app/otp/page.tsx,1,Interactive handlers detected; action-level rows follow.
ACT-01252,user_action,/otp,/otp,src/app/otp/page.tsx,undefined handler,/api/auth/send-verification-otp,see endpoint row,,,,,,,,unknown,unknown,unknown,unknown,false,true,unknown,,GREEN,LOW,src/app/otp/page.tsx:74 — undefined handler,src/app/otp/page.tsx,74,Static nearby fetch association; verify exact handler path.
ACT-01253,user_action,/otp,/otp,src/app/otp/page.tsx,onChange handler,,,,,,,,,,unknown,unknown,unknown,unknown,false,false,unknown,,GREEN,LOW,src/app/otp/page.tsx:281 — onChange handler,src/app/otp/page.tsx,281,No nearby API call detected; verify whether UI-only is intentional.
ACT-01254,user_action,/otp,/otp,src/app/otp/page.tsx,onKeyDown handler,,,,,,,,,,unknown,unknown,unknown,unknown,false,false,unknown,,GREEN,LOW,src/app/otp/page.tsx:282 — onKeyDown handler,src/app/otp/page.tsx,282,No nearby API call detected; verify whether UI-only is intentional.
ACT-01255,user_action,/otp,/otp,src/app/otp/page.tsx,onBlur handler,,,,,,,,,,unknown,unknown,unknown,unknown,false,false,unknown,,GREEN,LOW,src/app/otp/page.tsx:293 — onBlur handler,src/app/otp/page.tsx,293,No nearby API call detected; verify whether UI-only is intentional.
ACT-01256,user_action,/otp,/otp,src/app/otp/page.tsx,onClick handler,,,,,,,,,,unknown,unknown,unknown,unknown,false,false,unknown,,GREEN,LOW,src/app/otp/page.tsx:304 — onClick handler,src/app/otp/page.tsx,304,No nearby API call detected; verify whether UI-only is intentional.
ACT-01257,user_action,/otp,/otp,src/app/otp/page.tsx,onClick handler,,,,,,,,,,unknown,unknown,unknown,unknown,false,false,unknown,,GREEN,LOW,src/app/otp/page.tsx:335 — onClick handler,src/app/otp/page.tsx,335,No nearby API call detected; verify whether UI-only is intentional.
CALL-01258,frontend_api_call,/otp,/otp,src/app/otp/page.tsx,fetch POST /api/auth/verify-otp,/api/auth/verify-otp,POST,,,,,,,,unknown,unknown,unknown,unknown,false,true,unknown,,GREEN,LOW,src/app/otp/page.tsx:56 — frontend call POST /api/auth/verify-otp,src/app/otp/page.tsx,56,Must reconcile against an API endpoint row.
CALL-01259,frontend_api_call,/otp,/otp,src/app/otp/page.tsx,fetch POST /api/auth/send-verification-otp,/api/auth/send-verification-otp,POST,,,,,,,,unknown,unknown,unknown,unknown,false,true,unknown,,GREEN,LOW,src/app/otp/page.tsx:84 — frontend call POST /api/auth/send-verification-otp,src/app/otp/page.tsx,84,Must reconcile against an API endpoint row.
SCR-01260,screen,/page,/page,src/app/page.tsx,Screen render,,,,@/lib/marketingMetadata,,,,,,unknown,yes,unknown,unknown,false,false,none/unknown,,GREEN,LOW,src/app/page.tsx:1 — screen route /page,src/app/page.tsx,1,No interactive handler detected by static scan.
SCR-01261,screen,/payment/status,/payment/status,src/app/payment/status/page.tsx,Screen render,,,,,,,PayU | Stripe,,PayU | Stripe,unknown,yes,unknown,yes,false,true,none/unknown,,GREEN,LOW,src/app/payment/status/page.tsx:1 — screen route /payment/status,src/app/payment/status/page.tsx,1,Interactive handlers detected; action-level rows follow.
CALL-01262,frontend_api_call,/payment/status,/payment/status,src/app/payment/status/page.tsx,fetch GET /api/payments/status?${queryParams.toString()},/api/payments/status?${queryParams.toString()},GET,,,,,PayU | Stripe,,PayU | Stripe,unknown,yes,unknown,unknown,false,true,unknown,,GREEN,LOW,src/app/payment/status/page.tsx:43 — frontend call GET /api/payments/status?${queryParams.toString()},src/app/payment/status/page.tsx,43,Must reconcile against an API endpoint row.
SCR-01263,screen,/payment/success,/payment/success,src/app/payment/success/page.tsx,Screen render,,,,,,,,,,unknown,yes,unknown,unknown,false,true,none/unknown,,GREEN,LOW,src/app/payment/success/page.tsx:1 — screen route /payment/success,src/app/payment/success/page.tsx,1,Interactive handlers detected; action-level rows follow.
ACT-01264,user_action,/payment/success,/payment/success,src/app/payment/success/page.tsx,onClick handler,,,,,,,,,,unknown,yes,unknown,unknown,false,false,unknown,,GREEN,LOW,src/app/payment/success/page.tsx:38 — onClick handler,src/app/payment/success/page.tsx,38,No nearby API call detected; verify whether UI-only is intentional.
ACT-01265,user_action,/payment/success,/payment/success,src/app/payment/success/page.tsx,undefined handler,,,,,,,,,,unknown,yes,unknown,unknown,false,false,unknown,,GREEN,LOW,src/app/payment/success/page.tsx:38 — undefined handler,src/app/payment/success/page.tsx,38,No nearby API call detected; verify whether UI-only is intentional.
CALL-01266,frontend_api_call,/payment/success,/payment/success,src/app/payment/success/page.tsx,fetch GET /api/employer/subscribe,/api/employer/subscribe,GET,,,,,,,,unknown,yes,unknown,unknown,false,true,unknown,,GREEN,LOW,src/app/payment/success/page.tsx:13 — frontend call GET /api/employer/subscribe,src/app/payment/success/page.tsx,13,Must reconcile against an API endpoint row.
SCR-01267,screen,/post-job-public,/post-job-public,src/app/post-job-public/page.tsx,Screen render,,,,,,,,,,unknown,unknown,unknown,unknown,false,false,none/unknown,,GREEN,LOW,src/app/post-job-public/page.tsx:1 — screen route /post-job-public,src/app/post-job-public/page.tsx,1,No interactive handler detected by static scan.
SCR-01268,screen,/pricing,/pricing,src/app/pricing/page.tsx,Screen render,,,,@/lib/marketingMetadata,,,,,,unknown,unknown,unknown,unknown,false,false,none/unknown,,GREEN,LOW,src/app/pricing/page.tsx:1 — screen route /pricing,src/app/pricing/page.tsx,1,No interactive handler detected by static scan.
SCR-01269,screen,/pricing/upgrade,/pricing/upgrade,src/app/pricing/upgrade/page.tsx,Screen render,,,,,,,Google Gemini | External asset host,,Google Gemini | External asset host,unknown,yes,unknown,unknown,true,false,none/unknown,,RED,HIGH,src/app/pricing/upgrade/page.tsx:1 — screen route /pricing/upgrade,src/app/pricing/upgrade/page.tsx,1,No interactive handler detected by static scan.
SCR-01270,screen,/privacy,/privacy,src/app/privacy/page.tsx,Screen render,,,,@/lib/marketingMetadata,,,,,,unknown,yes,unknown,unknown,false,false,none/unknown,,GREEN,LOW,src/app/privacy/page.tsx:1 — screen route /privacy,src/app/privacy/page.tsx,1,No interactive handler detected by static scan.
SCR-01271,screen,/profile/certificates,/profile/certificates,src/app/profile/certificates/page.tsx,Screen render,,,,,,,Google Gemini | External asset host,,Google Gemini | External asset host,yes,yes,unknown,unknown,true,false,none/unknown,,RED,HIGH,src/app/profile/certificates/page.tsx:1 — screen route /profile/certificates,src/app/profile/certificates/page.tsx,1,No interactive handler detected by static scan.
SCR-01272,screen,/profile/completion,/profile/completion,src/app/profile/completion/page.tsx,Screen render,,,,,,,Google Gemini | External asset host,,Google Gemini | External asset host,yes,yes,unknown,unknown,true,false,none/unknown,,RED,HIGH,src/app/profile/completion/page.tsx:1 — screen route /profile/completion,src/app/profile/completion/page.tsx,1,No interactive handler detected by static scan.
SCR-01273,screen,/profile,/profile,src/app/profile/page.tsx,Screen render,,,,,,,,,,yes,yes,unknown,unknown,false,true,none/unknown,,GREEN,LOW,src/app/profile/page.tsx:1 — screen route /profile,src/app/profile/page.tsx,1,Interactive handlers detected; action-level rows follow.
ACT-01274,user_action,/profile,/profile,src/app/profile/page.tsx,onClick handler,,,,,,,,,,unknown,yes,unknown,unknown,false,false,unknown,,GREEN,LOW,src/app/profile/page.tsx:125 — onClick handler,src/app/profile/page.tsx,125,No nearby API call detected; verify whether UI-only is intentional.
ACT-01275,user_action,/profile,/profile,src/app/profile/page.tsx,onSubmit handler,,,,,,,,,,unknown,yes,unknown,unknown,false,false,unknown,,GREEN,LOW,src/app/profile/page.tsx:180 — onSubmit handler,src/app/profile/page.tsx,180,No nearby API call detected; verify whether UI-only is intentional.
ACT-01276,user_action,/profile,/profile,src/app/profile/page.tsx,onChange handler,,,,,,,,,,unknown,yes,unknown,unknown,false,false,unknown,,GREEN,LOW,src/app/profile/page.tsx:192 — onChange handler,src/app/profile/page.tsx,192,No nearby API call detected; verify whether UI-only is intentional.
ACT-01277,user_action,/profile,/profile,src/app/profile/page.tsx,onChange handler,,,,,,,,,,unknown,yes,unknown,unknown,false,false,unknown,,GREEN,LOW,src/app/profile/page.tsx:202 — onChange handler,src/app/profile/page.tsx,202,No nearby API call detected; verify whether UI-only is intentional.
ACT-01278,user_action,/profile,/profile,src/app/profile/page.tsx,onChange handler,,,,,,,,,,unknown,yes,unknown,unknown,false,false,unknown,,GREEN,LOW,src/app/profile/page.tsx:213 — onChange handler,src/app/profile/page.tsx,213,No nearby API call detected; verify whether UI-only is intentional.
ACT-01279,user_action,/profile,/profile,src/app/profile/page.tsx,onChange handler,,,,,,,,,,unknown,yes,unknown,unknown,false,false,unknown,,GREEN,LOW,src/app/profile/page.tsx:223 — onChange handler,src/app/profile/page.tsx,223,No nearby API call detected; verify whether UI-only is intentional.
ACT-01280,user_action,/profile,/profile,src/app/profile/page.tsx,onClick handler,,,,,,,,,,unknown,yes,unknown,unknown,false,false,unknown,,GREEN,LOW,src/app/profile/page.tsx:231 — onClick handler,src/app/profile/page.tsx,231,No nearby API call detected; verify whether UI-only is intentional.
ACT-01281,user_action,/profile,/profile,src/app/profile/page.tsx,onClick handler,,,,,,,,,,unknown,yes,unknown,unknown,false,false,unknown,,GREEN,LOW,src/app/profile/page.tsx:251 — onClick handler,src/app/profile/page.tsx,251,No nearby API call detected; verify whether UI-only is intentional.
CALL-01282,frontend_api_call,/profile,/profile,src/app/profile/page.tsx,fetch GET /api/candidate/profile,/api/candidate/profile,GET,,,,,,,,unknown,yes,unknown,unknown,false,true,unknown,,GREEN,LOW,src/app/profile/page.tsx:43 — frontend call GET /api/candidate/profile,src/app/profile/page.tsx,43,Must reconcile against an API endpoint row.
CALL-01283,frontend_api_call,/profile,/profile,src/app/profile/page.tsx,fetch PUT /api/candidate/profile,/api/candidate/profile,PUT,,,,,,,,unknown,yes,unknown,unknown,false,true,unknown,,GREEN,LOW,src/app/profile/page.tsx:71 — frontend call PUT /api/candidate/profile,src/app/profile/page.tsx,71,Must reconcile against an API endpoint row.
SCR-01284,screen,/profile/public,/profile/public,src/app/profile/public/page.tsx,Screen render,,,,,,,Google Gemini,,Google Gemini,yes,yes,unknown,unknown,false,false,none/unknown,,GREEN,LOW,src/app/profile/public/page.tsx:1 — screen route /profile/public,src/app/profile/public/page.tsx,1,Interactive handlers detected; action-level rows follow.
ACT-01285,user_action,/profile/public,/profile/public,src/app/profile/public/page.tsx,onClick handler,,,,,,,,,,unknown,yes,unknown,unknown,false,false,unknown,,GREEN,LOW,src/app/profile/public/page.tsx:51 — onClick handler,src/app/profile/public/page.tsx,51,No nearby API call detected; verify whether UI-only is intentional.
ACT-01286,user_action,/profile/public,/profile/public,src/app/profile/public/page.tsx,onClick handler,,,,,,,,,,unknown,yes,unknown,unknown,false,false,unknown,,GREEN,LOW,src/app/profile/public/page.tsx:60 — onClick handler,src/app/profile/public/page.tsx,60,No nearby API call detected; verify whether UI-only is intentional.
ACT-01287,user_action,/profile/public,/profile/public,src/app/profile/public/page.tsx,onClick handler,,,,,,,,,,unknown,yes,unknown,unknown,false,false,unknown,,GREEN,LOW,src/app/profile/public/page.tsx:130 — onClick handler,src/app/profile/public/page.tsx,130,No nearby API call detected; verify whether UI-only is intentional.
ACT-01288,user_action,/profile/public,/profile/public,src/app/profile/public/page.tsx,onClick handler,,,,,,,,,,unknown,yes,unknown,unknown,false,false,unknown,,GREEN,LOW,src/app/profile/public/page.tsx:138 — onClick handler,src/app/profile/public/page.tsx,138,No nearby API call detected; verify whether UI-only is intentional.
ACT-01289,user_action,/profile/public,/profile/public,src/app/profile/public/page.tsx,onClick handler,,,,,,,,,,unknown,yes,unknown,unknown,false,false,unknown,,GREEN,LOW,src/app/profile/public/page.tsx:146 — onClick handler,src/app/profile/public/page.tsx,146,No nearby API call detected; verify whether UI-only is intentional.
ACT-01290,user_action,/profile/public,/profile/public,src/app/profile/public/page.tsx,onClick handler,,,,,,,,,,unknown,yes,unknown,unknown,false,false,unknown,,GREEN,LOW,src/app/profile/public/page.tsx:154 — onClick handler,src/app/profile/public/page.tsx,154,No nearby API call detected; verify whether UI-only is intentional.
ACT-01291,user_action,/profile/public,/profile/public,src/app/profile/public/page.tsx,onClick handler,,,,,,,,,,unknown,yes,unknown,unknown,false,false,unknown,,GREEN,LOW,src/app/profile/public/page.tsx:162 — onClick handler,src/app/profile/public/page.tsx,162,No nearby API call detected; verify whether UI-only is intentional.
SCR-01292,screen,/profile/resume/optimize,/profile/resume/optimize,src/app/profile/resume/optimize/page.tsx,Screen render,,,,,,,Google Gemini | Stripe | External asset host,,Google Gemini | Stripe | External asset host,yes,yes,unknown,unknown,true,false,none/unknown,,RED,HIGH,src/app/profile/resume/optimize/page.tsx:1 — screen route /profile/resume/optimize,src/app/profile/resume/optimize/page.tsx,1,No interactive handler detected by static scan.
SCR-01293,screen,/profile/resume,/profile/resume,src/app/profile/resume/page.tsx,Screen render,,,,,,,Google Gemini | External asset host,,Google Gemini | External asset host,yes,yes,unknown,unknown,true,false,none/unknown,,RED,HIGH,src/app/profile/resume/page.tsx:1 — screen route /profile/resume,src/app/profile/resume/page.tsx,1,Interactive handlers detected; action-level rows follow.
ACT-01294,user_action,/profile/resume,/profile/resume,src/app/profile/resume/page.tsx,onClick handler,,,,,,,,,,unknown,yes,unknown,unknown,false,false,unknown,,GREEN,LOW,src/app/profile/resume/page.tsx:7 — onClick handler,src/app/profile/resume/page.tsx,7,No nearby API call detected; verify whether UI-only is intentional.
ACT-01295,user_action,/profile/resume,/profile/resume,src/app/profile/resume/page.tsx,onClick handler,,,,,,,,,,unknown,yes,unknown,unknown,false,false,unknown,,GREEN,LOW,src/app/profile/resume/page.tsx:7 — onClick handler,src/app/profile/resume/page.tsx,7,No nearby API call detected; verify whether UI-only is intentional.
ACT-01296,user_action,/profile/resume,/profile/resume,src/app/profile/resume/page.tsx,onClick handler,,,,,,,,,,unknown,yes,unknown,unknown,false,false,unknown,,GREEN,LOW,src/app/profile/resume/page.tsx:7 — onClick handler,src/app/profile/resume/page.tsx,7,No nearby API call detected; verify whether UI-only is intentional.
ACT-01297,user_action,/profile/resume,/profile/resume,src/app/profile/resume/page.tsx,onClick handler,,,,,,,,,,unknown,yes,unknown,unknown,false,false,unknown,,GREEN,LOW,src/app/profile/resume/page.tsx:7 — onClick handler,src/app/profile/resume/page.tsx,7,No nearby API call detected; verify whether UI-only is intentional.
ACT-01298,user_action,/profile/resume,/profile/resume,src/app/profile/resume/page.tsx,onClick handler,,,,,,,,,,unknown,yes,unknown,unknown,false,false,unknown,,GREEN,LOW,src/app/profile/resume/page.tsx:7 — onClick handler,src/app/profile/resume/page.tsx,7,No nearby API call detected; verify whether UI-only is intentional.
ACT-01299,user_action,/profile/resume,/profile/resume,src/app/profile/resume/page.tsx,onClick handler,,,,,,,,,,unknown,yes,unknown,unknown,false,false,unknown,,GREEN,LOW,src/app/profile/resume/page.tsx:7 — onClick handler,src/app/profile/resume/page.tsx,7,No nearby API call detected; verify whether UI-only is intentional.
ACT-01300,user_action,/profile/resume,/profile/resume,src/app/profile/resume/page.tsx,onClick handler,,,,,,,,,,unknown,yes,unknown,unknown,false,false,unknown,,GREEN,LOW,src/app/profile/resume/page.tsx:7 — onClick handler,src/app/profile/resume/page.tsx,7,No nearby API call detected; verify whether UI-only is intentional.
SCR-01301,screen,/profile/resume/templates,/profile/resume/templates,src/app/profile/resume/templates/page.tsx,Screen render,,,,,,,Google Gemini | External asset host,,Google Gemini | External asset host,yes,yes,unknown,unknown,true,false,none/unknown,,RED,HIGH,src/app/profile/resume/templates/page.tsx:1 — screen route /profile/resume/templates,src/app/profile/resume/templates/page.tsx,1,Interactive handlers detected; action-level rows follow.
ACT-01302,user_action,/profile/resume/templates,/profile/resume/templates,src/app/profile/resume/templates/page.tsx,onClick handler,,,,,,,Google Gemini | External asset host,,Google Gemini | External asset host,unknown,yes,unknown,unknown,false,false,unknown,,GREEN,LOW,src/app/profile/resume/templates/page.tsx:7 — onClick handler,src/app/profile/resume/templates/page.tsx,7,No nearby API call detected; verify whether UI-only is intentional.
ACT-01303,user_action,/profile/resume/templates,/profile/resume/templates,src/app/profile/resume/templates/page.tsx,onClick handler,,,,,,,Google Gemini | External asset host,,Google Gemini | External asset host,unknown,yes,unknown,unknown,false,false,unknown,,GREEN,LOW,src/app/profile/resume/templates/page.tsx:7 — onClick handler,src/app/profile/resume/templates/page.tsx,7,No nearby API call detected; verify whether UI-only is intentional.
ACT-01304,user_action,/profile/resume/templates,/profile/resume/templates,src/app/profile/resume/templates/page.tsx,onClick handler,,,,,,,Google Gemini | External asset host,,Google Gemini | External asset host,unknown,yes,unknown,unknown,false,false,unknown,,GREEN,LOW,src/app/profile/resume/templates/page.tsx:7 — onClick handler,src/app/profile/resume/templates/page.tsx,7,No nearby API call detected; verify whether UI-only is intentional.
ACT-01305,user_action,/profile/resume/templates,/profile/resume/templates,src/app/profile/resume/templates/page.tsx,onClick handler,,,,,,,Google Gemini | External asset host,,Google Gemini | External asset host,unknown,yes,unknown,unknown,false,false,unknown,,GREEN,LOW,src/app/profile/resume/templates/page.tsx:7 — onClick handler,src/app/profile/resume/templates/page.tsx,7,No nearby API call detected; verify whether UI-only is intentional.
ACT-01306,user_action,/profile/resume/templates,/profile/resume/templates,src/app/profile/resume/templates/page.tsx,onClick handler,,,,,,,Google Gemini | External asset host,,Google Gemini | External asset host,unknown,yes,unknown,unknown,false,false,unknown,,GREEN,LOW,src/app/profile/resume/templates/page.tsx:7 — onClick handler,src/app/profile/resume/templates/page.tsx,7,No nearby API call detected; verify whether UI-only is intentional.
ACT-01307,user_action,/profile/resume/templates,/profile/resume/templates,src/app/profile/resume/templates/page.tsx,onClick handler,,,,,,,Google Gemini | External asset host,,Google Gemini | External asset host,unknown,yes,unknown,unknown,false,false,unknown,,GREEN,LOW,src/app/profile/resume/templates/page.tsx:7 — onClick handler,src/app/profile/resume/templates/page.tsx,7,No nearby API call detected; verify whether UI-only is intentional.
SCR-01308,screen,/profile/skills-management,/profile/skills-management,src/app/profile/skills-management/page.tsx,Screen render,,,,,,,Google Gemini | External asset host,,Google Gemini | External asset host,yes,yes,unknown,unknown,true,false,none/unknown,,RED,HIGH,src/app/profile/skills-management/page.tsx:1 — screen route /profile/skills-management,src/app/profile/skills-management/page.tsx,1,No interactive handler detected by static scan.
SCR-01309,screen,/profile/video-resume,/profile/video-resume,src/app/profile/video-resume/page.tsx,Screen render,,,,,,,,,,yes,yes,unknown,unknown,false,false,none/unknown,,GREEN,LOW,src/app/profile/video-resume/page.tsx:1 — screen route /profile/video-resume,src/app/profile/video-resume/page.tsx,1,No interactive handler detected by static scan.
SCR-01310,screen,/profile/wizard/details,/profile/wizard/details,src/app/profile/wizard/details/page.tsx,Screen render,,,,,,,Google Gemini | External asset host,,Google Gemini | External asset host,yes,yes,unknown,unknown,true,false,none/unknown,,RED,HIGH,src/app/profile/wizard/details/page.tsx:1 — screen route /profile/wizard/details,src/app/profile/wizard/details/page.tsx,1,No interactive handler detected by static scan.
SCR-01311,screen,/profile/wizard/resume,/profile/wizard/resume,src/app/profile/wizard/resume/page.tsx,Screen render,,,,,,,,,,yes,unknown,unknown,unknown,false,false,none/unknown,,GREEN,LOW,src/app/profile/wizard/resume/page.tsx:1 — screen route /profile/wizard/resume,src/app/profile/wizard/resume/page.tsx,1,No interactive handler detected by static scan.
SCR-01312,screen,/referrals/dashboard,/referrals/dashboard,src/app/referrals/dashboard/page.tsx,Screen render,,,,,,,WhatsApp Cloud API,,WhatsApp Cloud API,unknown,yes,unknown,yes,false,true,none/unknown,,GREEN,LOW,src/app/referrals/dashboard/page.tsx:1 — screen route /referrals/dashboard,src/app/referrals/dashboard/page.tsx,1,Interactive handlers detected; action-level rows follow.
ACT-01313,user_action,/referrals/dashboard,/referrals/dashboard,src/app/referrals/dashboard/page.tsx,onClick handler,,,,,,,,,,unknown,yes,unknown,unknown,false,false,unknown,,GREEN,LOW,src/app/referrals/dashboard/page.tsx:131 — onClick handler,src/app/referrals/dashboard/page.tsx,131,No nearby API call detected; verify whether UI-only is intentional.
ACT-01314,user_action,/referrals/dashboard,/referrals/dashboard,src/app/referrals/dashboard/page.tsx,onClick handler,,,,,,,WhatsApp Cloud API,,WhatsApp Cloud API,unknown,yes,unknown,unknown,false,false,unknown,,GREEN,LOW,src/app/referrals/dashboard/page.tsx:200 — onClick handler,src/app/referrals/dashboard/page.tsx,200,No nearby API call detected; verify whether UI-only is intentional.
ACT-01315,user_action,/referrals/dashboard,/referrals/dashboard,src/app/referrals/dashboard/page.tsx,onClick handler,,,,,,,,,,unknown,yes,unknown,unknown,false,false,unknown,,GREEN,LOW,src/app/referrals/dashboard/page.tsx:341 — onClick handler,src/app/referrals/dashboard/page.tsx,341,No nearby API call detected; verify whether UI-only is intentional.
ACT-01316,user_action,/referrals/dashboard,/referrals/dashboard,src/app/referrals/dashboard/page.tsx,onSubmit handler,,,,,,,,,,unknown,yes,unknown,unknown,false,false,unknown,,GREEN,LOW,src/app/referrals/dashboard/page.tsx:359 — onSubmit handler,src/app/referrals/dashboard/page.tsx,359,No nearby API call detected; verify whether UI-only is intentional.
ACT-01317,user_action,/referrals/dashboard,/referrals/dashboard,src/app/referrals/dashboard/page.tsx,onClick handler,,,,,,,,,,unknown,yes,unknown,unknown,false,false,unknown,,GREEN,LOW,src/app/referrals/dashboard/page.tsx:372 — onClick handler,src/app/referrals/dashboard/page.tsx,372,No nearby API call detected; verify whether UI-only is intentional.
ACT-01318,user_action,/referrals/dashboard,/referrals/dashboard,src/app/referrals/dashboard/page.tsx,onClick handler,,,,,,,,,,unknown,yes,unknown,unknown,false,false,unknown,,GREEN,LOW,src/app/referrals/dashboard/page.tsx:383 — onClick handler,src/app/referrals/dashboard/page.tsx,383,No nearby API call detected; verify whether UI-only is intentional.
ACT-01319,user_action,/referrals/dashboard,/referrals/dashboard,src/app/referrals/dashboard/page.tsx,onChange handler,,,,,,,,,,unknown,yes,unknown,unknown,false,false,unknown,,GREEN,LOW,src/app/referrals/dashboard/page.tsx:403 — onChange handler,src/app/referrals/dashboard/page.tsx,403,No nearby API call detected; verify whether UI-only is intentional.
ACT-01320,user_action,/referrals/dashboard,/referrals/dashboard,src/app/referrals/dashboard/page.tsx,onChange handler,,,,,,,,,,unknown,yes,unknown,unknown,false,false,unknown,,GREEN,LOW,src/app/referrals/dashboard/page.tsx:417 — onChange handler,src/app/referrals/dashboard/page.tsx,417,No nearby API call detected; verify whether UI-only is intentional.
ACT-01321,user_action,/referrals/dashboard,/referrals/dashboard,src/app/referrals/dashboard/page.tsx,onClick handler,,,,,,,,,,unknown,yes,unknown,unknown,false,false,unknown,,GREEN,LOW,src/app/referrals/dashboard/page.tsx:426 — onClick handler,src/app/referrals/dashboard/page.tsx,426,No nearby API call detected; verify whether UI-only is intentional.
CALL-01322,frontend_api_call,/referrals/dashboard,/referrals/dashboard,src/app/referrals/dashboard/page.tsx,fetch GET /api/referrals,/api/referrals,GET,,,,,WhatsApp Cloud API,,WhatsApp Cloud API,unknown,yes,unknown,unknown,false,true,unknown,,GREEN,LOW,src/app/referrals/dashboard/page.tsx:20 — frontend call GET /api/referrals,src/app/referrals/dashboard/page.tsx,20,Must reconcile against an API endpoint row.
CALL-01323,frontend_api_call,/referrals/dashboard,/referrals/dashboard,src/app/referrals/dashboard/page.tsx,fetch POST /api/referrals/payout,/api/referrals/payout,POST,,,,,WhatsApp Cloud API,,WhatsApp Cloud API,unknown,yes,unknown,unknown,false,true,unknown,,GREEN,LOW,src/app/referrals/dashboard/page.tsx:57 — frontend call POST /api/referrals/payout,src/app/referrals/dashboard/page.tsx,57,Must reconcile against an API endpoint row.
SCR-01324,screen,/referrals,/referrals,src/app/referrals/page.tsx,Screen render,,,,,,,,,,unknown,yes,unknown,yes,false,true,none/unknown,,GREEN,LOW,src/app/referrals/page.tsx:1 — screen route /referrals,src/app/referrals/page.tsx,1,Interactive handlers detected; action-level rows follow.
ACT-01325,user_action,/referrals,/referrals,src/app/referrals/page.tsx,onClick handler,,,,,,,,,,unknown,yes,unknown,unknown,false,false,unknown,,GREEN,LOW,src/app/referrals/page.tsx:110 — onClick handler,src/app/referrals/page.tsx,110,No nearby API call detected; verify whether UI-only is intentional.
CALL-01326,frontend_api_call,/referrals,/referrals,src/app/referrals/page.tsx,fetch GET /api/referrals,/api/referrals,GET,,,,,,,,unknown,yes,unknown,unknown,false,true,unknown,,GREEN,LOW,src/app/referrals/page.tsx:29 — frontend call GET /api/referrals,src/app/referrals/page.tsx,29,Must reconcile against an API endpoint row.
SCR-01327,screen,/register/candidate,/register/candidate,src/app/register/candidate/page.tsx,Screen render,,,,,,,,,,unknown,yes,unknown,unknown,false,false,none/unknown,,GREEN,LOW,src/app/register/candidate/page.tsx:1 — screen route /register/candidate,src/app/register/candidate/page.tsx,1,No interactive handler detected by static scan.
SCR-01328,screen,/register/complete,/register/complete,src/app/register/complete/page.tsx,Screen render,,,,,,,,,,unknown,yes,unknown,yes,true,false,none/unknown,,RED,HIGH,src/app/register/complete/page.tsx:1 — screen route /register/complete,src/app/register/complete/page.tsx,1,No interactive handler detected by static scan.
SCR-01329,screen,/register/employer,/register/employer,src/app/register/employer/page.tsx,Screen render,,,,,,,,,,unknown,yes,unknown,unknown,false,false,none/unknown,,GREEN,LOW,src/app/register/employer/page.tsx:1 — screen route /register/employer,src/app/register/employer/page.tsx,1,No interactive handler detected by static scan.
SCR-01330,screen,/register,/register,src/app/register/page.tsx,Screen render,,,,@/services/candidateProfileService,,,,,,unknown,yes,unknown,unknown,false,true,none/unknown,,GREEN,LOW,src/app/register/page.tsx:1 — screen route /register,src/app/register/page.tsx,1,Interactive handlers detected; action-level rows follow.
ACT-01331,user_action,/register,/register,src/app/register/page.tsx,undefined handler,,,,,,,,,,unknown,yes,unknown,unknown,false,true,unknown,,GREEN,LOW,src/app/register/page.tsx:86 — undefined handler,src/app/register/page.tsx,86,No nearby API call detected; verify whether UI-only is intentional.
ACT-01332,user_action,/register,/register,src/app/register/page.tsx,onSubmit handler,,,,,,,,,,unknown,yes,unknown,unknown,false,false,unknown,,GREEN,LOW,src/app/register/page.tsx:202 — onSubmit handler,src/app/register/page.tsx,202,No nearby API call detected; verify whether UI-only is intentional.
ACT-01333,user_action,/register,/register,src/app/register/page.tsx,onChange handler,,,,,,,,,,unknown,yes,unknown,unknown,false,false,unknown,,GREEN,LOW,src/app/register/page.tsx:211 — onChange handler,src/app/register/page.tsx,211,No nearby API call detected; verify whether UI-only is intentional.
ACT-01334,user_action,/register,/register,src/app/register/page.tsx,onChange handler,,,,,,,,,,unknown,yes,unknown,unknown,false,false,unknown,,GREEN,LOW,src/app/register/page.tsx:226 — onChange handler,src/app/register/page.tsx,226,No nearby API call detected; verify whether UI-only is intentional.
ACT-01335,user_action,/register,/register,src/app/register/page.tsx,onChange handler,,,,,,,,,,unknown,yes,unknown,unknown,false,false,unknown,,GREEN,LOW,src/app/register/page.tsx:243 — onChange handler,src/app/register/page.tsx,243,No nearby API call detected; verify whether UI-only is intentional.
ACT-01336,user_action,/register,/register,src/app/register/page.tsx,onChange handler,,,,,,,,,,unknown,yes,unknown,unknown,false,false,unknown,,GREEN,LOW,src/app/register/page.tsx:257 — onChange handler,src/app/register/page.tsx,257,No nearby API call detected; verify whether UI-only is intentional.
ACT-01337,user_action,/register,/register,src/app/register/page.tsx,onChange handler,,,,,,,,,,unknown,yes,unknown,unknown,false,false,unknown,,GREEN,LOW,src/app/register/page.tsx:273 — onChange handler,src/app/register/page.tsx,273,No nearby API call detected; verify whether UI-only is intentional.
ACT-01338,user_action,/register,/register,src/app/register/page.tsx,onChange handler,,,,,,,,,,unknown,yes,unknown,unknown,false,false,unknown,,GREEN,LOW,src/app/register/page.tsx:296 — onChange handler,src/app/register/page.tsx,296,No nearby API call detected; verify whether UI-only is intentional.
ACT-01339,user_action,/register,/register,src/app/register/page.tsx,onChange handler,,,,,,,,,,unknown,yes,unknown,unknown,false,false,unknown,,GREEN,LOW,src/app/register/page.tsx:312 — onChange handler,src/app/register/page.tsx,312,No nearby API call detected; verify whether UI-only is intentional.
ACT-01340,user_action,/register,/register,src/app/register/page.tsx,onClick handler,,,,,,,,,,unknown,yes,unknown,unknown,false,false,unknown,,GREEN,LOW,src/app/register/page.tsx:320 — onClick handler,src/app/register/page.tsx,320,No nearby API call detected; verify whether UI-only is intentional.
CALL-01341,frontend_api_call,/register,/register,src/app/register/page.tsx,fetch POST /api/auth/register,/api/auth/register,POST,,@/services/candidateProfileService,,,,,,unknown,yes,unknown,unknown,false,true,unknown,,GREEN,LOW,src/app/register/page.tsx:54 — frontend call POST /api/auth/register,src/app/register/page.tsx,54,Must reconcile against an API endpoint row.
SCR-01342,screen,/reset-password,/reset-password,src/app/reset-password/page.tsx,Screen render,,,,,,,,,,unknown,unknown,unknown,unknown,false,true,none/unknown,,GREEN,LOW,src/app/reset-password/page.tsx:1 — screen route /reset-password,src/app/reset-password/page.tsx,1,Interactive handlers detected; action-level rows follow.
ACT-01343,user_action,/reset-password,/reset-password,src/app/reset-password/page.tsx,onClick handler,,,,,,,,,,unknown,unknown,unknown,unknown,false,false,unknown,,GREEN,LOW,src/app/reset-password/page.tsx:149 — onClick handler,src/app/reset-password/page.tsx,149,No nearby API call detected; verify whether UI-only is intentional.
ACT-01344,user_action,/reset-password,/reset-password,src/app/reset-password/page.tsx,undefined handler,,,,,,,,,,unknown,unknown,unknown,unknown,false,false,unknown,,GREEN,LOW,src/app/reset-password/page.tsx:149 — undefined handler,src/app/reset-password/page.tsx,149,No nearby API call detected; verify whether UI-only is intentional.
ACT-01345,user_action,/reset-password,/reset-password,src/app/reset-password/page.tsx,onSubmit handler,,,,,,,,,,unknown,unknown,unknown,unknown,false,false,unknown,,GREEN,LOW,src/app/reset-password/page.tsx:168 — onSubmit handler,src/app/reset-password/page.tsx,168,No nearby API call detected; verify whether UI-only is intentional.
ACT-01346,user_action,/reset-password,/reset-password,src/app/reset-password/page.tsx,onChange handler,,,,,,,,,,unknown,unknown,unknown,unknown,false,false,unknown,,GREEN,LOW,src/app/reset-password/page.tsx:178 — onChange handler,src/app/reset-password/page.tsx,178,No nearby API call detected; verify whether UI-only is intentional.
ACT-01347,user_action,/reset-password,/reset-password,src/app/reset-password/page.tsx,onClick handler,,,,,,,,,,unknown,unknown,unknown,unknown,false,false,unknown,,GREEN,LOW,src/app/reset-password/page.tsx:189 — onClick handler,src/app/reset-password/page.tsx,189,No nearby API call detected; verify whether UI-only is intentional.
ACT-01348,user_action,/reset-password,/reset-password,src/app/reset-password/page.tsx,onChange handler,,,,,,,,,,unknown,unknown,unknown,unknown,false,false,unknown,,GREEN,LOW,src/app/reset-password/page.tsx:207 — onChange handler,src/app/reset-password/page.tsx,207,No nearby API call detected; verify whether UI-only is intentional.
CALL-01349,frontend_api_call,/reset-password,/reset-password,src/app/reset-password/page.tsx,fetch POST /api/auth/reset-password,/api/auth/reset-password,POST,,,,,,,,unknown,unknown,unknown,unknown,false,true,unknown,,GREEN,LOW,src/app/reset-password/page.tsx:50 — frontend call POST /api/auth/reset-password,src/app/reset-password/page.tsx,50,Must reconcile against an API endpoint row.
SCR-01350,screen,/screens,/screens,src/app/screens/page.tsx,Screen render,,,,,,,,,,unknown,yes,unknown,unknown,false,false,none/unknown,,GREEN,LOW,src/app/screens/page.tsx:1 — screen route /screens,src/app/screens/page.tsx,1,No interactive handler detected by static scan.
SCR-01351,screen,/services,/services,src/app/services/page.tsx,Screen render,,,,@/lib/marketingMetadata,,,,,,unknown,yes,unknown,unknown,false,false,none/unknown,,GREEN,LOW,src/app/services/page.tsx:1 — screen route /services,src/app/services/page.tsx,1,No interactive handler detected by static scan.
SCR-01352,screen,/settings/ai-agents,/settings/ai-agents,src/app/settings/ai-agents/page.tsx,Screen render,,,,,,,Anthropic,,Anthropic,yes,yes,unknown,unknown,false,false,none/unknown,,GREEN,LOW,src/app/settings/ai-agents/page.tsx:1 — screen route /settings/ai-agents,src/app/settings/ai-agents/page.tsx,1,Interactive handlers detected; action-level rows follow.
ACT-01353,user_action,/settings/ai-agents,/settings/ai-agents,src/app/settings/ai-agents/page.tsx,onClick handler,,,,,,,,,,unknown,yes,unknown,unknown,false,false,unknown,,GREEN,LOW,src/app/settings/ai-agents/page.tsx:46 — onClick handler,src/app/settings/ai-agents/page.tsx,46,No nearby API call detected; verify whether UI-only is intentional.
SCR-01354,screen,/settings/analytics,/settings/analytics,src/app/settings/analytics/page.tsx,Screen render,,,,,,,,,,yes,yes,unknown,unknown,false,true,none/unknown,,GREEN,LOW,src/app/settings/analytics/page.tsx:1 — screen route /settings/analytics,src/app/settings/analytics/page.tsx,1,Interactive handlers detected; action-level rows follow.
CALL-01355,frontend_api_call,/settings/analytics,/settings/analytics,src/app/settings/analytics/page.tsx,fetch GET /api/admin/analytics,/api/admin/analytics,GET,,,,,,,,unknown,yes,unknown,unknown,false,true,unknown,,GREEN,LOW,src/app/settings/analytics/page.tsx:9 — frontend call GET /api/admin/analytics,src/app/settings/analytics/page.tsx,9,Must reconcile against an API endpoint row.
SCR-01356,screen,/settings/audit-log,/settings/audit-log,src/app/settings/audit-log/page.tsx,Screen render,,,,,,,SMTP/SendGrid,,SMTP/SendGrid,yes,yes,unknown,unknown,false,false,none/unknown,,GREEN,LOW,src/app/settings/audit-log/page.tsx:1 — screen route /settings/audit-log,src/app/settings/audit-log/page.tsx,1,No interactive handler detected by static scan.
SCR-01357,screen,/settings/domain,/settings/domain,src/app/settings/domain/page.tsx,Screen render,,,,,,,,,,yes,yes,unknown,unknown,false,false,none/unknown,,GREEN,LOW,src/app/settings/domain/page.tsx:1 — screen route /settings/domain,src/app/settings/domain/page.tsx,1,Interactive handlers detected; action-level rows follow.
ACT-01358,user_action,/settings/domain,/settings/domain,src/app/settings/domain/page.tsx,onSubmit handler,,,,,,,,,,unknown,yes,unknown,unknown,false,false,unknown,,GREEN,LOW,src/app/settings/domain/page.tsx:32 — onSubmit handler,src/app/settings/domain/page.tsx,32,No nearby API call detected; verify whether UI-only is intentional.
ACT-01359,user_action,/settings/domain,/settings/domain,src/app/settings/domain/page.tsx,onChange handler,,,,,,,,,,unknown,yes,unknown,unknown,false,false,unknown,,GREEN,LOW,src/app/settings/domain/page.tsx:38 — onChange handler,src/app/settings/domain/page.tsx,38,No nearby API call detected; verify whether UI-only is intentional.
SCR-01360,screen,/settings/hub,/settings/hub,src/app/settings/hub/page.tsx,Screen render,,,,,,,WhatsApp Cloud API | SMTP/SendGrid,,WhatsApp Cloud API | SMTP/SendGrid,yes,yes,unknown,unknown,false,false,none/unknown,,GREEN,LOW,src/app/settings/hub/page.tsx:1 — screen route /settings/hub,src/app/settings/hub/page.tsx,1,Interactive handlers detected; action-level rows follow.
ACT-01361,user_action,/settings/hub,/settings/hub,src/app/settings/hub/page.tsx,onSubmit handler,,,,,,,,,,unknown,yes,unknown,unknown,false,false,unknown,,GREEN,LOW,src/app/settings/hub/page.tsx:83 — onSubmit handler,src/app/settings/hub/page.tsx,83,No nearby API call detected; verify whether UI-only is intentional.
ACT-01362,user_action,/settings/hub,/settings/hub,src/app/settings/hub/page.tsx,onChange handler,,,,,,,,,,unknown,yes,unknown,unknown,false,false,unknown,,GREEN,LOW,src/app/settings/hub/page.tsx:98 — onChange handler,src/app/settings/hub/page.tsx,98,No nearby API call detected; verify whether UI-only is intentional.
ACT-01363,user_action,/settings/hub,/settings/hub,src/app/settings/hub/page.tsx,onChange handler,,,,,,,,,,unknown,yes,unknown,unknown,false,false,unknown,,GREEN,LOW,src/app/settings/hub/page.tsx:110 — onChange handler,src/app/settings/hub/page.tsx,110,No nearby API call detected; verify whether UI-only is intentional.
ACT-01364,user_action,/settings/hub,/settings/hub,src/app/settings/hub/page.tsx,onClick handler,,,,,,,,,,unknown,yes,unknown,unknown,false,false,unknown,,GREEN,LOW,src/app/settings/hub/page.tsx:127 — onClick handler,src/app/settings/hub/page.tsx,127,No nearby API call detected; verify whether UI-only is intentional.
SCR-01365,screen,/settings/integrations,/settings/integrations,src/app/settings/integrations/page.tsx,Screen render,,,,,,,Google Gemini,,Google Gemini,yes,yes,unknown,unknown,false,false,none/unknown,,GREEN,LOW,src/app/settings/integrations/page.tsx:1 — screen route /settings/integrations,src/app/settings/integrations/page.tsx,1,Interactive handlers detected; action-level rows follow.
ACT-01366,user_action,/settings/integrations,/settings/integrations,src/app/settings/integrations/page.tsx,onClick handler,,,,,,,,,,unknown,yes,unknown,unknown,false,false,unknown,,GREEN,LOW,src/app/settings/integrations/page.tsx:51 — onClick handler,src/app/settings/integrations/page.tsx,51,No nearby API call detected; verify whether UI-only is intentional.
SCR-01367,screen,/settings/llm-usage,/settings/llm-usage,src/app/settings/llm-usage/page.tsx,Screen render,,,,,,,OpenAI | Anthropic | Google Gemini,,OpenAI | Anthropic | Google Gemini,yes,yes,unknown,unknown,false,false,none/unknown,,GREEN,LOW,src/app/settings/llm-usage/page.tsx:1 — screen route /settings/llm-usage,src/app/settings/llm-usage/page.tsx,1,Interactive handlers detected; action-level rows follow.
ACT-01368,user_action,/settings/llm-usage,/settings/llm-usage,src/app/settings/llm-usage/page.tsx,onClick handler,,,,,,,,,,unknown,yes,unknown,unknown,false,false,unknown,,GREEN,LOW,src/app/settings/llm-usage/page.tsx:104 — onClick handler,src/app/settings/llm-usage/page.tsx,104,No nearby API call detected; verify whether UI-only is intentional.
SCR-01369,screen,/settings/managed-hiring,/settings/managed-hiring,src/app/settings/managed-hiring/page.tsx,Screen render,,,,,,,WhatsApp Cloud API | PayU | Stripe,,WhatsApp Cloud API | PayU | Stripe,yes,yes,unknown,unknown,false,true,none/unknown,,GREEN,LOW,src/app/settings/managed-hiring/page.tsx:1 — screen route /settings/managed-hiring,src/app/settings/managed-hiring/page.tsx,1,Interactive handlers detected; action-level rows follow.
ACT-01370,user_action,/settings/managed-hiring,/settings/managed-hiring,src/app/settings/managed-hiring/page.tsx,onClick handler,,,,,,,,,,unknown,yes,unknown,unknown,false,false,unknown,,GREEN,LOW,src/app/settings/managed-hiring/page.tsx:311 — onClick handler,src/app/settings/managed-hiring/page.tsx,311,No nearby API call detected; verify whether UI-only is intentional.
ACT-01371,user_action,/settings/managed-hiring,/settings/managed-hiring,src/app/settings/managed-hiring/page.tsx,onClick handler,,,,,,,,,,unknown,yes,unknown,unknown,false,false,unknown,,GREEN,LOW,src/app/settings/managed-hiring/page.tsx:319 — onClick handler,src/app/settings/managed-hiring/page.tsx,319,No nearby API call detected; verify whether UI-only is intentional.
ACT-01372,user_action,/settings/managed-hiring,/settings/managed-hiring,src/app/settings/managed-hiring/page.tsx,onClick handler,,,,,,,,,,unknown,yes,unknown,unknown,false,false,unknown,,GREEN,LOW,src/app/settings/managed-hiring/page.tsx:344 — onClick handler,src/app/settings/managed-hiring/page.tsx,344,No nearby API call detected; verify whether UI-only is intentional.
ACT-01373,user_action,/settings/managed-hiring,/settings/managed-hiring,src/app/settings/managed-hiring/page.tsx,onChange handler,,,,,,,,,,unknown,yes,unknown,unknown,false,false,unknown,,GREEN,LOW,src/app/settings/managed-hiring/page.tsx:393 — onChange handler,src/app/settings/managed-hiring/page.tsx,393,No nearby API call detected; verify whether UI-only is intentional.
ACT-01374,user_action,/settings/managed-hiring,/settings/managed-hiring,src/app/settings/managed-hiring/page.tsx,onChange handler,,,,,,,,,,unknown,yes,unknown,unknown,false,false,unknown,,GREEN,LOW,src/app/settings/managed-hiring/page.tsx:420 — onChange handler,src/app/settings/managed-hiring/page.tsx,420,No nearby API call detected; verify whether UI-only is intentional.
ACT-01375,user_action,/settings/managed-hiring,/settings/managed-hiring,src/app/settings/managed-hiring/page.tsx,onChange handler,,,,,,,,,,unknown,yes,unknown,unknown,false,false,unknown,,GREEN,LOW,src/app/settings/managed-hiring/page.tsx:447 — onChange handler,src/app/settings/managed-hiring/page.tsx,447,No nearby API call detected; verify whether UI-only is intentional.
ACT-01376,user_action,/settings/managed-hiring,/settings/managed-hiring,src/app/settings/managed-hiring/page.tsx,onChange handler,,,,,,,,,,unknown,yes,unknown,unknown,false,false,unknown,,GREEN,LOW,src/app/settings/managed-hiring/page.tsx:474 — onChange handler,src/app/settings/managed-hiring/page.tsx,474,No nearby API call detected; verify whether UI-only is intentional.
ACT-01377,user_action,/settings/managed-hiring,/settings/managed-hiring,src/app/settings/managed-hiring/page.tsx,onChange handler,,,,,,,,,,unknown,yes,unknown,unknown,false,false,unknown,,GREEN,LOW,src/app/settings/managed-hiring/page.tsx:499 — onChange handler,src/app/settings/managed-hiring/page.tsx,499,No nearby API call detected; verify whether UI-only is intentional.
ACT-01378,user_action,/settings/managed-hiring,/settings/managed-hiring,src/app/settings/managed-hiring/page.tsx,onChange handler,,,,,,,,,,unknown,yes,unknown,unknown,false,false,unknown,,GREEN,LOW,src/app/settings/managed-hiring/page.tsx:520 — onChange handler,src/app/settings/managed-hiring/page.tsx,520,No nearby API call detected; verify whether UI-only is intentional.
ACT-01379,user_action,/settings/managed-hiring,/settings/managed-hiring,src/app/settings/managed-hiring/page.tsx,onChange handler,,,,,,,,,,unknown,yes,unknown,unknown,false,false,unknown,,GREEN,LOW,src/app/settings/managed-hiring/page.tsx:563 — onChange handler,src/app/settings/managed-hiring/page.tsx,563,No nearby API call detected; verify whether UI-only is intentional.
ACT-01380,user_action,/settings/managed-hiring,/settings/managed-hiring,src/app/settings/managed-hiring/page.tsx,onClick handler,,,,,,,,,,unknown,yes,unknown,unknown,false,false,unknown,,GREEN,LOW,src/app/settings/managed-hiring/page.tsx:593 — onClick handler,src/app/settings/managed-hiring/page.tsx,593,No nearby API call detected; verify whether UI-only is intentional.
ACT-01381,user_action,/settings/managed-hiring,/settings/managed-hiring,src/app/settings/managed-hiring/page.tsx,onChange handler,,,,,,,,,,unknown,yes,unknown,unknown,false,false,unknown,,GREEN,LOW,src/app/settings/managed-hiring/page.tsx:622 — onChange handler,src/app/settings/managed-hiring/page.tsx,622,No nearby API call detected; verify whether UI-only is intentional.
ACT-01382,user_action,/settings/managed-hiring,/settings/managed-hiring,src/app/settings/managed-hiring/page.tsx,onChange handler,,,,,,,,,,unknown,yes,unknown,unknown,false,false,unknown,,GREEN,LOW,src/app/settings/managed-hiring/page.tsx:684 — onChange handler,src/app/settings/managed-hiring/page.tsx,684,No nearby API call detected; verify whether UI-only is intentional.
ACT-01383,user_action,/settings/managed-hiring,/settings/managed-hiring,src/app/settings/managed-hiring/page.tsx,onChange handler,,,,,,,,,,unknown,yes,unknown,unknown,false,false,unknown,,GREEN,LOW,src/app/settings/managed-hiring/page.tsx:702 — onChange handler,src/app/settings/managed-hiring/page.tsx,702,No nearby API call detected; verify whether UI-only is intentional.
ACT-01384,user_action,/settings/managed-hiring,/settings/managed-hiring,src/app/settings/managed-hiring/page.tsx,onChange handler,,,,,,,,,,unknown,yes,unknown,unknown,false,false,unknown,,GREEN,LOW,src/app/settings/managed-hiring/page.tsx:720 — onChange handler,src/app/settings/managed-hiring/page.tsx,720,No nearby API call detected; verify whether UI-only is intentional.
ACT-01385,user_action,/settings/managed-hiring,/settings/managed-hiring,src/app/settings/managed-hiring/page.tsx,onChange handler,,,,,,,,,,unknown,yes,unknown,unknown,false,false,unknown,,GREEN,LOW,src/app/settings/managed-hiring/page.tsx:748 — onChange handler,src/app/settings/managed-hiring/page.tsx,748,No nearby API call detected; verify whether UI-only is intentional.
ACT-01386,user_action,/settings/managed-hiring,/settings/managed-hiring,src/app/settings/managed-hiring/page.tsx,onChange handler,,,,,,,,,,unknown,yes,unknown,unknown,false,false,unknown,,GREEN,LOW,src/app/settings/managed-hiring/page.tsx:770 — onChange handler,src/app/settings/managed-hiring/page.tsx,770,No nearby API call detected; verify whether UI-only is intentional.
ACT-01387,user_action,/settings/managed-hiring,/settings/managed-hiring,src/app/settings/managed-hiring/page.tsx,onChange handler,,,,,,,,,,unknown,yes,unknown,unknown,false,false,unknown,,GREEN,LOW,src/app/settings/managed-hiring/page.tsx:829 — onChange handler,src/app/settings/managed-hiring/page.tsx,829,No nearby API call detected; verify whether UI-only is intentional.
ACT-01388,user_action,/settings/managed-hiring,/settings/managed-hiring,src/app/settings/managed-hiring/page.tsx,onChange handler,,,,,,,,,,unknown,yes,unknown,unknown,false,false,unknown,,GREEN,LOW,src/app/settings/managed-hiring/page.tsx:851 — onChange handler,src/app/settings/managed-hiring/page.tsx,851,No nearby API call detected; verify whether UI-only is intentional.
ACT-01389,user_action,/settings/managed-hiring,/settings/managed-hiring,src/app/settings/managed-hiring/page.tsx,onChange handler,,,,,,,,,,unknown,yes,unknown,unknown,false,false,unknown,,GREEN,LOW,src/app/settings/managed-hiring/page.tsx:874 — onChange handler,src/app/settings/managed-hiring/page.tsx,874,No nearby API call detected; verify whether UI-only is intentional.
ACT-01390,user_action,/settings/managed-hiring,/settings/managed-hiring,src/app/settings/managed-hiring/page.tsx,onChange handler,,,,,,,,,,unknown,yes,unknown,unknown,false,false,unknown,,GREEN,LOW,src/app/settings/managed-hiring/page.tsx:894 — onChange handler,src/app/settings/managed-hiring/page.tsx,894,No nearby API call detected; verify whether UI-only is intentional.
ACT-01391,user_action,/settings/managed-hiring,/settings/managed-hiring,src/app/settings/managed-hiring/page.tsx,onChange handler,,,,,,,WhatsApp Cloud API | PayU | Stripe,,WhatsApp Cloud API | PayU | Stripe,unknown,yes,unknown,unknown,false,false,unknown,,GREEN,LOW,src/app/settings/managed-hiring/page.tsx:922 — onChange handler,src/app/settings/managed-hiring/page.tsx,922,No nearby API call detected; verify whether UI-only is intentional.
ACT-01392,user_action,/settings/managed-hiring,/settings/managed-hiring,src/app/settings/managed-hiring/page.tsx,onChange handler,,,,,,,,,,unknown,yes,unknown,unknown,false,false,unknown,,GREEN,LOW,src/app/settings/managed-hiring/page.tsx:978 — onChange handler,src/app/settings/managed-hiring/page.tsx,978,No nearby API call detected; verify whether UI-only is intentional.
ACT-01393,user_action,/settings/managed-hiring,/settings/managed-hiring,src/app/settings/managed-hiring/page.tsx,onChange handler,,,,,,,,,,unknown,yes,unknown,unknown,false,false,unknown,,GREEN,LOW,src/app/settings/managed-hiring/page.tsx:1000 — onChange handler,src/app/settings/managed-hiring/page.tsx,1000,No nearby API call detected; verify whether UI-only is intentional.
ACT-01394,user_action,/settings/managed-hiring,/settings/managed-hiring,src/app/settings/managed-hiring/page.tsx,onChange handler,,,,,,,,,,unknown,yes,unknown,unknown,false,false,unknown,,GREEN,LOW,src/app/settings/managed-hiring/page.tsx:1025 — onChange handler,src/app/settings/managed-hiring/page.tsx,1025,No nearby API call detected; verify whether UI-only is intentional.
ACT-01395,user_action,/settings/managed-hiring,/settings/managed-hiring,src/app/settings/managed-hiring/page.tsx,onChange handler,,,,,,,,,,unknown,yes,unknown,unknown,false,false,unknown,,GREEN,LOW,src/app/settings/managed-hiring/page.tsx:1081 — onChange handler,src/app/settings/managed-hiring/page.tsx,1081,No nearby API call detected; verify whether UI-only is intentional.
ACT-01396,user_action,/settings/managed-hiring,/settings/managed-hiring,src/app/settings/managed-hiring/page.tsx,onChange handler,,,,,,,,,,unknown,yes,unknown,unknown,false,false,unknown,,GREEN,LOW,src/app/settings/managed-hiring/page.tsx:1097 — onChange handler,src/app/settings/managed-hiring/page.tsx,1097,No nearby API call detected; verify whether UI-only is intentional.
ACT-01397,user_action,/settings/managed-hiring,/settings/managed-hiring,src/app/settings/managed-hiring/page.tsx,onChange handler,,,,,,,,,,unknown,yes,unknown,unknown,false,false,unknown,,GREEN,LOW,src/app/settings/managed-hiring/page.tsx:1120 — onChange handler,src/app/settings/managed-hiring/page.tsx,1120,No nearby API call detected; verify whether UI-only is intentional.
ACT-01398,user_action,/settings/managed-hiring,/settings/managed-hiring,src/app/settings/managed-hiring/page.tsx,onChange handler,,,,,,,,,,unknown,yes,unknown,unknown,false,false,unknown,,GREEN,LOW,src/app/settings/managed-hiring/page.tsx:1145 — onChange handler,src/app/settings/managed-hiring/page.tsx,1145,No nearby API call detected; verify whether UI-only is intentional.
ACT-01399,user_action,/settings/managed-hiring,/settings/managed-hiring,src/app/settings/managed-hiring/page.tsx,onChange handler,,,,,,,,,,unknown,yes,unknown,unknown,false,false,unknown,,GREEN,LOW,src/app/settings/managed-hiring/page.tsx:1198 — onChange handler,src/app/settings/managed-hiring/page.tsx,1198,No nearby API call detected; verify whether UI-only is intentional.
ACT-01400,user_action,/settings/managed-hiring,/settings/managed-hiring,src/app/settings/managed-hiring/page.tsx,onChange handler,,,,,,,,,,unknown,yes,unknown,unknown,false,false,unknown,,GREEN,LOW,src/app/settings/managed-hiring/page.tsx:1218 — onChange handler,src/app/settings/managed-hiring/page.tsx,1218,No nearby API call detected; verify whether UI-only is intentional.
ACT-01401,user_action,/settings/managed-hiring,/settings/managed-hiring,src/app/settings/managed-hiring/page.tsx,onChange handler,,,,,,,,,,unknown,yes,unknown,unknown,false,false,unknown,,GREEN,LOW,src/app/settings/managed-hiring/page.tsx:1254 — onChange handler,src/app/settings/managed-hiring/page.tsx,1254,No nearby API call detected; verify whether UI-only is intentional.
ACT-01402,user_action,/settings/managed-hiring,/settings/managed-hiring,src/app/settings/managed-hiring/page.tsx,onChange handler,,,,,,,,,,unknown,yes,unknown,unknown,false,false,unknown,,GREEN,LOW,src/app/settings/managed-hiring/page.tsx:1276 — onChange handler,src/app/settings/managed-hiring/page.tsx,1276,No nearby API call detected; verify whether UI-only is intentional.
ACT-01403,user_action,/settings/managed-hiring,/settings/managed-hiring,src/app/settings/managed-hiring/page.tsx,onChange handler,,,,,,,,,,unknown,yes,unknown,unknown,false,false,unknown,,GREEN,LOW,src/app/settings/managed-hiring/page.tsx:1322 — onChange handler,src/app/settings/managed-hiring/page.tsx,1322,No nearby API call detected; verify whether UI-only is intentional.
ACT-01404,user_action,/settings/managed-hiring,/settings/managed-hiring,src/app/settings/managed-hiring/page.tsx,onChange handler,,,,,,,,,,unknown,yes,unknown,unknown,false,false,unknown,,GREEN,LOW,src/app/settings/managed-hiring/page.tsx:1340 — onChange handler,src/app/settings/managed-hiring/page.tsx,1340,No nearby API call detected; verify whether UI-only is intentional.
ACT-01405,user_action,/settings/managed-hiring,/settings/managed-hiring,src/app/settings/managed-hiring/page.tsx,onChange handler,,,,,,,,,,unknown,yes,unknown,unknown,false,false,unknown,,GREEN,LOW,src/app/settings/managed-hiring/page.tsx:1350 — onChange handler,src/app/settings/managed-hiring/page.tsx,1350,No nearby API call detected; verify whether UI-only is intentional.
ACT-01406,user_action,/settings/managed-hiring,/settings/managed-hiring,src/app/settings/managed-hiring/page.tsx,onChange handler,,,,,,,,,,unknown,yes,unknown,unknown,false,false,unknown,,GREEN,LOW,src/app/settings/managed-hiring/page.tsx:1365 — onChange handler,src/app/settings/managed-hiring/page.tsx,1365,No nearby API call detected; verify whether UI-only is intentional.
ACT-01407,user_action,/settings/managed-hiring,/settings/managed-hiring,src/app/settings/managed-hiring/page.tsx,onClick handler,,,,,,,,,,unknown,yes,unknown,unknown,false,false,unknown,,GREEN,LOW,src/app/settings/managed-hiring/page.tsx:1437 — onClick handler,src/app/settings/managed-hiring/page.tsx,1437,No nearby API call detected; verify whether UI-only is intentional.
CALL-01408,frontend_api_call,/settings/managed-hiring,/settings/managed-hiring,src/app/settings/managed-hiring/page.tsx,fetch GET /api/admin/managed-hiring/config,/api/admin/managed-hiring/config,GET,,,,,WhatsApp Cloud API | PayU | Stripe,,WhatsApp Cloud API | PayU | Stripe,unknown,yes,unknown,unknown,false,true,unknown,,GREEN,LOW,src/app/settings/managed-hiring/page.tsx:143 — frontend call GET /api/admin/managed-hiring/config,src/app/settings/managed-hiring/page.tsx,143,Must reconcile against an API endpoint row.
CALL-01409,frontend_api_call,/settings/managed-hiring,/settings/managed-hiring,src/app/settings/managed-hiring/page.tsx,fetch POST /api/admin/managed-hiring/config,/api/admin/managed-hiring/config,POST,,,,,WhatsApp Cloud API | PayU | Stripe,,WhatsApp Cloud API | PayU | Stripe,unknown,yes,unknown,unknown,false,true,unknown,,GREEN,LOW,src/app/settings/managed-hiring/page.tsx:192 — frontend call POST /api/admin/managed-hiring/config,src/app/settings/managed-hiring/page.tsx,192,Must reconcile against an API endpoint row.
SCR-01410,screen,/settings/notifications,/settings/notifications,src/app/settings/notifications/page.tsx,Screen render,,,,,,,Google Gemini | WhatsApp Cloud API | External asset host,,Google Gemini | WhatsApp Cloud API | External asset host,yes,yes,unknown,unknown,true,false,none/unknown,,RED,HIGH,src/app/settings/notifications/page.tsx:1 — screen route /settings/notifications,src/app/settings/notifications/page.tsx,1,Interactive handlers detected; action-level rows follow.
ACT-01411,user_action,/settings/notifications,/settings/notifications,src/app/settings/notifications/page.tsx,onClick handler,,,,,,,,,,unknown,yes,unknown,unknown,false,false,unknown,,GREEN,LOW,src/app/settings/notifications/page.tsx:7 — onClick handler,src/app/settings/notifications/page.tsx,7,No nearby API call detected; verify whether UI-only is intentional.
SCR-01412,screen,/settings,/settings,src/app/settings/page.tsx,Screen render,,,,,,,,,,yes,yes,unknown,unknown,false,true,none/unknown,,GREEN,LOW,src/app/settings/page.tsx:1 — screen route /settings,src/app/settings/page.tsx,1,Interactive handlers detected; action-level rows follow.
ACT-01413,user_action,/settings,/settings,src/app/settings/page.tsx,onSubmit handler,,,,,,,,,,unknown,yes,unknown,unknown,false,false,unknown,,GREEN,LOW,src/app/settings/page.tsx:90 — onSubmit handler,src/app/settings/page.tsx,90,No nearby API call detected; verify whether UI-only is intentional.
ACT-01414,user_action,/settings,/settings,src/app/settings/page.tsx,onChange handler,,,,,,,,,,unknown,yes,unknown,unknown,false,false,unknown,,GREEN,LOW,src/app/settings/page.tsx:129 — onChange handler,src/app/settings/page.tsx,129,No nearby API call detected; verify whether UI-only is intentional.
ACT-01415,user_action,/settings,/settings,src/app/settings/page.tsx,onChange handler,,,,,,,,,,unknown,yes,unknown,unknown,false,false,unknown,,GREEN,LOW,src/app/settings/page.tsx:140 — onChange handler,src/app/settings/page.tsx,140,No nearby API call detected; verify whether UI-only is intentional.
ACT-01416,user_action,/settings,/settings,src/app/settings/page.tsx,onChange handler,,,,,,,,,,unknown,yes,unknown,unknown,false,false,unknown,,GREEN,LOW,src/app/settings/page.tsx:152 — onChange handler,src/app/settings/page.tsx,152,No nearby API call detected; verify whether UI-only is intentional.
CALL-01417,frontend_api_call,/settings,/settings,src/app/settings/page.tsx,fetch GET /api/candidate/profile,/api/candidate/profile,GET,,,,,,,,unknown,yes,unknown,unknown,false,true,unknown,,GREEN,LOW,src/app/settings/page.tsx:17 — frontend call GET /api/candidate/profile,src/app/settings/page.tsx,17,Must reconcile against an API endpoint row.
CALL-01418,frontend_api_call,/settings,/settings,src/app/settings/page.tsx,fetch PUT /api/candidate/profile,/api/candidate/profile,PUT,,,,,,,,unknown,yes,unknown,unknown,false,true,unknown,,GREEN,LOW,src/app/settings/page.tsx:36 — frontend call PUT /api/candidate/profile,src/app/settings/page.tsx,36,Must reconcile against an API endpoint row.
SCR-01419,screen,/settings/payment-gateway,/settings/payment-gateway,src/app/settings/payment-gateway/page.tsx,Screen render,,,,,,,,,,yes,yes,unknown,unknown,false,false,none/unknown,,GREEN,LOW,src/app/settings/payment-gateway/page.tsx:1 — screen route /settings/payment-gateway,src/app/settings/payment-gateway/page.tsx,1,No interactive handler detected by static scan.
SCR-01420,screen,/settings/plan-management,/settings/plan-management,src/app/settings/plan-management/page.tsx,Screen render,,,,,,,,,,yes,yes,unknown,unknown,false,false,none/unknown,,GREEN,LOW,src/app/settings/plan-management/page.tsx:1 — screen route /settings/plan-management,src/app/settings/plan-management/page.tsx,1,Interactive handlers detected; action-level rows follow.
ACT-01421,user_action,/settings/plan-management,/settings/plan-management,src/app/settings/plan-management/page.tsx,onClick handler,,,,,,,,,,unknown,yes,unknown,unknown,false,false,unknown,,GREEN,LOW,src/app/settings/plan-management/page.tsx:39 — onClick handler,src/app/settings/plan-management/page.tsx,39,No nearby API call detected; verify whether UI-only is intentional.
SCR-01422,screen,/settings/security,/settings/security,src/app/settings/security/page.tsx,Screen render,,,,,,,Google Gemini | External asset host,,Google Gemini | External asset host,yes,yes,unknown,unknown,true,false,none/unknown,,RED,HIGH,src/app/settings/security/page.tsx:1 — screen route /settings/security,src/app/settings/security/page.tsx,1,No interactive handler detected by static scan.
SCR-01423,screen,/settings/smtp,/settings/smtp,src/app/settings/smtp/page.tsx,Screen render,,,,,,,SMTP/SendGrid,,SMTP/SendGrid,yes,yes,unknown,unknown,false,true,none/unknown,,GREEN,LOW,src/app/settings/smtp/page.tsx:1 — screen route /settings/smtp,src/app/settings/smtp/page.tsx,1,Interactive handlers detected; action-level rows follow.
ACT-01424,user_action,/settings/smtp,/settings/smtp,src/app/settings/smtp/page.tsx,onChange handler,,,,,,,SMTP/SendGrid,,SMTP/SendGrid,unknown,yes,unknown,unknown,false,false,unknown,,GREEN,LOW,src/app/settings/smtp/page.tsx:189 — onChange handler,src/app/settings/smtp/page.tsx,189,No nearby API call detected; verify whether UI-only is intentional.
ACT-01425,user_action,/settings/smtp,/settings/smtp,src/app/settings/smtp/page.tsx,onClick handler,,,,,,,SMTP/SendGrid,,SMTP/SendGrid,unknown,yes,unknown,unknown,false,false,unknown,,GREEN,LOW,src/app/settings/smtp/page.tsx:197 — onClick handler,src/app/settings/smtp/page.tsx,197,No nearby API call detected; verify whether UI-only is intentional.
ACT-01426,user_action,/settings/smtp,/settings/smtp,src/app/settings/smtp/page.tsx,onClick handler,,,,,,,SMTP/SendGrid,,SMTP/SendGrid,unknown,yes,unknown,unknown,false,false,unknown,,GREEN,LOW,src/app/settings/smtp/page.tsx:226 — onClick handler,src/app/settings/smtp/page.tsx,226,No nearby API call detected; verify whether UI-only is intentional.
ACT-01427,user_action,/settings/smtp,/settings/smtp,src/app/settings/smtp/page.tsx,onChange handler,,,,,,,,,,unknown,yes,unknown,unknown,false,false,unknown,,GREEN,LOW,src/app/settings/smtp/page.tsx:235 — onChange handler,src/app/settings/smtp/page.tsx,235,No nearby API call detected; verify whether UI-only is intentional.
ACT-01428,user_action,/settings/smtp,/settings/smtp,src/app/settings/smtp/page.tsx,onChange handler,,,,,,,,,,unknown,yes,unknown,unknown,false,false,unknown,,GREEN,LOW,src/app/settings/smtp/page.tsx:240 — onChange handler,src/app/settings/smtp/page.tsx,240,No nearby API call detected; verify whether UI-only is intentional.
ACT-01429,user_action,/settings/smtp,/settings/smtp,src/app/settings/smtp/page.tsx,onChange handler,,,,,,,SMTP/SendGrid,,SMTP/SendGrid,unknown,yes,unknown,unknown,false,false,unknown,,GREEN,LOW,src/app/settings/smtp/page.tsx:252 — onChange handler,src/app/settings/smtp/page.tsx,252,No nearby API call detected; verify whether UI-only is intentional.
ACT-01430,user_action,/settings/smtp,/settings/smtp,src/app/settings/smtp/page.tsx,onClick handler,,,,,,,SMTP/SendGrid,,SMTP/SendGrid,unknown,yes,unknown,unknown,false,false,unknown,,GREEN,LOW,src/app/settings/smtp/page.tsx:254 — onClick handler,src/app/settings/smtp/page.tsx,254,No nearby API call detected; verify whether UI-only is intentional.
ACT-01431,user_action,/settings/smtp,/settings/smtp,src/app/settings/smtp/page.tsx,onClick handler,,,,,,,,,,unknown,yes,unknown,unknown,false,false,unknown,,GREEN,LOW,src/app/settings/smtp/page.tsx:264 — onClick handler,src/app/settings/smtp/page.tsx,264,No nearby API call detected; verify whether UI-only is intentional.
CALL-01432,frontend_api_call,/settings/smtp,/settings/smtp,src/app/settings/smtp/page.tsx,fetch GET /api/admin/email-delivery/config,/api/admin/email-delivery/config,GET,,,,,SMTP/SendGrid,,SMTP/SendGrid,unknown,yes,unknown,unknown,false,true,unknown,,GREEN,LOW,src/app/settings/smtp/page.tsx:58 — frontend call GET /api/admin/email-delivery/config,src/app/settings/smtp/page.tsx,58,Must reconcile against an API endpoint row.
CALL-01433,frontend_api_call,/settings/smtp,/settings/smtp,src/app/settings/smtp/page.tsx,fetch POST /api/admin/email-delivery/config,/api/admin/email-delivery/config,POST,,,,,SMTP/SendGrid,,SMTP/SendGrid,unknown,yes,unknown,unknown,false,true,unknown,,GREEN,LOW,src/app/settings/smtp/page.tsx:94 — frontend call POST /api/admin/email-delivery/config,src/app/settings/smtp/page.tsx,94,Must reconcile against an API endpoint row.
CALL-01434,frontend_api_call,/settings/smtp,/settings/smtp,src/app/settings/smtp/page.tsx,fetch POST /api/admin/email-delivery/test,/api/admin/email-delivery/test,POST,,,,,SMTP/SendGrid,,SMTP/SendGrid,unknown,yes,unknown,unknown,false,true,unknown,,GREEN,LOW,src/app/settings/smtp/page.tsx:136 — frontend call POST /api/admin/email-delivery/test,src/app/settings/smtp/page.tsx,136,Must reconcile against an API endpoint row.
SCR-01435,screen,/settings/terms-privacy,/settings/terms-privacy,src/app/settings/terms-privacy/page.tsx,Screen render,,,,,,,,,,yes,yes,unknown,unknown,false,false,none/unknown,,GREEN,LOW,src/app/settings/terms-privacy/page.tsx:1 — screen route /settings/terms-privacy,src/app/settings/terms-privacy/page.tsx,1,Interactive handlers detected; action-level rows follow.
ACT-01436,user_action,/settings/terms-privacy,/settings/terms-privacy,src/app/settings/terms-privacy/page.tsx,onChange handler,,,,,,,,,,unknown,yes,unknown,unknown,false,false,unknown,,GREEN,LOW,src/app/settings/terms-privacy/page.tsx:29 — onChange handler,src/app/settings/terms-privacy/page.tsx,29,No nearby API call detected; verify whether UI-only is intentional.
ACT-01437,user_action,/settings/terms-privacy,/settings/terms-privacy,src/app/settings/terms-privacy/page.tsx,onClick handler,,,,,,,,,,unknown,yes,unknown,unknown,false,false,unknown,,GREEN,LOW,src/app/settings/terms-privacy/page.tsx:35 — onClick handler,src/app/settings/terms-privacy/page.tsx,35,No nearby API call detected; verify whether UI-only is intentional.
SCR-01438,screen,/settings/whatsapp,/settings/whatsapp,src/app/settings/whatsapp/page.tsx,Screen render,,,,,,,WhatsApp Cloud API,,WhatsApp Cloud API,yes,yes,unknown,unknown,false,false,none/unknown,,GREEN,LOW,src/app/settings/whatsapp/page.tsx:1 — screen route /settings/whatsapp,src/app/settings/whatsapp/page.tsx,1,No interactive handler detected by static scan.
SCR-01439,screen,/signin,/signin,src/app/signin/page.tsx,Screen render,,,,,,,,,,unknown,unknown,unknown,unknown,false,false,none/unknown,,GREEN,LOW,src/app/signin/page.tsx:1 — screen route /signin,src/app/signin/page.tsx,1,No interactive handler detected by static scan.
SCR-01440,screen,/signup,/signup,src/app/signup/page.tsx,Screen render,,,,,,,,,,unknown,unknown,unknown,unknown,false,false,none/unknown,,GREEN,LOW,src/app/signup/page.tsx:1 — screen route /signup,src/app/signup/page.tsx,1,No interactive handler detected by static scan.
SCR-01441,screen,/solutions,/solutions,src/app/solutions/page.tsx,Screen render,,,,@/lib/marketingMetadata,,,,,,unknown,yes,unknown,unknown,false,false,none/unknown,,GREEN,LOW,src/app/solutions/page.tsx:1 — screen route /solutions,src/app/solutions/page.tsx,1,No interactive handler detected by static scan.
SCR-01442,screen,/subscriptions,/subscriptions,src/app/subscriptions/page.tsx,Screen render,,,,,,,Google Gemini | External asset host,,Google Gemini | External asset host,yes,yes,unknown,unknown,true,false,none/unknown,,RED,HIGH,src/app/subscriptions/page.tsx:1 — screen route /subscriptions,src/app/subscriptions/page.tsx,1,No interactive handler detected by static scan.
SCR-01443,screen,/terms,/terms,src/app/terms/page.tsx,Screen render,,,,@/lib/marketingMetadata,,,,,,unknown,yes,unknown,unknown,false,false,none/unknown,,GREEN,LOW,src/app/terms/page.tsx:1 — screen route /terms,src/app/terms/page.tsx,1,No interactive handler detected by static scan.
SCR-01444,screen,/video-assessment/active,/video-assessment/active,src/app/video-assessment/active/page.tsx,Screen render,,,,,,,,,,unknown,yes,unknown,unknown,false,true,none/unknown,,GREEN,LOW,src/app/video-assessment/active/page.tsx:1 — screen route /video-assessment/active,src/app/video-assessment/active/page.tsx,1,Interactive handlers detected; action-level rows follow.
ACT-01445,user_action,/video-assessment/active,/video-assessment/active,src/app/video-assessment/active/page.tsx,onClick handler,,,,,,,,,,unknown,yes,unknown,unknown,false,false,unknown,,GREEN,LOW,src/app/video-assessment/active/page.tsx:233 — onClick handler,src/app/video-assessment/active/page.tsx,233,No nearby API call detected; verify whether UI-only is intentional.
ACT-01446,user_action,/video-assessment/active,/video-assessment/active,src/app/video-assessment/active/page.tsx,onClick handler,,,,,,,,,,unknown,yes,unknown,unknown,false,false,unknown,,GREEN,LOW,src/app/video-assessment/active/page.tsx:234 — onClick handler,src/app/video-assessment/active/page.tsx,234,No nearby API call detected; verify whether UI-only is intentional.
ACT-01447,user_action,/video-assessment/active,/video-assessment/active,src/app/video-assessment/active/page.tsx,onClick handler,,,,,,,,,,unknown,yes,unknown,unknown,false,false,unknown,,GREEN,LOW,src/app/video-assessment/active/page.tsx:235 — onClick handler,src/app/video-assessment/active/page.tsx,235,No nearby API call detected; verify whether UI-only is intentional.
SCR-01448,screen,/video-assessment/complete,/video-assessment/complete,src/app/video-assessment/complete/page.tsx,Screen render,,,,,,,,,,unknown,unknown,unknown,unknown,false,false,none/unknown,,GREEN,LOW,src/app/video-assessment/complete/page.tsx:1 — screen route /video-assessment/complete,src/app/video-assessment/complete/page.tsx,1,No interactive handler detected by static scan.
SCR-01449,screen,/video-assessment/setup,/video-assessment/setup,src/app/video-assessment/setup/page.tsx,Screen render,,,,,,,,,,unknown,unknown,unknown,unknown,false,false,none/unknown,,GREEN,LOW,src/app/video-assessment/setup/page.tsx:1 — screen route /video-assessment/setup,src/app/video-assessment/setup/page.tsx,1,No interactive handler detected by static scan.
SCR-01450,screen,/video-resume,/video-resume,src/app/video-resume/page.tsx,Screen render,,,,@/lib/marketingMetadata,,,,,,unknown,yes,unknown,unknown,false,false,none/unknown,,GREEN,LOW,src/app/video-resume/page.tsx:1 — screen route /video-resume,src/app/video-resume/page.tsx,1,No interactive handler detected by static scan.
API-01451,api_endpoint,/settings/analytics,/api/admin/analytics,src/app/api/admin/analytics/route.ts,Called by frontend screen(s),/api/admin/analytics,GET,,@/lib/routeAuthorization | @/lib/apiSecurity | @/lib/prisma,,,,prisma.user | prisma.application | prisma.interview | prisma.companySubscription,,yes,yes,unknown,unknown,false,true,referenced,,GREEN,LOW,src/app/api/admin/analytics/route.ts:6 — GET /api/admin/analytics,src/app/api/admin/analytics/route.ts,6,1 statically matched caller(s).
API-01452,api_endpoint,/admin/settings/audit-log,/api/admin/audit-logs,src/app/api/admin/audit-logs/route.ts,Called by frontend screen(s),/api/admin/audit-logs,GET,,@/lib/auditLogger | @/lib/routeAuthorization | @/lib/apiSecurity,,,,,,yes,yes,unknown,unknown,false,true,referenced,,GREEN,LOW,src/app/api/admin/audit-logs/route.ts:6 — GET /api/admin/audit-logs,src/app/api/admin/audit-logs/route.ts,6,1 statically matched caller(s).
API-01453,api_endpoint,,/api/admin/candidate-credits/grants,src/app/api/admin/candidate-credits/grants/route.ts,No statically matched frontend caller,/api/admin/candidate-credits/grants,POST,,@/lib/auth | @/lib/apiSecurity | @/lib/prisma | @/lib/securityAuditOutbox,Outbox,,,,,yes,yes,unknown,yes,false,true,referenced,,GREEN,LOW,src/app/api/admin/candidate-credits/grants/route.ts:22 — POST /api/admin/candidate-credits/grants,src/app/api/admin/candidate-credits/grants/route.ts,22,Endpoint may be orphaned or called dynamically.
API-01454,api_endpoint,,/api/admin/candidate-services,src/app/api/admin/candidate-services/route.ts,No statically matched frontend caller,/api/admin/candidate-services,GET,,@/lib/auth | @/lib/apiSecurity | @/lib/prisma | @/lib/securityAuditOutbox,Outbox,,,prisma.candidateServiceCatalog,,yes,yes,unknown,unknown,false,true,referenced,,GREEN,LOW,src/app/api/admin/candidate-services/route.ts:21 — GET /api/admin/candidate-services,src/app/api/admin/candidate-services/route.ts,21,Endpoint may be orphaned or called dynamically.
API-01455,api_endpoint,,/api/admin/candidate-services,src/app/api/admin/candidate-services/route.ts,No statically matched frontend caller,/api/admin/candidate-services,POST,,@/lib/auth | @/lib/apiSecurity | @/lib/prisma | @/lib/securityAuditOutbox,Outbox,,,prisma.candidateServiceCatalog,,yes,yes,unknown,unknown,false,true,referenced,,GREEN,LOW,src/app/api/admin/candidate-services/route.ts:32 — POST /api/admin/candidate-services,src/app/api/admin/candidate-services/route.ts,32,Endpoint may be orphaned or called dynamically.
API-01456,api_endpoint,,/api/admin/candidate-services/:id,src/app/api/admin/candidate-services/[id]/route.ts,No statically matched frontend caller,/api/admin/candidate-services/:id,PUT,,@/lib/auth | @/lib/apiSecurity | @/lib/prisma | @/lib/securityAuditOutbox,Outbox,,,,,yes,yes,unknown,unknown,false,true,referenced,,GREEN,LOW,src/app/api/admin/candidate-services/[id]/route.ts:21 — PUT /api/admin/candidate-services/:id,src/app/api/admin/candidate-services/[id]/route.ts,21,Endpoint may be orphaned or called dynamically.
API-01457,api_endpoint,/admin/communications,/api/admin/communications/deliveries,src/app/api/admin/communications/deliveries/route.ts,Called by frontend screen(s),/api/admin/communications/deliveries,GET,,@/lib/prisma | @/lib/auth | @/lib/apiSecurity | @/lib/communications/catalog,,,,prisma.communicationDelivery,,yes,yes,unknown,unknown,false,true,referenced,,GREEN,LOW,src/app/api/admin/communications/deliveries/route.ts:7 — GET /api/admin/communications/deliveries,src/app/api/admin/communications/deliveries/route.ts,7,1 statically matched caller(s).
API-01458,api_endpoint,/admin/communications,/api/admin/communications/templates,src/app/api/admin/communications/templates/route.ts,Called by frontend screen(s),/api/admin/communications/templates,GET,,@/lib/prisma | @/lib/auth | @/lib/auditLogger | @/lib/apiSecurity | @/lib/communications/catalog,,,WhatsApp Cloud API,prisma.communicationTemplate,WhatsApp Cloud API,yes,yes,unknown,yes,false,true,referenced,,GREEN,LOW,src/app/api/admin/communications/templates/route.ts:30 — GET /api/admin/communications/templates,src/app/api/admin/communications/templates/route.ts,30,1 statically matched caller(s).
API-01459,api_endpoint,/admin/communications,/api/admin/communications/templates,src/app/api/admin/communications/templates/route.ts,Called by frontend screen(s),/api/admin/communications/templates,POST,,@/lib/prisma | @/lib/auth | @/lib/auditLogger | @/lib/apiSecurity | @/lib/communications/catalog,,,WhatsApp Cloud API,prisma.communicationTemplate,WhatsApp Cloud API,yes,yes,unknown,yes,false,true,referenced,,GREEN,LOW,src/app/api/admin/communications/templates/route.ts:39 — POST /api/admin/communications/templates,src/app/api/admin/communications/templates/route.ts,39,1 statically matched caller(s).
API-01460,api_endpoint,/admin/communications,/api/admin/communications/templates/:id,src/app/api/admin/communications/templates/[id]/route.ts,Called by frontend screen(s),/api/admin/communications/templates/:id,PATCH,,@/lib/prisma | @/lib/auth | @/lib/apiSecurity | @/lib/auditLogger | @/lib/communications/catalog,,,WhatsApp Cloud API,prisma.communicationTemplate,WhatsApp Cloud API,yes,yes,unknown,yes,false,true,referenced,,GREEN,LOW,src/app/api/admin/communications/templates/[id]/route.ts:22 — PATCH /api/admin/communications/templates/:id,src/app/api/admin/communications/templates/[id]/route.ts,22,1 statically matched caller(s).
API-01461,api_endpoint,,/api/admin/communications/test,src/app/api/admin/communications/test/route.ts,No statically matched frontend caller,/api/admin/communications/test,POST,,@/lib/prisma | @/lib/auth | @/lib/communications/dispatcher | @/lib/communications/catalog | @/lib/apiSecurity | @/lib/auditLogger,,,,,,yes,yes,unknown,yes,false,true,referenced,,GREEN,LOW,src/app/api/admin/communications/test/route.ts:19 — POST /api/admin/communications/test,src/app/api/admin/communications/test/route.ts,19,Endpoint may be orphaned or called dynamically.
API-01462,api_endpoint,/admin/settings/managed-hiring,/api/admin/config,src/app/api/admin/config/route.ts,Called by frontend screen(s),/api/admin/config,GET,,@/lib/auditLogger | @/lib/routeAuthorization | @/lib/apiSecurity | @/lib/prisma,,,,prisma.adminConfiguration,,yes,yes,unknown,yes,false,true,referenced,,GREEN,LOW,src/app/api/admin/config/route.ts:63 — GET /api/admin/config,src/app/api/admin/config/route.ts,63,1 statically matched caller(s).
API-01463,api_endpoint,/admin/settings/managed-hiring,/api/admin/config,src/app/api/admin/config/route.ts,Called by frontend screen(s),/api/admin/config,POST,,@/lib/auditLogger | @/lib/routeAuthorization | @/lib/apiSecurity | @/lib/prisma,,,,prisma.adminConfiguration,,yes,yes,unknown,yes,false,true,referenced,,GREEN,LOW,src/app/api/admin/config/route.ts:74 — POST /api/admin/config,src/app/api/admin/config/route.ts,74,1 statically matched caller(s).
API-01464,api_endpoint,/admin/document-verification | /employer/employer-registration-document-verification,/api/admin/document-verification,src/app/api/admin/document-verification/route.ts,Called by frontend screen(s),/api/admin/document-verification,GET,,@/lib/prisma | @/lib/document-verification-store | @/lib/apiSecurity,,,,prisma.documentVerification | prisma.employerProfile,,yes,yes,yes,yes,false,true,referenced,,GREEN,LOW,src/app/api/admin/document-verification/route.ts:60 — GET /api/admin/document-verification,src/app/api/admin/document-verification/route.ts,60,2 statically matched caller(s).
API-01465,api_endpoint,/admin/document-verification | /employer/employer-registration-document-verification,/api/admin/document-verification,src/app/api/admin/document-verification/route.ts,Called by frontend screen(s),/api/admin/document-verification,POST,,@/lib/prisma | @/lib/document-verification-store | @/lib/apiSecurity,,,,prisma.documentVerification | prisma.employerProfile,,yes,yes,yes,yes,false,true,referenced,,GREEN,LOW,src/app/api/admin/document-verification/route.ts:141 — POST /api/admin/document-verification,src/app/api/admin/document-verification/route.ts,141,2 statically matched caller(s).
API-01466,api_endpoint,/admin/document-verification,/api/admin/document-verification/:id,src/app/api/admin/document-verification/[id]/route.ts,Called by frontend screen(s),/api/admin/document-verification/:id,POST,,@/lib/prisma | @/lib/apiSecurity,,,,,,yes,yes,unknown,yes,false,true,referenced,,GREEN,LOW,src/app/api/admin/document-verification/[id]/route.ts:12 — POST /api/admin/document-verification/:id,src/app/api/admin/document-verification/[id]/route.ts,12,1 statically matched caller(s).
API-01467,api_endpoint,/settings/smtp,/api/admin/email-delivery/config,src/app/api/admin/email-delivery/config/route.ts,Called by frontend screen(s),/api/admin/email-delivery/config,GET,,@/lib/auth | @/lib/auditLogger | @/lib/email-delivery-config | @/lib/apiSecurity,,,SMTP/SendGrid,,SMTP/SendGrid,yes,yes,unknown,unknown,false,true,referenced,,GREEN,LOW,src/app/api/admin/email-delivery/config/route.ts:41 — GET /api/admin/email-delivery/config,src/app/api/admin/email-delivery/config/route.ts,41,1 statically matched caller(s).
API-01468,api_endpoint,/settings/smtp,/api/admin/email-delivery/config,src/app/api/admin/email-delivery/config/route.ts,Called by frontend screen(s),/api/admin/email-delivery/config,POST,,@/lib/auth | @/lib/auditLogger | @/lib/email-delivery-config | @/lib/apiSecurity,,,SMTP/SendGrid,,SMTP/SendGrid,yes,yes,unknown,unknown,false,true,referenced,,GREEN,LOW,src/app/api/admin/email-delivery/config/route.ts:51 — POST /api/admin/email-delivery/config,src/app/api/admin/email-delivery/config/route.ts,51,1 statically matched caller(s).
API-01469,api_endpoint,/settings/smtp,/api/admin/email-delivery/test,src/app/api/admin/email-delivery/test/route.ts,Called by frontend screen(s),/api/admin/email-delivery/test,POST,,@/lib/auth | @/lib/email | @/lib/email-delivery-config | @/lib/apiSecurity,,,,,,yes,yes,unknown,unknown,false,true,referenced,,GREEN,LOW,src/app/api/admin/email-delivery/test/route.ts:13 — POST /api/admin/email-delivery/test,src/app/api/admin/email-delivery/test/route.ts,13,1 statically matched caller(s).
API-01470,api_endpoint,/admin/employers,/api/admin/employers,src/app/api/admin/employers/route.ts,Called by frontend screen(s),/api/admin/employers,GET,,@/lib/routeAuthorization | @/lib/apiSecurity | @/lib/prisma,,,,prisma.employerProfile,,yes,yes,yes,unknown,false,true,referenced,,GREEN,LOW,src/app/api/admin/employers/route.ts:13 — GET /api/admin/employers,src/app/api/admin/employers/route.ts,13,1 statically matched caller(s).
API-01471,api_endpoint,/admin/invoices | /admin/managed-hiring/operations,/api/admin/invoices,src/app/api/admin/invoices/route.ts,Called by frontend screen(s),/api/admin/invoices,GET,,@/lib/invoices-db | @/lib/routeAuthorization | @/lib/apiSecurity | @/lib/prisma | @/lib/communications/dispatcher | @/lib/env,,,WhatsApp Cloud API,prisma.commercialAgreement,WhatsApp Cloud API,yes,yes,unknown,yes,false,true,referenced,,GREEN,LOW,src/app/api/admin/invoices/route.ts:13 — GET /api/admin/invoices,src/app/api/admin/invoices/route.ts,13,2 statically matched caller(s).
API-01472,api_endpoint,/admin/invoices | /admin/managed-hiring/operations,/api/admin/invoices,src/app/api/admin/invoices/route.ts,Called by frontend screen(s),/api/admin/invoices,POST,,@/lib/invoices-db | @/lib/routeAuthorization | @/lib/apiSecurity | @/lib/prisma | @/lib/communications/dispatcher | @/lib/env,,,WhatsApp Cloud API,prisma.commercialAgreement,WhatsApp Cloud API,yes,yes,unknown,yes,false,true,referenced,,GREEN,LOW,src/app/api/admin/invoices/route.ts:32 — POST /api/admin/invoices,src/app/api/admin/invoices/route.ts,32,2 statically matched caller(s).
API-01473,api_endpoint,/admin/jobs,/api/admin/jobs,src/app/api/admin/jobs/route.ts,Called by frontend screen(s),/api/admin/jobs,GET,,@/lib/routeAuthorization | @/lib/apiSecurity | @/lib/prisma,,,,prisma.jobListing,,yes,yes,unknown,unknown,false,true,referenced,,GREEN,LOW,src/app/api/admin/jobs/route.ts:13 — GET /api/admin/jobs,src/app/api/admin/jobs/route.ts,13,1 statically matched caller(s).
API-01474,api_endpoint,/admin/settings/llm-usage,/api/admin/llm-usage,src/app/api/admin/llm-usage/route.ts,Called by frontend screen(s),/api/admin/llm-usage,GET,,@/lib/routeAuthorization | @/lib/apiSecurity,,,,,,yes,yes,unknown,unknown,false,true,referenced,,GREEN,LOW,src/app/api/admin/llm-usage/route.ts:6 — GET /api/admin/llm-usage,src/app/api/admin/llm-usage/route.ts,6,1 statically matched caller(s).
API-01475,api_endpoint,/admin/managed-hiring/operations | /settings/managed-hiring,/api/admin/managed-hiring/config,src/app/api/admin/managed-hiring/config/route.ts,Called by frontend screen(s),/api/admin/managed-hiring/config,GET,,@/lib/routeAuthorization | @/lib/apiSecurity | @/lib/prisma | @/lib/auditLogger,,,,prisma.adminConfiguration,,yes,yes,unknown,yes,false,true,referenced,,GREEN,LOW,src/app/api/admin/managed-hiring/config/route.ts:297 — GET /api/admin/managed-hiring/config,src/app/api/admin/managed-hiring/config/route.ts,297,2 statically matched caller(s).
API-01476,api_endpoint,/admin/managed-hiring/operations | /settings/managed-hiring,/api/admin/managed-hiring/config,src/app/api/admin/managed-hiring/config/route.ts,Called by frontend screen(s),/api/admin/managed-hiring/config,POST,,@/lib/routeAuthorization | @/lib/apiSecurity | @/lib/prisma | @/lib/auditLogger,,,,prisma.adminConfiguration,,yes,yes,unknown,yes,false,true,referenced,,GREEN,LOW,src/app/api/admin/managed-hiring/config/route.ts:351 — POST /api/admin/managed-hiring/config,src/app/api/admin/managed-hiring/config/route.ts,351,2 statically matched caller(s).
API-01477,api_endpoint,/admin/payment-gateways,/api/admin/payment-gateway/config,src/app/api/admin/payment-gateway/config/route.ts,Called by frontend screen(s),/api/admin/payment-gateway/config,GET,,@/lib/payments/PaymentGatewayController | @/lib/apiSecurity | @/lib/routeAuthorization | @/lib/auditLogger,,,PayU | Stripe,,PayU | Stripe,yes,yes,unknown,yes,false,true,referenced,,GREEN,LOW,src/app/api/admin/payment-gateway/config/route.ts:23 — GET /api/admin/payment-gateway/config,src/app/api/admin/payment-gateway/config/route.ts,23,1 statically matched caller(s).
API-01478,api_endpoint,/admin/payment-gateways,/api/admin/payment-gateway/config,src/app/api/admin/payment-gateway/config/route.ts,Called by frontend screen(s),/api/admin/payment-gateway/config,POST,,@/lib/payments/PaymentGatewayController | @/lib/apiSecurity | @/lib/routeAuthorization | @/lib/auditLogger,,,PayU | Stripe,,PayU | Stripe,yes,yes,unknown,yes,false,true,referenced,,GREEN,LOW,src/app/api/admin/payment-gateway/config/route.ts:32 — POST /api/admin/payment-gateway/config,src/app/api/admin/payment-gateway/config/route.ts,32,1 statically matched caller(s).
API-01479,api_endpoint,,/api/admin/pricing/calculate,src/app/api/admin/pricing/calculate/route.ts,No statically matched frontend caller,/api/admin/pricing/calculate,POST,,@/lib/routeAuthorization | @/lib/apiSecurity,,,,,,yes,yes,unknown,unknown,false,true,referenced,,GREEN,LOW,src/app/api/admin/pricing/calculate/route.ts:18 — POST /api/admin/pricing/calculate,src/app/api/admin/pricing/calculate/route.ts,18,Endpoint may be orphaned or called dynamically.
API-01480,api_endpoint,,/api/admin/readiness-templates,src/app/api/admin/readiness-templates/route.ts,No statically matched frontend caller,/api/admin/readiness-templates,GET,,@/lib/prisma | @/lib/auth | @/lib/apiSecurity | @/lib/auditLogger,,,,prisma.mcqAssessment,,yes,yes,unknown,unknown,false,true,referenced,,GREEN,LOW,src/app/api/admin/readiness-templates/route.ts:26 — GET /api/admin/readiness-templates,src/app/api/admin/readiness-templates/route.ts,26,Endpoint may be orphaned or called dynamically.
API-01481,api_endpoint,,/api/admin/readiness-templates,src/app/api/admin/readiness-templates/route.ts,No statically matched frontend caller,/api/admin/readiness-templates,POST,,@/lib/prisma | @/lib/auth | @/lib/apiSecurity | @/lib/auditLogger,,,,prisma.mcqAssessment,,yes,yes,unknown,unknown,false,true,referenced,,GREEN,LOW,src/app/api/admin/readiness-templates/route.ts:45 — POST /api/admin/readiness-templates,src/app/api/admin/readiness-templates/route.ts,45,Endpoint may be orphaned or called dynamically.
API-01482,api_endpoint,/admin/recorded-assessment/questions | /employer/assessments/recorded/configure,/api/admin/recorded-assessment/questions,src/app/api/admin/recorded-assessment/questions/route.ts,Called by frontend screen(s),/api/admin/recorded-assessment/questions,GET,,@/lib/auth | @/lib/apiSecurity | @/lib/prisma | @/lib/recordedAssessment,,,,prisma.recordedAssessmentQuestionBank,,yes,yes,unknown,yes,false,true,referenced,,GREEN,LOW,src/app/api/admin/recorded-assessment/questions/route.ts:21 — GET /api/admin/recorded-assessment/questions,src/app/api/admin/recorded-assessment/questions/route.ts,21,2 statically matched caller(s).
API-01483,api_endpoint,/admin/recorded-assessment/questions | /employer/assessments/recorded/configure,/api/admin/recorded-assessment/questions,src/app/api/admin/recorded-assessment/questions/route.ts,Called by frontend screen(s),/api/admin/recorded-assessment/questions,POST,,@/lib/auth | @/lib/apiSecurity | @/lib/prisma | @/lib/recordedAssessment,,,,prisma.recordedAssessmentQuestionBank,,yes,yes,unknown,yes,false,true,referenced,,GREEN,LOW,src/app/api/admin/recorded-assessment/questions/route.ts:36 — POST /api/admin/recorded-assessment/questions,src/app/api/admin/recorded-assessment/questions/route.ts,36,2 statically matched caller(s).
API-01484,api_endpoint,/admin/recorded-assessment/questions,/api/admin/recorded-assessment/questions/:id,src/app/api/admin/recorded-assessment/questions/[id]/route.ts,Called by frontend screen(s),/api/admin/recorded-assessment/questions/:id,DELETE,,@/lib/auth | @/lib/apiSecurity | @/lib/prisma,,,,prisma.recordedAssessmentQuestionBank,,yes,yes,unknown,yes,false,true,referenced,,GREEN,LOW,src/app/api/admin/recorded-assessment/questions/[id]/route.ts:7 — DELETE /api/admin/recorded-assessment/questions/:id,src/app/api/admin/recorded-assessment/questions/[id]/route.ts,7,1 statically matched caller(s).
API-01485,api_endpoint,/admin/recorded-assessment/restrictions,/api/admin/recorded-assessment/restrictions,src/app/api/admin/recorded-assessment/restrictions/route.ts,Called by frontend screen(s),/api/admin/recorded-assessment/restrictions,GET,,@/lib/auth | @/lib/apiSecurity | @/lib/auditLogger | @/lib/prisma,,,,prisma.recordedAssessmentRestriction | prisma.recordedAssessmentAttempt,,yes,yes,unknown,unknown,false,true,referenced,,GREEN,LOW,src/app/api/admin/recorded-assessment/restrictions/route.ts:16 — GET /api/admin/recorded-assessment/restrictions,src/app/api/admin/recorded-assessment/restrictions/route.ts,16,1 statically matched caller(s).
API-01486,api_endpoint,/admin/recorded-assessment/restrictions,/api/admin/recorded-assessment/restrictions,src/app/api/admin/recorded-assessment/restrictions/route.ts,Called by frontend screen(s),/api/admin/recorded-assessment/restrictions,POST,,@/lib/auth | @/lib/apiSecurity | @/lib/auditLogger | @/lib/prisma,,,,prisma.recordedAssessmentRestriction | prisma.recordedAssessmentAttempt,,yes,yes,unknown,unknown,false,true,referenced,,GREEN,LOW,src/app/api/admin/recorded-assessment/restrictions/route.ts:33 — POST /api/admin/recorded-assessment/restrictions,src/app/api/admin/recorded-assessment/restrictions/route.ts,33,1 statically matched caller(s).
API-01487,api_endpoint,/admin/recorded-assessment/restrictions,/api/admin/recorded-assessment/restrictions/:id,src/app/api/admin/recorded-assessment/restrictions/[id]/route.ts,Called by frontend screen(s),/api/admin/recorded-assessment/restrictions/:id,POST,,@/lib/auth | @/lib/apiSecurity | @/lib/auditLogger | @/lib/prisma,,,,prisma.recordedAssessmentRestriction,,yes,yes,unknown,yes,false,true,referenced,,GREEN,LOW,src/app/api/admin/recorded-assessment/restrictions/[id]/route.ts:22 — POST /api/admin/recorded-assessment/restrictions/:id,src/app/api/admin/recorded-assessment/restrictions/[id]/route.ts,22,1 statically matched caller(s).
API-01488,api_endpoint,/admin/referrals,/api/admin/referrals/analytics,src/app/api/admin/referrals/analytics/route.ts,Called by frontend screen(s),/api/admin/referrals/analytics,GET,,@/lib/auth | @/lib/prisma | @/lib/apiSecurity,,,,prisma.referralAttribution | prisma.referralReward | prisma.referralPayout,,yes,yes,unknown,unknown,false,true,referenced,,GREEN,LOW,src/app/api/admin/referrals/analytics/route.ts:6 — GET /api/admin/referrals/analytics,src/app/api/admin/referrals/analytics/route.ts,6,1 statically matched caller(s).
API-01489,api_endpoint,/admin/referrals,/api/admin/referrals/config,src/app/api/admin/referrals/config/route.ts,Called by frontend screen(s),/api/admin/referrals/config,GET,,@/lib/auth | @/lib/apiSecurity | @/lib/referral-rules,,,,,,yes,yes,unknown,unknown,false,true,referenced,,GREEN,LOW,src/app/api/admin/referrals/config/route.ts:23 — GET /api/admin/referrals/config,src/app/api/admin/referrals/config/route.ts,23,1 statically matched caller(s).
API-01490,api_endpoint,/admin/referrals,/api/admin/referrals/config,src/app/api/admin/referrals/config/route.ts,Called by frontend screen(s),/api/admin/referrals/config,PUT,,@/lib/auth | @/lib/apiSecurity | @/lib/referral-rules,,,,,,yes,yes,unknown,unknown,false,true,referenced,,GREEN,LOW,src/app/api/admin/referrals/config/route.ts:47 — PUT /api/admin/referrals/config,src/app/api/admin/referrals/config/route.ts,47,1 statically matched caller(s).
API-01491,api_endpoint,,/api/admin/referrals/fraud,src/app/api/admin/referrals/fraud/route.ts,No statically matched frontend caller,/api/admin/referrals/fraud,GET,,@/lib/auth | @/lib/referral-db | @/lib/apiSecurity,,,,,,yes,yes,unknown,unknown,false,true,referenced,,GREEN,LOW,src/app/api/admin/referrals/fraud/route.ts:10 — GET /api/admin/referrals/fraud,src/app/api/admin/referrals/fraud/route.ts,10,Endpoint may be orphaned or called dynamically.
API-01492,api_endpoint,,/api/admin/referrals/fraud,src/app/api/admin/referrals/fraud/route.ts,No statically matched frontend caller,/api/admin/referrals/fraud,POST,,@/lib/auth | @/lib/referral-db | @/lib/apiSecurity,,,,,,yes,yes,unknown,unknown,false,true,referenced,,GREEN,LOW,src/app/api/admin/referrals/fraud/route.ts:42 — POST /api/admin/referrals/fraud,src/app/api/admin/referrals/fraud/route.ts,42,Endpoint may be orphaned or called dynamically.
API-01493,api_endpoint,/admin/referrals,/api/admin/referrals/payouts,src/app/api/admin/referrals/payouts/route.ts,Called by frontend screen(s),/api/admin/referrals/payouts,GET,,@/lib/auth | @/lib/referral-db | @/lib/apiSecurity,,,,,,yes,yes,unknown,unknown,false,true,referenced,,GREEN,LOW,src/app/api/admin/referrals/payouts/route.ts:18 — GET /api/admin/referrals/payouts,src/app/api/admin/referrals/payouts/route.ts,18,1 statically matched caller(s).
API-01494,api_endpoint,/admin/referrals,/api/admin/referrals/payouts,src/app/api/admin/referrals/payouts/route.ts,Called by frontend screen(s),/api/admin/referrals/payouts,POST,,@/lib/auth | @/lib/referral-db | @/lib/apiSecurity,,,,,,yes,yes,unknown,unknown,false,true,referenced,,GREEN,LOW,src/app/api/admin/referrals/payouts/route.ts:42 — POST /api/admin/referrals/payouts,src/app/api/admin/referrals/payouts/route.ts,42,1 statically matched caller(s).
API-01495,api_endpoint,,/api/admin/release/status,src/app/api/admin/release/status/route.ts,No statically matched frontend caller,/api/admin/release/status,GET,,@/lib/routeAuthorization | @/lib/apiSecurity,,,,,,yes,yes,unknown,unknown,false,true,referenced,,GREEN,LOW,src/app/api/admin/release/status/route.ts:5 — GET /api/admin/release/status,src/app/api/admin/release/status/route.ts,5,Endpoint may be orphaned or called dynamically.
API-01496,api_endpoint,,/api/admin/revenue/audit-logs,src/app/api/admin/revenue/audit-logs/route.ts,No statically matched frontend caller,/api/admin/revenue/audit-logs,GET,,@/lib/routeAuthorization | @/lib/auditLogger | @/lib/apiSecurity,,,,,,yes,yes,unknown,unknown,false,false,referenced,,YELLOW,MEDIUM,src/app/api/admin/revenue/audit-logs/route.ts:6 — GET /api/admin/revenue/audit-logs,src/app/api/admin/revenue/audit-logs/route.ts,6,Endpoint may be orphaned or called dynamically.
API-01497,api_endpoint,,/api/admin/revenue/export,src/app/api/admin/revenue/export/route.ts,No statically matched frontend caller,/api/admin/revenue/export,GET,,@/lib/routeAuthorization | @/lib/apiSecurity | relative:_shared,,,,,,yes,yes,unknown,unknown,false,true,referenced,,GREEN,LOW,src/app/api/admin/revenue/export/route.ts:13 — GET /api/admin/revenue/export,src/app/api/admin/revenue/export/route.ts,13,Endpoint may be orphaned or called dynamically.
API-01498,api_endpoint,,/api/admin/revenue/job-boost,src/app/api/admin/revenue/job-boost/route.ts,No statically matched frontend caller,/api/admin/revenue/job-boost,GET,,@/lib/routeAuthorization | @/lib/apiSecurity | relative:_shared,,,WhatsApp Cloud API,,WhatsApp Cloud API,yes,yes,unknown,unknown,false,false,referenced,,YELLOW,MEDIUM,src/app/api/admin/revenue/job-boost/route.ts:75 — GET /api/admin/revenue/job-boost,src/app/api/admin/revenue/job-boost/route.ts,75,Endpoint may be orphaned or called dynamically.
API-01499,api_endpoint,,/api/admin/revenue/managed-hiring,src/app/api/admin/revenue/managed-hiring/route.ts,No statically matched frontend caller,/api/admin/revenue/managed-hiring,GET,,@/lib/routeAuthorization | @/lib/apiSecurity | relative:_shared,,,,,,yes,yes,unknown,unknown,false,true,referenced,,GREEN,LOW,src/app/api/admin/revenue/managed-hiring/route.ts:6 — GET /api/admin/revenue/managed-hiring,src/app/api/admin/revenue/managed-hiring/route.ts,6,Endpoint may be orphaned or called dynamically.
API-01500,api_endpoint,,/api/admin/revenue/mock-interviews,src/app/api/admin/revenue/mock-interviews/route.ts,No statically matched frontend caller,/api/admin/revenue/mock-interviews,GET,,@/lib/routeAuthorization | @/lib/apiSecurity | relative:_shared,,,,,,yes,yes,unknown,unknown,false,false,referenced,,YELLOW,MEDIUM,src/app/api/admin/revenue/mock-interviews/route.ts:90 — GET /api/admin/revenue/mock-interviews,src/app/api/admin/revenue/mock-interviews/route.ts,90,Endpoint may be orphaned or called dynamically.
API-01501,api_endpoint,,/api/admin/revenue/pph,src/app/api/admin/revenue/pph/route.ts,No statically matched frontend caller,/api/admin/revenue/pph,GET,,@/lib/routeAuthorization | @/lib/apiSecurity | relative:_shared,,,,,,yes,yes,unknown,unknown,false,true,referenced,,GREEN,LOW,src/app/api/admin/revenue/pph/route.ts:6 — GET /api/admin/revenue/pph,src/app/api/admin/revenue/pph/route.ts,6,Endpoint may be orphaned or called dynamically.
API-01502,api_endpoint,,/api/admin/revenue/subscriptions,src/app/api/admin/revenue/subscriptions/route.ts,No statically matched frontend caller,/api/admin/revenue/subscriptions,GET,,@/lib/routeAuthorization | @/lib/apiSecurity | relative:_shared,,,WhatsApp Cloud API,,WhatsApp Cloud API,yes,yes,unknown,unknown,false,false,referenced,,YELLOW,MEDIUM,src/app/api/admin/revenue/subscriptions/route.ts:151 — GET /api/admin/revenue/subscriptions,src/app/api/admin/revenue/subscriptions/route.ts,151,Endpoint may be orphaned or called dynamically.
API-01503,api_endpoint,,/api/admin/revenue/summary,src/app/api/admin/revenue/summary/route.ts,No statically matched frontend caller,/api/admin/revenue/summary,GET,,@/lib/routeAuthorization | @/lib/apiSecurity | relative:_shared,,,,,,yes,yes,unknown,unknown,false,true,referenced,,GREEN,LOW,src/app/api/admin/revenue/summary/route.ts:6 — GET /api/admin/revenue/summary,src/app/api/admin/revenue/summary/route.ts,6,Endpoint may be orphaned or called dynamically.
API-01504,api_endpoint,,/api/admin/revenue/transactions,src/app/api/admin/revenue/transactions/route.ts,No statically matched frontend caller,/api/admin/revenue/transactions,GET,,@/lib/routeAuthorization | @/lib/apiSecurity | relative:_shared,,,,,,yes,yes,unknown,unknown,false,true,referenced,,GREEN,LOW,src/app/api/admin/revenue/transactions/route.ts:6 — GET /api/admin/revenue/transactions,src/app/api/admin/revenue/transactions/route.ts,6,Endpoint may be orphaned or called dynamically.
API-01505,api_endpoint,/admin/settings/security,/api/admin/security/status,src/app/api/admin/security/status/route.ts,Called by frontend screen(s),/api/admin/security/status,GET,,@/lib/securityHeaders | @/lib/routeAuthorization | @/lib/apiSecurity,,,,,,yes,yes,unknown,unknown,false,true,referenced,,GREEN,LOW,src/app/api/admin/security/status/route.ts:13 — GET /api/admin/security/status,src/app/api/admin/security/status/route.ts,13,1 statically matched caller(s).
API-01506,api_endpoint,/admin/settings/security,/api/admin/security/status,src/app/api/admin/security/status/route.ts,Called by frontend screen(s),/api/admin/security/status,POST,,@/lib/securityHeaders | @/lib/routeAuthorization | @/lib/apiSecurity,,,,,,yes,yes,unknown,unknown,false,true,referenced,,GREEN,LOW,src/app/api/admin/security/status/route.ts:57 — POST /api/admin/security/status,src/app/api/admin/security/status/route.ts,57,1 statically matched caller(s).
API-01507,api_endpoint,/admin/subscriptions,/api/admin/subscription-plans,src/app/api/admin/subscription-plans/route.ts,Called by frontend screen(s),/api/admin/subscription-plans,GET,,@/lib/auth | @/lib/subscriptions-db | @/lib/apiSecurity | @/lib/payments/planContracts,,,,,,yes,yes,unknown,unknown,false,true,referenced,,GREEN,LOW,src/app/api/admin/subscription-plans/route.ts:8 — GET /api/admin/subscription-plans,src/app/api/admin/subscription-plans/route.ts,8,1 statically matched caller(s).
API-01508,api_endpoint,/admin/subscriptions,/api/admin/subscription-plans,src/app/api/admin/subscription-plans/route.ts,Called by frontend screen(s),/api/admin/subscription-plans,POST,,@/lib/auth | @/lib/subscriptions-db | @/lib/apiSecurity | @/lib/payments/planContracts,,,,,,yes,yes,unknown,unknown,false,true,referenced,,GREEN,LOW,src/app/api/admin/subscription-plans/route.ts:23 — POST /api/admin/subscription-plans,src/app/api/admin/subscription-plans/route.ts,23,1 statically matched caller(s).
API-01509,api_endpoint,/admin/subscriptions,/api/admin/subscription-plans,src/app/api/admin/subscription-plans/route.ts,Called by frontend screen(s),/api/admin/subscription-plans,PUT,,@/lib/auth | @/lib/subscriptions-db | @/lib/apiSecurity | @/lib/payments/planContracts,,,,,,yes,yes,unknown,unknown,false,true,referenced,,GREEN,LOW,src/app/api/admin/subscription-plans/route.ts:41 — PUT /api/admin/subscription-plans,src/app/api/admin/subscription-plans/route.ts,41,1 statically matched caller(s).
API-01510,api_endpoint,/admin/subscriptions,/api/admin/subscription-plans,src/app/api/admin/subscription-plans/route.ts,Called by frontend screen(s),/api/admin/subscription-plans,DELETE,,@/lib/auth | @/lib/subscriptions-db | @/lib/apiSecurity | @/lib/payments/planContracts,,,,,,yes,yes,unknown,unknown,false,true,referenced,,GREEN,LOW,src/app/api/admin/subscription-plans/route.ts:62 — DELETE /api/admin/subscription-plans,src/app/api/admin/subscription-plans/route.ts,62,1 statically matched caller(s).
API-01511,api_endpoint,/admin/subscriptions,/api/admin/subscriptions/settings,src/app/api/admin/subscriptions/settings/route.ts,Called by frontend screen(s),/api/admin/subscriptions/settings,GET,,@/lib/auth | @/lib/subscriptions-db | @/lib/apiSecurity,,,,,,yes,yes,unknown,unknown,false,true,referenced,,GREEN,LOW,src/app/api/admin/subscriptions/settings/route.ts:27 — GET /api/admin/subscriptions/settings,src/app/api/admin/subscriptions/settings/route.ts,27,1 statically matched caller(s).
API-01512,api_endpoint,/admin/subscriptions,/api/admin/subscriptions/settings,src/app/api/admin/subscriptions/settings/route.ts,Called by frontend screen(s),/api/admin/subscriptions/settings,POST,,@/lib/auth | @/lib/subscriptions-db | @/lib/apiSecurity,,,,,,yes,yes,unknown,unknown,false,true,referenced,,GREEN,LOW,src/app/api/admin/subscriptions/settings/route.ts:36 — POST /api/admin/subscriptions/settings,src/app/api/admin/subscriptions/settings/route.ts,36,1 statically matched caller(s).
API-01513,api_endpoint,/admin/subscriptions,/api/admin/subscriptions/settings,src/app/api/admin/subscriptions/settings/route.ts,Called by frontend screen(s),/api/admin/subscriptions/settings,PUT,,@/lib/auth | @/lib/subscriptions-db | @/lib/apiSecurity,,,,,,yes,yes,unknown,unknown,false,true,referenced,,GREEN,LOW,src/app/api/admin/subscriptions/settings/route.ts:52 — PUT /api/admin/subscriptions/settings,src/app/api/admin/subscriptions/settings/route.ts,52,1 statically matched caller(s).
API-01514,api_endpoint,/admin/subscriptions,/api/admin/subscriptions/settings,src/app/api/admin/subscriptions/settings/route.ts,Called by frontend screen(s),/api/admin/subscriptions/settings,DELETE,,@/lib/auth | @/lib/subscriptions-db | @/lib/apiSecurity,,,,,,yes,yes,unknown,unknown,false,true,referenced,,GREEN,LOW,src/app/api/admin/subscriptions/settings/route.ts:63 — DELETE /api/admin/subscriptions/settings,src/app/api/admin/subscriptions/settings/route.ts,63,1 statically matched caller(s).
API-01515,api_endpoint,/admin/system/queue-broker,/api/admin/system/queues,src/app/api/admin/system/queues/route.ts,Called by frontend screen(s),/api/admin/system/queues,GET,,@/lib/prisma | @/lib/routeAuthorization | @/lib/apiSecurity | @/lib/workflows/RecoveryWorkerState,Outbox,,WhatsApp Cloud API,prisma.outboxEntry | prisma.securityAuditOutboxEvent | prisma.whatsAppInboundEvent | prisma.videoAnalysisJob,WhatsApp Cloud API,yes,yes,unknown,unknown,false,true,referenced,,GREEN,LOW,src/app/api/admin/system/queues/route.ts:34 — GET /api/admin/system/queues,src/app/api/admin/system/queues/route.ts,34,1 statically matched caller(s).
API-01516,api_endpoint,/admin/system/infrastructure | /admin/system-health,/api/admin/system-health,src/app/api/admin/system-health/route.ts,Called by frontend screen(s),/api/admin/system-health,GET,,@/lib/prisma | @/lib/routeAuthorization | @/lib/apiSecurity,,,OpenAI,,OpenAI,yes,yes,unknown,unknown,false,true,referenced,,GREEN,LOW,src/app/api/admin/system-health/route.ts:6 — GET /api/admin/system-health,src/app/api/admin/system-health/route.ts,6,2 statically matched caller(s).
API-01517,api_endpoint,,/api/admin/tests/run,src/app/api/admin/tests/run/route.ts,No statically matched frontend caller,/api/admin/tests/run,POST,,@/lib/routeAuthorization | @/lib/apiSecurity,,,,,,yes,yes,unknown,unknown,false,true,referenced,,GREEN,LOW,src/app/api/admin/tests/run/route.ts:6 — POST /api/admin/tests/run,src/app/api/admin/tests/run/route.ts,6,Endpoint may be orphaned or called dynamically.
API-01518,api_endpoint,,/api/admin/typing-prompts,src/app/api/admin/typing-prompts/route.ts,No statically matched frontend caller,/api/admin/typing-prompts,GET,,@/lib/auth | @/lib/apiSecurity | @/lib/prisma | @/lib/auditLogger,,,,prisma.typingPracticePrompt,,yes,yes,unknown,unknown,false,true,referenced,,GREEN,LOW,src/app/api/admin/typing-prompts/route.ts:20 — GET /api/admin/typing-prompts,src/app/api/admin/typing-prompts/route.ts,20,Endpoint may be orphaned or called dynamically.
API-01519,api_endpoint,,/api/admin/typing-prompts,src/app/api/admin/typing-prompts/route.ts,No statically matched frontend caller,/api/admin/typing-prompts,POST,,@/lib/auth | @/lib/apiSecurity | @/lib/prisma | @/lib/auditLogger,,,,prisma.typingPracticePrompt,,yes,yes,unknown,unknown,false,true,referenced,,GREEN,LOW,src/app/api/admin/typing-prompts/route.ts:31 — POST /api/admin/typing-prompts,src/app/api/admin/typing-prompts/route.ts,31,Endpoint may be orphaned or called dynamically.
API-01520,api_endpoint,,/api/admin/typing-prompts/:id,src/app/api/admin/typing-prompts/[id]/route.ts,No statically matched frontend caller,/api/admin/typing-prompts/:id,PUT,,@/lib/auth | @/lib/apiSecurity | @/lib/prisma | @/lib/auditLogger,,,,,,yes,yes,unknown,yes,false,true,referenced,,GREEN,LOW,src/app/api/admin/typing-prompts/[id]/route.ts:21 — PUT /api/admin/typing-prompts/:id,src/app/api/admin/typing-prompts/[id]/route.ts,21,Endpoint may be orphaned or called dynamically.
API-01521,api_endpoint,,/api/admin/uploads/purge-infected,src/app/api/admin/uploads/purge-infected/route.ts,No statically matched frontend caller,/api/admin/uploads/purge-infected,POST,,@/lib/routeAuthorization | @/lib/apiSecurity | @/lib/auditLogger | @/lib/uploadSecurity,,,,,,yes,yes,unknown,unknown,false,true,referenced,,GREEN,LOW,src/app/api/admin/uploads/purge-infected/route.ts:13 — POST /api/admin/uploads/purge-infected,src/app/api/admin/uploads/purge-infected/route.ts,13,Endpoint may be orphaned or called dynamically.
API-01522,api_endpoint,,/api/admin/uploads/rescan,src/app/api/admin/uploads/rescan/route.ts,No statically matched frontend caller,/api/admin/uploads/rescan,POST,,@/lib/routeAuthorization | @/lib/apiSecurity | @/lib/auditLogger | @/lib/uploadSecurity,,,,,,yes,yes,unknown,unknown,false,true,referenced,,GREEN,LOW,src/app/api/admin/uploads/rescan/route.ts:10 — POST /api/admin/uploads/rescan,src/app/api/admin/uploads/rescan/route.ts,10,Endpoint may be orphaned or called dynamically.
API-01523,api_endpoint,/admin/signups | /admin/users,/api/admin/users,src/app/api/admin/users/route.ts,Called by frontend screen(s),/api/admin/users,GET,,@/lib/routeAuthorization | @/lib/apiSecurity | @/lib/prisma,,,,prisma.user,,yes,yes,unknown,unknown,false,true,referenced,,GREEN,LOW,src/app/api/admin/users/route.ts:13 — GET /api/admin/users,src/app/api/admin/users/route.ts,13,2 statically matched caller(s).
API-01524,api_endpoint,/admin/settings/llm-usage,/api/agents/dispatch,src/app/api/agents/dispatch/route.ts,Called by frontend screen(s),/api/agents/dispatch,POST,,@/lib/agents/ExecutionLoop | @/lib/security/TenantContext | @/lib/prisma | @/lib/governance/AiEntitlements | @/lib/redis,TenantContext | ExecutionLoop,,,prisma.employerProfile,,yes,yes,yes,yes,false,true,referenced,,GREEN,LOW,src/app/api/agents/dispatch/route.ts:45 — POST /api/agents/dispatch,src/app/api/agents/dispatch/route.ts,45,1 statically matched caller(s).
API-01525,api_endpoint,/admin/agreements/builder | /admin/managed-hiring/agreements/builder | /employer/employer-subscription-and-plans | /employer/managed-hiring/agreements/:id | /employer/managed-hiring/join | /employer/managed-hiring,/api/agreements/contracts,src/app/api/agreements/contracts/route.ts,Called by frontend screen(s),/api/agreements/contracts,GET,,@/lib/agreements-db | @/lib/routeAuthorization | @/lib/apiSecurity | @/lib/prisma,,,,prisma.company | prisma.hiringRequirement,,yes,yes,yes,yes,false,true,referenced,,GREEN,LOW,src/app/api/agreements/contracts/route.ts:8 — GET /api/agreements/contracts,src/app/api/agreements/contracts/route.ts,8,6 statically matched caller(s).
API-01526,api_endpoint,/admin/agreements/builder | /admin/managed-hiring/agreements/builder | /employer/employer-subscription-and-plans | /employer/managed-hiring/agreements/:id | /employer/managed-hiring/join | /employer/managed-hiring,/api/agreements/contracts,src/app/api/agreements/contracts/route.ts,Called by frontend screen(s),/api/agreements/contracts,POST,,@/lib/agreements-db | @/lib/routeAuthorization | @/lib/apiSecurity | @/lib/prisma,,,,prisma.company | prisma.hiringRequirement,,yes,yes,yes,yes,false,true,referenced,,GREEN,LOW,src/app/api/agreements/contracts/route.ts:40 — POST /api/agreements/contracts,src/app/api/agreements/contracts/route.ts,40,6 statically matched caller(s).
API-01527,api_endpoint,/admin/managed-hiring/agreements/builder | /employer/managed-hiring/agreements/:id,/api/agreements/contracts/:id,src/app/api/agreements/contracts/[id]/route.ts,Called by frontend screen(s),/api/agreements/contracts/:id,GET,,@/lib/agreements-db | @/lib/routeAuthorization | @/lib/apiSecurity | @/lib/communications/dispatcher | @/lib/env,,,WhatsApp Cloud API,,WhatsApp Cloud API,yes,yes,yes,yes,false,true,referenced,,GREEN,LOW,src/app/api/agreements/contracts/[id]/route.ts:38 — GET /api/agreements/contracts/:id,src/app/api/agreements/contracts/[id]/route.ts,38,2 statically matched caller(s).
API-01528,api_endpoint,/admin/managed-hiring/agreements/builder | /employer/managed-hiring/agreements/:id,/api/agreements/contracts/:id,src/app/api/agreements/contracts/[id]/route.ts,Called by frontend screen(s),/api/agreements/contracts/:id,PUT,,@/lib/agreements-db | @/lib/routeAuthorization | @/lib/apiSecurity | @/lib/communications/dispatcher | @/lib/env,,,WhatsApp Cloud API,,WhatsApp Cloud API,yes,yes,yes,yes,false,true,referenced,,GREEN,LOW,src/app/api/agreements/contracts/[id]/route.ts:69 — PUT /api/agreements/contracts/:id,src/app/api/agreements/contracts/[id]/route.ts,69,2 statically matched caller(s).
API-01529,api_endpoint,/admin/managed-hiring/agreements/builder | /employer/managed-hiring/agreements/:id,/api/agreements/contracts/:id,src/app/api/agreements/contracts/[id]/route.ts,Called by frontend screen(s),/api/agreements/contracts/:id,POST,,@/lib/agreements-db | @/lib/routeAuthorization | @/lib/apiSecurity | @/lib/communications/dispatcher | @/lib/env,,,WhatsApp Cloud API,,WhatsApp Cloud API,yes,yes,yes,yes,false,true,referenced,,GREEN,LOW,src/app/api/agreements/contracts/[id]/route.ts:101 — POST /api/agreements/contracts/:id,src/app/api/agreements/contracts/[id]/route.ts,101,2 statically matched caller(s).
API-01530,api_endpoint,/admin/agreements/builder | /admin/managed-hiring/agreements/builder | /admin/managed-hiring/pipeline | /admin/managed-hiring/requests | /employer/managed-hiring | /employer/managed-hiring/request,/api/agreements/requirements,src/app/api/agreements/requirements/route.ts,Called by frontend screen(s),/api/agreements/requirements,GET,,@/lib/agreements-db | @/lib/routeAuthorization | @/lib/apiSecurity | @/lib/prisma,,,,prisma.company,,yes,yes,yes,yes,false,true,referenced,,GREEN,LOW,src/app/api/agreements/requirements/route.ts:8 — GET /api/agreements/requirements,src/app/api/agreements/requirements/route.ts,8,6 statically matched caller(s).
API-01531,api_endpoint,/admin/agreements/builder | /admin/managed-hiring/agreements/builder | /admin/managed-hiring/pipeline | /admin/managed-hiring/requests | /employer/managed-hiring | /employer/managed-hiring/request,/api/agreements/requirements,src/app/api/agreements/requirements/route.ts,Called by frontend screen(s),/api/agreements/requirements,POST,,@/lib/agreements-db | @/lib/routeAuthorization | @/lib/apiSecurity | @/lib/prisma,,,,prisma.company,,yes,yes,yes,yes,false,true,referenced,,GREEN,LOW,src/app/api/agreements/requirements/route.ts:29 — POST /api/agreements/requirements,src/app/api/agreements/requirements/route.ts,29,6 statically matched caller(s).
API-01532,api_endpoint,/admin/managed-hiring/agreements/builder,/api/agreements/requirements/:id,src/app/api/agreements/requirements/[id]/route.ts,Called by frontend screen(s),/api/agreements/requirements/:id,GET,,@/lib/agreements-db | @/lib/routeAuthorization | @/lib/apiSecurity,,,,,,yes,yes,yes,unknown,false,true,referenced,,GREEN,LOW,src/app/api/agreements/requirements/[id]/route.ts:6 — GET /api/agreements/requirements/:id,src/app/api/agreements/requirements/[id]/route.ts,6,1 statically matched caller(s).
API-01533,api_endpoint,/admin/managed-hiring/agreements/builder,/api/agreements/requirements/:id,src/app/api/agreements/requirements/[id]/route.ts,Called by frontend screen(s),/api/agreements/requirements/:id,PATCH,,@/lib/agreements-db | @/lib/routeAuthorization | @/lib/apiSecurity,,,,,,yes,yes,yes,unknown,false,true,referenced,,GREEN,LOW,src/app/api/agreements/requirements/[id]/route.ts:27 — PATCH /api/agreements/requirements/:id,src/app/api/agreements/requirements/[id]/route.ts,27,1 statically matched caller(s).
API-01534,api_endpoint,/admin/agreements/builder | /admin/agreements/templates | /admin/managed-hiring/agreements/builder | /admin/managed-hiring/templates,/api/agreements/templates,src/app/api/agreements/templates/route.ts,Called by frontend screen(s),/api/agreements/templates,GET,,@/lib/agreements-db | @/lib/routeAuthorization | @/lib/apiSecurity,,,,,,yes,yes,unknown,unknown,false,true,referenced,,GREEN,LOW,src/app/api/agreements/templates/route.ts:6 — GET /api/agreements/templates,src/app/api/agreements/templates/route.ts,6,4 statically matched caller(s).
API-01535,api_endpoint,/admin/agreements/builder | /admin/agreements/templates | /admin/managed-hiring/agreements/builder | /admin/managed-hiring/templates,/api/agreements/templates,src/app/api/agreements/templates/route.ts,Called by frontend screen(s),/api/agreements/templates,POST,,@/lib/agreements-db | @/lib/routeAuthorization | @/lib/apiSecurity,,,,,,yes,yes,unknown,unknown,false,true,referenced,,GREEN,LOW,src/app/api/agreements/templates/route.ts:18 — POST /api/agreements/templates,src/app/api/agreements/templates/route.ts,18,4 statically matched caller(s).
API-01536,api_endpoint,/admin/managed-hiring/templates,/api/agreements/templates/:id,src/app/api/agreements/templates/[id]/route.ts,Called by frontend screen(s),/api/agreements/templates/:id,GET,,@/lib/agreements-db | @/lib/routeAuthorization | @/lib/apiSecurity,,,,,,yes,yes,unknown,yes,false,true,referenced,,GREEN,LOW,src/app/api/agreements/templates/[id]/route.ts:6 — GET /api/agreements/templates/:id,src/app/api/agreements/templates/[id]/route.ts,6,1 statically matched caller(s).
API-01537,api_endpoint,/admin/managed-hiring/templates,/api/agreements/templates/:id,src/app/api/agreements/templates/[id]/route.ts,Called by frontend screen(s),/api/agreements/templates/:id,PUT,,@/lib/agreements-db | @/lib/routeAuthorization | @/lib/apiSecurity,,,,,,yes,yes,unknown,yes,false,true,referenced,,GREEN,LOW,src/app/api/agreements/templates/[id]/route.ts:23 — PUT /api/agreements/templates/:id,src/app/api/agreements/templates/[id]/route.ts,23,1 statically matched caller(s).
API-01538,api_endpoint,/admin/managed-hiring/templates,/api/agreements/templates/:id,src/app/api/agreements/templates/[id]/route.ts,Called by frontend screen(s),/api/agreements/templates/:id,POST,,@/lib/agreements-db | @/lib/routeAuthorization | @/lib/apiSecurity,,,,,,yes,yes,unknown,yes,false,true,referenced,,GREEN,LOW,src/app/api/agreements/templates/[id]/route.ts:47 — POST /api/agreements/templates/:id,src/app/api/agreements/templates/[id]/route.ts,47,1 statically matched caller(s).
API-01539,api_endpoint,/admin/managed-hiring/templates,/api/agreements/templates/:id,src/app/api/agreements/templates/[id]/route.ts,Called by frontend screen(s),/api/agreements/templates/:id,DELETE,,@/lib/agreements-db | @/lib/routeAuthorization | @/lib/apiSecurity,,,,,,yes,yes,unknown,yes,false,true,referenced,,GREEN,LOW,src/app/api/agreements/templates/[id]/route.ts:74 — DELETE /api/agreements/templates/:id,src/app/api/agreements/templates/[id]/route.ts,74,1 statically matched caller(s).
API-01540,api_endpoint,/applications | /applications/timeline | /dashboard | /jobs | /jobs/saved | /jobs/:id/apply | /jobs/:id,/api/applications,src/app/api/applications/route.ts,Called by frontend screen(s),/api/applications,GET,,@/lib/prisma | @/lib/communications/dispatcher,RosGateway,,WhatsApp Cloud API,prisma.candidateProfile | prisma.application | prisma.jobListing | prisma.candidateReadiness | prisma.user | prisma.company,WhatsApp Cloud API,yes,yes,yes,yes,false,true,referenced,,GREEN,LOW,src/app/api/applications/route.ts:16 — GET /api/applications,src/app/api/applications/route.ts,16,7 statically matched caller(s).
API-01541,api_endpoint,/applications | /applications/timeline | /dashboard | /jobs | /jobs/saved | /jobs/:id/apply | /jobs/:id,/api/applications,src/app/api/applications/route.ts,Called by frontend screen(s),/api/applications,POST,,@/lib/prisma | @/lib/communications/dispatcher,RosGateway,,WhatsApp Cloud API,prisma.candidateProfile | prisma.application | prisma.jobListing | prisma.candidateReadiness | prisma.user | prisma.company,WhatsApp Cloud API,yes,yes,yes,yes,false,true,referenced,,GREEN,LOW,src/app/api/applications/route.ts:48 — POST /api/applications,src/app/api/applications/route.ts,48,7 statically matched caller(s).
API-01542,api_endpoint,/applications | /applications/timeline | /dashboard | /jobs | /jobs/saved | /jobs/:id/apply | /jobs/:id,/api/applications,src/app/api/applications/route.ts,Called by frontend screen(s),/api/applications,PATCH,,@/lib/prisma | @/lib/communications/dispatcher,RosGateway,,WhatsApp Cloud API,prisma.candidateProfile | prisma.application | prisma.jobListing | prisma.candidateReadiness | prisma.user | prisma.company,WhatsApp Cloud API,yes,yes,yes,yes,false,true,referenced,,GREEN,LOW,src/app/api/applications/route.ts:133 — PATCH /api/applications,src/app/api/applications/route.ts,133,7 statically matched caller(s).
API-01543,api_endpoint,/assessment/mcq,/api/assessment/mcq/assigned,src/app/api/assessment/mcq/assigned/route.ts,Called by frontend screen(s),/api/assessment/mcq/assigned,GET,,@/lib/prisma | @/lib/auth | @/lib/apiSecurity,,,,prisma.candidateProfile | prisma.application | prisma.mcqAttempt,,yes,yes,unknown,yes,false,true,referenced,,GREEN,LOW,src/app/api/assessment/mcq/assigned/route.ts:15 — GET /api/assessment/mcq/assigned,src/app/api/assessment/mcq/assigned/route.ts,15,1 statically matched caller(s).
API-01544,api_endpoint,/assessment/mcq/active,/api/assessment/mcq/start,src/app/api/assessment/mcq/start/route.ts,Called by frontend screen(s),/api/assessment/mcq/start,POST,,@/lib/prisma | @/lib/auth | @/lib/apiSecurity | @/lib/auditLogger,,,,prisma.candidateProfile | prisma.mcqAssessment | prisma.application | prisma.candidateReadiness | prisma.mcqAttempt,,yes,yes,unknown,yes,false,true,referenced,,GREEN,LOW,src/app/api/assessment/mcq/start/route.ts:12 — POST /api/assessment/mcq/start,src/app/api/assessment/mcq/start/route.ts,12,1 statically matched caller(s).
API-01545,api_endpoint,/assessment/mcq/active,/api/assessment/mcq/submit,src/app/api/assessment/mcq/submit/route.ts,Called by frontend screen(s),/api/assessment/mcq/submit,POST,,@/lib/prisma | @/lib/auth | @/lib/apiSecurity | @/lib/auditLogger,,,,prisma.candidateProfile | prisma.mcqAttempt | prisma.candidateReadiness,,yes,yes,unknown,yes,false,true,referenced,,GREEN,LOW,src/app/api/assessment/mcq/submit/route.ts:18 — POST /api/assessment/mcq/submit,src/app/api/assessment/mcq/submit/route.ts,18,1 statically matched caller(s).
API-01546,api_endpoint,/ai/mock-interview/active,/api/assessment/mock-interview/finish,src/app/api/assessment/mock-interview/finish/route.ts,Called by frontend screen(s),/api/assessment/mock-interview/finish,POST,,@/lib/auth | @/lib/apiSecurity | @/lib/prisma | @/lib/auditLogger,,,,prisma.mockInterviewSession | prisma.candidateProfile,,yes,yes,unknown,yes,false,true,referenced,,GREEN,LOW,src/app/api/assessment/mock-interview/finish/route.ts:12 — POST /api/assessment/mock-interview/finish,src/app/api/assessment/mock-interview/finish/route.ts,12,1 statically matched caller(s).
API-01547,api_endpoint,/ai/mock-interview/active | /ai/mock-interview/setup | /ai/mock-interview/summary,/api/assessment/mock-interview/session,src/app/api/assessment/mock-interview/session/route.ts,Called by frontend screen(s),/api/assessment/mock-interview/session,GET,,@/lib/auth | @/lib/apiSecurity | @/lib/prisma,,,,prisma.candidateProfile | prisma.mockInterviewSession,,yes,yes,unknown,yes,false,true,referenced,,GREEN,LOW,src/app/api/assessment/mock-interview/session/route.ts:11 — GET /api/assessment/mock-interview/session,src/app/api/assessment/mock-interview/session/route.ts,11,3 statically matched caller(s).
API-01548,api_endpoint,/ai/mock-interview/setup,/api/assessment/mock-interview/start,src/app/api/assessment/mock-interview/start/route.ts,Called by frontend screen(s),/api/assessment/mock-interview/start,POST,,@/lib/auth | @/lib/apiSecurity | @/lib/prisma,,,,prisma.candidateProfile | prisma.mockInterviewSession,,yes,yes,unknown,yes,false,true,referenced,,GREEN,LOW,src/app/api/assessment/mock-interview/start/route.ts:13 — POST /api/assessment/mock-interview/start,src/app/api/assessment/mock-interview/start/route.ts,13,1 statically matched caller(s).
API-01549,api_endpoint,/ai/mock-interview/active,/api/assessment/mock-interview/turn,src/app/api/assessment/mock-interview/turn/route.ts,Called by frontend screen(s),/api/assessment/mock-interview/turn,POST,,@/lib/auth | @/lib/apiSecurity | @/lib/prisma,,,,prisma.mockInterviewSession | prisma.candidateProfile,,yes,yes,unknown,yes,false,true,referenced,,GREEN,LOW,src/app/api/assessment/mock-interview/turn/route.ts:51 — POST /api/assessment/mock-interview/turn,src/app/api/assessment/mock-interview/turn/route.ts,51,1 statically matched caller(s).
API-01550,api_endpoint,/assessment/typing/active,/api/assessment/typing/prompt,src/app/api/assessment/typing/prompt/route.ts,Called by frontend screen(s),/api/assessment/typing/prompt,GET,,@/lib/auth | @/lib/apiSecurity | @/lib/prisma,,,,prisma.typingPracticePrompt,,yes,yes,unknown,unknown,false,true,referenced,,GREEN,LOW,src/app/api/assessment/typing/prompt/route.ts:6 — GET /api/assessment/typing/prompt,src/app/api/assessment/typing/prompt/route.ts,6,1 statically matched caller(s).
API-01551,api_endpoint,/assessment/typing/active,/api/assessment/typing/submit,src/app/api/assessment/typing/submit/route.ts,Called by frontend screen(s),/api/assessment/typing/submit,POST,,@/lib/auth | @/lib/apiSecurity | @/lib/prisma | @/lib/auditLogger,,,,prisma.typingPracticePrompt | prisma.candidateProfile | prisma.typingAssessment,,yes,yes,unknown,yes,false,true,referenced,,GREEN,LOW,src/app/api/assessment/typing/submit/route.ts:16 — POST /api/assessment/typing/submit,src/app/api/assessment/typing/submit/route.ts,16,1 statically matched caller(s).
API-01552,api_endpoint,/assessment/typing/active | /assessment/typing/results,/api/assessment/typing/:id,src/app/api/assessment/typing/[id]/route.ts,Called by frontend screen(s),/api/assessment/typing/:id,GET,,@/lib/prisma | @/lib/auth | @/lib/apiSecurity,,,,prisma.typingAssessment,,yes,yes,unknown,unknown,false,true,referenced,,GREEN,LOW,src/app/api/assessment/typing/[id]/route.ts:6 — GET /api/assessment/typing/:id,src/app/api/assessment/typing/[id]/route.ts,6,2 statically matched caller(s).
API-01553,api_endpoint,/employer/employer-registration-company-info,/api/auth/employer-register,src/app/api/auth/employer-register/route.ts,Called by frontend screen(s),/api/auth/employer-register,POST,,@/lib/prisma | @/lib/auth | @/lib/otp | @/lib/apiSecurity | @/lib/referral-db | @/lib/dev-employer-store,,,,prisma.user,,no/unknown,yes,yes,yes,false,true,referenced,,GREEN,LOW,src/app/api/auth/employer-register/route.ts:16 — POST /api/auth/employer-register,src/app/api/auth/employer-register/route.ts,16,1 statically matched caller(s).
API-01554,api_endpoint,/forgot-password/otp | /forgot-password,/api/auth/forgot-password,src/app/api/auth/forgot-password/route.ts,Called by frontend screen(s),/api/auth/forgot-password,POST,,@/lib/prisma | @/lib/otp | @/lib/apiSecurity,,,,db.findUserByEmail,,no/unknown,unknown,unknown,unknown,false,true,referenced,,GREEN,LOW,src/app/api/auth/forgot-password/route.ts:11 — POST /api/auth/forgot-password,src/app/api/auth/forgot-password/route.ts,11,2 statically matched caller(s).
API-01555,api_endpoint,/admin/login | /employer/employer-sign-in | /login,/api/auth/login,src/app/api/auth/login/route.ts,Called by frontend screen(s),/api/auth/login,POST,,@/lib/prisma | @/lib/auth | @/lib/apiSecurity | @/lib/auditLogger | @/lib/loginProtection,,,,db.findUserByEmail,,yes,yes,unknown,unknown,false,true,referenced,,GREEN,LOW,src/app/api/auth/login/route.ts:19 — POST /api/auth/login,src/app/api/auth/login/route.ts,19,3 statically matched caller(s).
API-01556,api_endpoint,/dashboard,/api/auth/logout,src/app/api/auth/logout/route.ts,Called by frontend screen(s),/api/auth/logout,POST,,@/lib/auth | @/lib/auditLogger | @/lib/apiSecurity,,,,,,yes,unknown,unknown,unknown,false,true,referenced,,GREEN,LOW,src/app/api/auth/logout/route.ts:6 — POST /api/auth/logout,src/app/api/auth/logout/route.ts,6,1 statically matched caller(s).
API-01557,api_endpoint,/employer/team-members-management,/api/auth/me,src/app/api/auth/me/route.ts,Called by frontend screen(s),/api/auth/me,GET,,@/lib/auth,,,,,,yes,unknown,unknown,unknown,false,false,referenced,,YELLOW,MEDIUM,src/app/api/auth/me/route.ts:4 — GET /api/auth/me,src/app/api/auth/me/route.ts,4,1 statically matched caller(s).
API-01558,api_endpoint,/register,/api/auth/register,src/app/api/auth/register/route.ts,Called by frontend screen(s),/api/auth/register,POST,,@/lib/prisma | @/lib/auth | @/lib/apiSecurity | @/lib/auditLogger | @/lib/referral-db | @/lib/otp,,,,prisma.candidateProfile | db.findUserByEmail | db.createUser,,no/unknown,yes,unknown,unknown,false,true,referenced,,GREEN,LOW,src/app/api/auth/register/route.ts:17 — POST /api/auth/register,src/app/api/auth/register/route.ts,17,1 statically matched caller(s).
API-01559,api_endpoint,/reset-password,/api/auth/reset-password,src/app/api/auth/reset-password/route.ts,Called by frontend screen(s),/api/auth/reset-password,POST,,@/lib/prisma | @/lib/otp | @/lib/auth | @/lib/apiSecurity | @/lib/securityAuditOutbox,Outbox,,,db.findUserByEmail,,no/unknown,unknown,unknown,unknown,false,true,referenced,,GREEN,LOW,src/app/api/auth/reset-password/route.ts:15 — POST /api/auth/reset-password,src/app/api/auth/reset-password/route.ts,15,1 statically matched caller(s).
API-01560,api_endpoint,/otp,/api/auth/send-verification-otp,src/app/api/auth/send-verification-otp/route.ts,Called by frontend screen(s),/api/auth/send-verification-otp,POST,,@/lib/prisma | @/lib/otp | @/lib/apiSecurity,,,,db.findUserByEmail,,no/unknown,unknown,unknown,unknown,false,true,referenced,,GREEN,LOW,src/app/api/auth/send-verification-otp/route.ts:9 — POST /api/auth/send-verification-otp,src/app/api/auth/send-verification-otp/route.ts,9,1 statically matched caller(s).
API-01561,api_endpoint,/employer/employer-registration-otp-verification | /forgot-password/otp | /otp,/api/auth/verify-otp,src/app/api/auth/verify-otp/route.ts,Called by frontend screen(s),/api/auth/verify-otp,POST,,@/lib/otp | @/lib/prisma | @/lib/auth | @/lib/apiSecurity | @/lib/dev-employer-store,,,,prisma.user | db.findUserByEmail,,yes,yes,unknown,unknown,false,true,referenced,,GREEN,LOW,src/app/api/auth/verify-otp/route.ts:15 — POST /api/auth/verify-otp,src/app/api/auth/verify-otp/route.ts,15,3 statically matched caller(s).
API-01562,api_endpoint,/dashboard,/api/candidate/availability,src/app/api/candidate/availability/route.ts,Called by frontend screen(s),/api/candidate/availability,GET,,@/lib/prisma | @/lib/auth | @/lib/apiSecurity | @/lib/auditLogger,,,,prisma.candidateProfile,,yes,yes,unknown,yes,false,true,referenced,,GREEN,LOW,src/app/api/candidate/availability/route.ts:21 — GET /api/candidate/availability,src/app/api/candidate/availability/route.ts,21,1 statically matched caller(s).
API-01563,api_endpoint,/dashboard,/api/candidate/availability,src/app/api/candidate/availability/route.ts,Called by frontend screen(s),/api/candidate/availability,PUT,,@/lib/prisma | @/lib/auth | @/lib/apiSecurity | @/lib/auditLogger,,,,prisma.candidateProfile,,yes,yes,unknown,yes,false,true,referenced,,GREEN,LOW,src/app/api/candidate/availability/route.ts:29 — PUT /api/candidate/availability,src/app/api/candidate/availability/route.ts,29,1 statically matched caller(s).
API-01564,api_endpoint,/credits,/api/candidate/credits,src/app/api/candidate/credits/route.ts,Called by frontend screen(s),/api/candidate/credits,GET,,@/lib/auth | @/lib/apiSecurity | @/lib/prisma,,,,prisma.candidateProfile | prisma.candidateCreditWallet | prisma.candidateCreditLedger | prisma.candidateServiceCatalog,,yes,yes,unknown,yes,false,true,referenced,,GREEN,LOW,src/app/api/candidate/credits/route.ts:14 — GET /api/candidate/credits,src/app/api/candidate/credits/route.ts,14,1 statically matched caller(s).
API-01565,api_endpoint,/dashboard | /jobs/:id/apply | /onboarding/education | /onboarding/experience | /onboarding/personal-details | /onboarding/preferences | /onboarding/resume-upload | /onboarding/role-select | /onboarding/skills | /profile | /settings,/api/candidate/profile,src/app/api/candidate/profile/route.ts,Called by frontend screen(s),/api/candidate/profile,GET,,@/lib/prisma,,,,prisma.candidateProfile,,yes,yes,unknown,yes,false,true,referenced,,GREEN,LOW,src/app/api/candidate/profile/route.ts:36 — GET /api/candidate/profile,src/app/api/candidate/profile/route.ts,36,11 statically matched caller(s).
API-01566,api_endpoint,/dashboard | /jobs/:id/apply | /onboarding/education | /onboarding/experience | /onboarding/personal-details | /onboarding/preferences | /onboarding/resume-upload | /onboarding/role-select | /onboarding/skills | /profile | /settings,/api/candidate/profile,src/app/api/candidate/profile/route.ts,Called by frontend screen(s),/api/candidate/profile,PUT,,@/lib/prisma,,,,prisma.candidateProfile,,yes,yes,unknown,yes,false,true,referenced,,GREEN,LOW,src/app/api/candidate/profile/route.ts:51 — PUT /api/candidate/profile,src/app/api/candidate/profile/route.ts,51,11 statically matched caller(s).
API-01567,api_endpoint,/assessment/readiness,/api/candidate/readiness,src/app/api/candidate/readiness/route.ts,Called by frontend screen(s),/api/candidate/readiness,GET,,@/lib/prisma | @/lib/auth | @/lib/apiSecurity,,,,prisma.candidateProfile | prisma.mcqAssessment | prisma.candidateReadiness,,yes,yes,unknown,yes,false,true,referenced,,GREEN,LOW,src/app/api/candidate/readiness/route.ts:20 — GET /api/candidate/readiness,src/app/api/candidate/readiness/route.ts,20,1 statically matched caller(s).
API-01568,api_endpoint,/assessment/readiness,/api/candidate/readiness,src/app/api/candidate/readiness/route.ts,Called by frontend screen(s),/api/candidate/readiness,POST,,@/lib/prisma | @/lib/auth | @/lib/apiSecurity,,,,prisma.candidateProfile | prisma.mcqAssessment | prisma.candidateReadiness,,yes,yes,unknown,yes,false,true,referenced,,GREEN,LOW,src/app/api/candidate/readiness/route.ts:41 — POST /api/candidate/readiness,src/app/api/candidate/readiness/route.ts,41,1 statically matched caller(s).
API-01569,api_endpoint,,/api/candidate/recommended-jobs,src/app/api/candidate/recommended-jobs/route.ts,No statically matched frontend caller,/api/candidate/recommended-jobs,GET,,@/lib/auth | @/lib/apiSecurity | @/lib/prisma | @/lib/matching/JobMatchingEngine,,,,prisma.candidateProfile | prisma.jobListing,,yes,yes,unknown,yes,false,true,referenced,,GREEN,LOW,src/app/api/candidate/recommended-jobs/route.ts:7 — GET /api/candidate/recommended-jobs,src/app/api/candidate/recommended-jobs/route.ts,7,Endpoint may be orphaned or called dynamically.
API-01570,api_endpoint,/video-assessment/active,/api/candidate/recorded-assessment/attempts,src/app/api/candidate/recorded-assessment/attempts/route.ts,Called by frontend screen(s),/api/candidate/recorded-assessment/attempts,POST,,@/lib/auth | @/lib/apiSecurity | @/lib/recordedAssessment,,,,,,yes,yes,unknown,unknown,false,true,referenced,,GREEN,LOW,src/app/api/candidate/recorded-assessment/attempts/route.ts:9 — POST /api/candidate/recorded-assessment/attempts,src/app/api/candidate/recorded-assessment/attempts/route.ts,9,1 statically matched caller(s).
API-01571,api_endpoint,,/api/candidate/recorded-assessment/attempts/:id/complete,src/app/api/candidate/recorded-assessment/attempts/[id]/complete/route.ts,No statically matched frontend caller,/api/candidate/recorded-assessment/attempts/:id/complete,POST,,@/lib/auth | @/lib/apiSecurity | @/lib/prisma,,,,prisma.recordedAssessmentAttempt,,yes,yes,unknown,unknown,false,true,referenced,,GREEN,LOW,src/app/api/candidate/recorded-assessment/attempts/[id]/complete/route.ts:6 — POST /api/candidate/recorded-assessment/attempts/:id/complete,src/app/api/candidate/recorded-assessment/attempts/[id]/complete/route.ts,6,Endpoint may be orphaned or called dynamically.
API-01572,api_endpoint,,/api/candidate/recorded-assessment/attempts/:id/proctoring,src/app/api/candidate/recorded-assessment/attempts/[id]/proctoring/route.ts,No statically matched frontend caller,/api/candidate/recorded-assessment/attempts/:id/proctoring,POST,,@/lib/auth | @/lib/apiSecurity | @/lib/prisma,,,,,,yes,yes,unknown,yes,false,true,referenced,,GREEN,LOW,src/app/api/candidate/recorded-assessment/attempts/[id]/proctoring/route.ts:22 — POST /api/candidate/recorded-assessment/attempts/:id/proctoring,src/app/api/candidate/recorded-assessment/attempts/[id]/proctoring/route.ts,22,Endpoint may be orphaned or called dynamically.
API-01573,api_endpoint,,/api/candidate/recorded-assessment/attempts/:id/responses,src/app/api/candidate/recorded-assessment/attempts/[id]/responses/route.ts,No statically matched frontend caller,/api/candidate/recorded-assessment/attempts/:id/responses,POST,,@/lib/auth | @/lib/apiSecurity | @/lib/prisma | @/lib/recordedAssessmentAnalysis,,,,prisma.recordedAssessmentAttempt | prisma.storedFile | prisma.recordedAssessmentResponse,,yes,yes,unknown,yes,false,true,referenced,,GREEN,LOW,src/app/api/candidate/recorded-assessment/attempts/[id]/responses/route.ts:15 — POST /api/candidate/recorded-assessment/attempts/:id/responses,src/app/api/candidate/recorded-assessment/attempts/[id]/responses/route.ts,15,Endpoint may be orphaned or called dynamically.
API-01574,api_endpoint,/video-assessment/active,/api/candidate/recorded-assessment/attempts/:id,src/app/api/candidate/recorded-assessment/attempts/[id]/route.ts,Called by frontend screen(s),/api/candidate/recorded-assessment/attempts/:id,GET,,@/lib/auth | @/lib/apiSecurity | @/lib/prisma,,,,prisma.recordedAssessmentAttempt,,yes,yes,unknown,unknown,false,true,referenced,,GREEN,LOW,src/app/api/candidate/recorded-assessment/attempts/[id]/route.ts:6 — GET /api/candidate/recorded-assessment/attempts/:id,src/app/api/candidate/recorded-assessment/attempts/[id]/route.ts,6,1 statically matched caller(s).
API-01575,api_endpoint,,/api/candidate/recorded-assessment/attempts/:id/start,src/app/api/candidate/recorded-assessment/attempts/[id]/start/route.ts,No statically matched frontend caller,/api/candidate/recorded-assessment/attempts/:id/start,POST,,@/lib/auth | @/lib/apiSecurity | @/lib/prisma,,,,prisma.recordedAssessmentAttempt,,yes,yes,unknown,unknown,false,true,referenced,,GREEN,LOW,src/app/api/candidate/recorded-assessment/attempts/[id]/start/route.ts:11 — POST /api/candidate/recorded-assessment/attempts/:id/start,src/app/api/candidate/recorded-assessment/attempts/[id]/start/route.ts,11,Endpoint may be orphaned or called dynamically.
API-01576,api_endpoint,/candidate/assessment-restrictions,/api/candidate/recorded-assessment/restrictions,src/app/api/candidate/recorded-assessment/restrictions/route.ts,Called by frontend screen(s),/api/candidate/recorded-assessment/restrictions,GET,,@/lib/auth | @/lib/apiSecurity | @/lib/auditLogger | @/lib/prisma,,,,prisma.recordedAssessmentRestriction,,yes,yes,unknown,unknown,false,true,referenced,,GREEN,LOW,src/app/api/candidate/recorded-assessment/restrictions/route.ts:10 — GET /api/candidate/recorded-assessment/restrictions,src/app/api/candidate/recorded-assessment/restrictions/route.ts,10,1 statically matched caller(s).
API-01577,api_endpoint,/candidate/assessment-restrictions,/api/candidate/recorded-assessment/restrictions,src/app/api/candidate/recorded-assessment/restrictions/route.ts,Called by frontend screen(s),/api/candidate/recorded-assessment/restrictions,POST,,@/lib/auth | @/lib/apiSecurity | @/lib/auditLogger | @/lib/prisma,,,,prisma.recordedAssessmentRestriction,,yes,yes,unknown,unknown,false,true,referenced,,GREEN,LOW,src/app/api/candidate/recorded-assessment/restrictions/route.ts:26 — POST /api/candidate/recorded-assessment/restrictions,src/app/api/candidate/recorded-assessment/restrictions/route.ts,26,1 statically matched caller(s).
API-01578,api_endpoint,/jobs | /jobs/saved | /jobs/:id,/api/candidate/saved-jobs,src/app/api/candidate/saved-jobs/route.ts,Called by frontend screen(s),/api/candidate/saved-jobs,GET,,@/lib/prisma,,,,prisma.savedJob | prisma.jobListing,,yes,yes,unknown,unknown,false,true,referenced,,GREEN,LOW,src/app/api/candidate/saved-jobs/route.ts:14 — GET /api/candidate/saved-jobs,src/app/api/candidate/saved-jobs/route.ts,14,3 statically matched caller(s).
API-01579,api_endpoint,/jobs | /jobs/saved | /jobs/:id,/api/candidate/saved-jobs,src/app/api/candidate/saved-jobs/route.ts,Called by frontend screen(s),/api/candidate/saved-jobs,POST,,@/lib/prisma,,,,prisma.savedJob | prisma.jobListing,,yes,yes,unknown,unknown,false,true,referenced,,GREEN,LOW,src/app/api/candidate/saved-jobs/route.ts:23 — POST /api/candidate/saved-jobs,src/app/api/candidate/saved-jobs/route.ts,23,3 statically matched caller(s).
API-01580,api_endpoint,/jobs | /jobs/saved | /jobs/:id,/api/candidate/saved-jobs,src/app/api/candidate/saved-jobs/route.ts,Called by frontend screen(s),/api/candidate/saved-jobs,DELETE,,@/lib/prisma,,,,prisma.savedJob | prisma.jobListing,,yes,yes,unknown,unknown,false,true,referenced,,GREEN,LOW,src/app/api/candidate/saved-jobs/route.ts:35 — DELETE /api/candidate/saved-jobs,src/app/api/candidate/saved-jobs/route.ts,35,3 statically matched caller(s).
API-01581,api_endpoint,,/api/candidate/services/:serviceKey/request,src/app/api/candidate/services/[serviceKey]/request/route.ts,No statically matched frontend caller,/api/candidate/services/:serviceKey/request,POST,,@/lib/auth | @/lib/apiSecurity | @/lib/prisma | @/lib/securityAuditOutbox,Outbox,,,prisma.candidateProfile,,yes,yes,unknown,yes,false,true,referenced,,GREEN,LOW,src/app/api/candidate/services/[serviceKey]/request/route.ts:18 — POST /api/candidate/services/:serviceKey/request,src/app/api/candidate/services/[serviceKey]/request/route.ts,18,Endpoint may be orphaned or called dynamically.
API-01582,api_endpoint,/notifications,/api/candidate/sourcing-invitations,src/app/api/candidate/sourcing-invitations/route.ts,Called by frontend screen(s),/api/candidate/sourcing-invitations,GET,,@/lib/auth | @/lib/apiSecurity | @/lib/prisma,,,,prisma.candidateProfile | prisma.candidateSourcingRelationship,,yes,yes,unknown,yes,false,true,referenced,,GREEN,LOW,src/app/api/candidate/sourcing-invitations/route.ts:6 — GET /api/candidate/sourcing-invitations,src/app/api/candidate/sourcing-invitations/route.ts,6,1 statically matched caller(s).
API-01583,api_endpoint,,/api/candidate/sourcing-invitations/:id/decision,src/app/api/candidate/sourcing-invitations/[id]/decision/route.ts,No statically matched frontend caller,/api/candidate/sourcing-invitations/:id/decision,POST,,@/lib/auth | @/lib/apiSecurity | @/lib/prisma,,,,,,yes,yes,unknown,yes,false,true,referenced,,GREEN,LOW,src/app/api/candidate/sourcing-invitations/[id]/decision/route.ts:10 — POST /api/candidate/sourcing-invitations/:id/decision,src/app/api/candidate/sourcing-invitations/[id]/decision/route.ts,10,Endpoint may be orphaned or called dynamically.
API-01584,api_endpoint,/onboarding/video-resume,/api/candidate/video-resume,src/app/api/candidate/video-resume/route.ts,Called by frontend screen(s),/api/candidate/video-resume,GET,,@/lib/prisma | @/lib/env | @/lib/storage | @/lib/videoAnalysisQueue,,,,prisma.candidateProfile | prisma.storedFile | prisma.videoResume | prisma.videoAnalysisJob,,yes,yes,unknown,yes,false,true,referenced,,GREEN,LOW,src/app/api/candidate/video-resume/route.ts:18 — GET /api/candidate/video-resume,src/app/api/candidate/video-resume/route.ts,18,1 statically matched caller(s).
API-01585,api_endpoint,/onboarding/video-resume,/api/candidate/video-resume,src/app/api/candidate/video-resume/route.ts,Called by frontend screen(s),/api/candidate/video-resume,POST,,@/lib/prisma | @/lib/env | @/lib/storage | @/lib/videoAnalysisQueue,,,,prisma.candidateProfile | prisma.storedFile | prisma.videoResume | prisma.videoAnalysisJob,,yes,yes,unknown,yes,false,true,referenced,,GREEN,LOW,src/app/api/candidate/video-resume/route.ts:46 — POST /api/candidate/video-resume,src/app/api/candidate/video-resume/route.ts,46,1 statically matched caller(s).
API-01586,api_endpoint,/onboarding/video-resume,/api/candidate/video-resume/status,src/app/api/candidate/video-resume/status/route.ts,Called by frontend screen(s),/api/candidate/video-resume/status,GET,,@/lib/prisma,,,,prisma.videoResume | prisma.employerProfile | prisma.application,,yes,yes,yes,yes,false,true,referenced,,GREEN,LOW,src/app/api/candidate/video-resume/status/route.ts:5 — GET /api/candidate/video-resume/status,src/app/api/candidate/video-resume/status/route.ts,5,1 statically matched caller(s).
API-01587,api_endpoint,,/api/cron/recorded-assessment-analysis,src/app/api/cron/recorded-assessment-analysis/route.ts,No statically matched frontend caller,/api/cron/recorded-assessment-analysis,GET,,@/lib/prisma | @/lib/recordedAssessmentAnalysis,,,,prisma.recordedAssessmentAnalysisJob | prisma.recordedAssessmentResponse,,no/unknown,yes,unknown,unknown,false,true,referenced,,GREEN,LOW,src/app/api/cron/recorded-assessment-analysis/route.ts:69 — GET /api/cron/recorded-assessment-analysis,src/app/api/cron/recorded-assessment-analysis/route.ts,69,Endpoint may be orphaned or called dynamically.
API-01588,api_endpoint,,/api/cron/recorded-assessment-analysis,src/app/api/cron/recorded-assessment-analysis/route.ts,No statically matched frontend caller,/api/cron/recorded-assessment-analysis,POST,,@/lib/prisma | @/lib/recordedAssessmentAnalysis,,,,prisma.recordedAssessmentAnalysisJob | prisma.recordedAssessmentResponse,,no/unknown,yes,unknown,unknown,false,true,referenced,,GREEN,LOW,src/app/api/cron/recorded-assessment-analysis/route.ts:70 — POST /api/cron/recorded-assessment-analysis,src/app/api/cron/recorded-assessment-analysis/route.ts,70,Endpoint may be orphaned or called dynamically.
API-01589,api_endpoint,,/api/cron/referrals-reconciliation,src/app/api/cron/referrals-reconciliation/route.ts,No statically matched frontend caller,/api/cron/referrals-reconciliation,GET,,@/lib/managed-hiring-referral | @/lib/auditLogger,,,,,,no/unknown,unknown,unknown,unknown,false,true,referenced,,GREEN,LOW,src/app/api/cron/referrals-reconciliation/route.ts:111 — GET /api/cron/referrals-reconciliation,src/app/api/cron/referrals-reconciliation/route.ts,111,Endpoint may be orphaned or called dynamically.
API-01590,api_endpoint,,/api/cron/referrals-reconciliation,src/app/api/cron/referrals-reconciliation/route.ts,No statically matched frontend caller,/api/cron/referrals-reconciliation,POST,,@/lib/managed-hiring-referral | @/lib/auditLogger,,,,,,no/unknown,unknown,unknown,unknown,false,true,referenced,,GREEN,LOW,src/app/api/cron/referrals-reconciliation/route.ts:115 — POST /api/cron/referrals-reconciliation,src/app/api/cron/referrals-reconciliation/route.ts,115,Endpoint may be orphaned or called dynamically.
API-01591,api_endpoint,/employer/assessments/builder,/api/employer/assessments,src/app/api/employer/assessments/route.ts,Called by frontend screen(s),/api/employer/assessments,POST,,@/lib/prisma | @/lib/apiSecurity | @/lib/routeAuthorization | @/lib/auditLogger,,,,prisma.jobListing | prisma.mcqAssessment,,yes,yes,yes,yes,false,true,referenced,,GREEN,LOW,src/app/api/employer/assessments/route.ts:17 — POST /api/employer/assessments,src/app/api/employer/assessments/route.ts,17,1 statically matched caller(s).
API-01592,api_endpoint,/employer/assessments/builder,/api/employer/assessments,src/app/api/employer/assessments/route.ts,Called by frontend screen(s),/api/employer/assessments,GET,,@/lib/prisma | @/lib/apiSecurity | @/lib/routeAuthorization | @/lib/auditLogger,,,,prisma.jobListing | prisma.mcqAssessment,,yes,yes,yes,yes,false,true,referenced,,GREEN,LOW,src/app/api/employer/assessments/route.ts:70 — GET /api/employer/assessments,src/app/api/employer/assessments/route.ts,70,1 statically matched caller(s).
API-01593,api_endpoint,,/api/employer/assessments/:id/questions/reorder,src/app/api/employer/assessments/[id]/questions/reorder/route.ts,No statically matched frontend caller,/api/employer/assessments/:id/questions/reorder,POST,,@/lib/prisma | @/lib/apiSecurity | @/lib/routeAuthorization | @/lib/auditLogger,,,,prisma.mcqAssessment | prisma.mcqQuestion | prisma.mcqAttempt,,yes,yes,yes,yes,false,true,referenced,,GREEN,LOW,src/app/api/employer/assessments/[id]/questions/reorder/route.ts:15 — POST /api/employer/assessments/:id/questions/reorder,src/app/api/employer/assessments/[id]/questions/reorder/route.ts,15,Endpoint may be orphaned or called dynamically.
API-01594,api_endpoint,,/api/employer/assessments/:id/questions,src/app/api/employer/assessments/[id]/questions/route.ts,No statically matched frontend caller,/api/employer/assessments/:id/questions,POST,,@/lib/prisma | @/lib/apiSecurity | @/lib/routeAuthorization | @/lib/auditLogger,,,,prisma.mcqAssessment | prisma.mcqAttempt | prisma.mcqQuestion,,yes,yes,yes,yes,false,true,referenced,,GREEN,LOW,src/app/api/employer/assessments/[id]/questions/route.ts:28 — POST /api/employer/assessments/:id/questions,src/app/api/employer/assessments/[id]/questions/route.ts,28,Endpoint may be orphaned or called dynamically.
API-01595,api_endpoint,,/api/employer/assessments/:id/questions,src/app/api/employer/assessments/[id]/questions/route.ts,No statically matched frontend caller,/api/employer/assessments/:id/questions,GET,,@/lib/prisma | @/lib/apiSecurity | @/lib/routeAuthorization | @/lib/auditLogger,,,,prisma.mcqAssessment | prisma.mcqAttempt | prisma.mcqQuestion,,yes,yes,yes,yes,false,true,referenced,,GREEN,LOW,src/app/api/employer/assessments/[id]/questions/route.ts:109 — GET /api/employer/assessments/:id/questions,src/app/api/employer/assessments/[id]/questions/route.ts,109,Endpoint may be orphaned or called dynamically.
API-01596,api_endpoint,,/api/employer/assessments/:id/questions/:questionId,src/app/api/employer/assessments/[id]/questions/[questionId]/route.ts,No statically matched frontend caller,/api/employer/assessments/:id/questions/:questionId,PUT,,@/lib/prisma | @/lib/apiSecurity | @/lib/routeAuthorization | @/lib/auditLogger,,,,prisma.mcqAssessment | prisma.mcqQuestion | prisma.mcqAttempt,,yes,yes,yes,yes,false,true,referenced,,GREEN,LOW,src/app/api/employer/assessments/[id]/questions/[questionId]/route.ts:28 — PUT /api/employer/assessments/:id/questions/:questionId,src/app/api/employer/assessments/[id]/questions/[questionId]/route.ts,28,Endpoint may be orphaned or called dynamically.
API-01597,api_endpoint,,/api/employer/assessments/:id/questions/:questionId,src/app/api/employer/assessments/[id]/questions/[questionId]/route.ts,No statically matched frontend caller,/api/employer/assessments/:id/questions/:questionId,DELETE,,@/lib/prisma | @/lib/apiSecurity | @/lib/routeAuthorization | @/lib/auditLogger,,,,prisma.mcqAssessment | prisma.mcqQuestion | prisma.mcqAttempt,,yes,yes,yes,yes,false,true,referenced,,GREEN,LOW,src/app/api/employer/assessments/[id]/questions/[questionId]/route.ts:116 — DELETE /api/employer/assessments/:id/questions/:questionId,src/app/api/employer/assessments/[id]/questions/[questionId]/route.ts,116,Endpoint may be orphaned or called dynamically.
API-01598,api_endpoint,/employer/assessments/builder,/api/employer/assessments/:id,src/app/api/employer/assessments/[id]/route.ts,Called by frontend screen(s),/api/employer/assessments/:id,PUT,,@/lib/prisma | @/lib/apiSecurity | @/lib/routeAuthorization | @/lib/auditLogger,,,,prisma.mcqAssessment | prisma.mcqQuestion | prisma.mcqAttempt,,yes,yes,yes,yes,false,true,referenced,,GREEN,LOW,src/app/api/employer/assessments/[id]/route.ts:17 — PUT /api/employer/assessments/:id,src/app/api/employer/assessments/[id]/route.ts,17,1 statically matched caller(s).
API-01599,api_endpoint,/employer/assessments/builder,/api/employer/assessments/:id,src/app/api/employer/assessments/[id]/route.ts,Called by frontend screen(s),/api/employer/assessments/:id,DELETE,,@/lib/prisma | @/lib/apiSecurity | @/lib/routeAuthorization | @/lib/auditLogger,,,,prisma.mcqAssessment | prisma.mcqQuestion | prisma.mcqAttempt,,yes,yes,yes,yes,false,true,referenced,,GREEN,LOW,src/app/api/employer/assessments/[id]/route.ts:78 — DELETE /api/employer/assessments/:id,src/app/api/employer/assessments/[id]/route.ts,78,1 statically matched caller(s).
API-01600,api_endpoint,/employer/revenue-and-billing-management,/api/employer/billing/invoices,src/app/api/employer/billing/invoices/route.ts,Called by frontend screen(s),/api/employer/billing/invoices,GET,,@/lib/prisma | @/lib/auth | @/lib/apiSecurity | @/lib/routeAuthorization,,,,prisma.commercialAgreement | prisma.invoice,,yes,yes,yes,unknown,false,true,referenced,,GREEN,LOW,src/app/api/employer/billing/invoices/route.ts:7 — GET /api/employer/billing/invoices,src/app/api/employer/billing/invoices/route.ts,7,1 statically matched caller(s).
API-01601,api_endpoint,,/api/employer/billing/invoices/:id/pay,src/app/api/employer/billing/invoices/[id]/pay/route.ts,No statically matched frontend caller,/api/employer/billing/invoices/:id/pay,POST,,@/lib/prisma | @/lib/auth | @/lib/apiSecurity | @/lib/routeAuthorization | @/lib/auditLogger,,,,prisma.invoice | prisma.commercialAgreement,,yes,yes,yes,yes,false,true,referenced,,GREEN,LOW,src/app/api/employer/billing/invoices/[id]/pay/route.ts:8 — POST /api/employer/billing/invoices/:id/pay,src/app/api/employer/billing/invoices/[id]/pay/route.ts,8,Endpoint may be orphaned or called dynamically.
API-01602,api_endpoint,,/api/employer/billing/invoices/:id/receipt,src/app/api/employer/billing/invoices/[id]/receipt/route.ts,No statically matched frontend caller,/api/employer/billing/invoices/:id/receipt,POST,,@/lib/prisma | @/lib/auth | @/lib/apiSecurity | @/lib/routeAuthorization | @/lib/invoiceReceiptState | @/lib/storage | @/lib/uploadSecurity | @/lib/securityAuditOutbox | @/lib/communications/dispatcher,Outbox,,,prisma.invoice | prisma.commercialAgreement | prisma.storedFile | prisma.company,,yes,yes,yes,yes,false,true,referenced,,GREEN,LOW,src/app/api/employer/billing/invoices/[id]/receipt/route.ts:19 — POST /api/employer/billing/invoices/:id/receipt,src/app/api/employer/billing/invoices/[id]/receipt/route.ts,19,Endpoint may be orphaned or called dynamically.
API-01603,api_endpoint,,/api/employer/candidate-collections,src/app/api/employer/candidate-collections/route.ts,No statically matched frontend caller,/api/employer/candidate-collections,GET,,@/lib/prisma | @/lib/routeAuthorization | @/lib/auditLogger,,,,prisma.employerCandidateCollection | prisma.application,,yes,yes,yes,unknown,false,true,referenced,,GREEN,LOW,src/app/api/employer/candidate-collections/route.ts:10 — GET /api/employer/candidate-collections,src/app/api/employer/candidate-collections/route.ts,10,Endpoint may be orphaned or called dynamically.
API-01604,api_endpoint,,/api/employer/candidate-collections,src/app/api/employer/candidate-collections/route.ts,No statically matched frontend caller,/api/employer/candidate-collections,POST,,@/lib/prisma | @/lib/routeAuthorization | @/lib/auditLogger,,,,prisma.employerCandidateCollection | prisma.application,,yes,yes,yes,unknown,false,true,referenced,,GREEN,LOW,src/app/api/employer/candidate-collections/route.ts:11 — POST /api/employer/candidate-collections,src/app/api/employer/candidate-collections/route.ts,11,Endpoint may be orphaned or called dynamically.
API-01605,api_endpoint,,/api/employer/candidate-collections,src/app/api/employer/candidate-collections/route.ts,No statically matched frontend caller,/api/employer/candidate-collections,PATCH,,@/lib/prisma | @/lib/routeAuthorization | @/lib/auditLogger,,,,prisma.employerCandidateCollection | prisma.application,,yes,yes,yes,unknown,false,true,referenced,,GREEN,LOW,src/app/api/employer/candidate-collections/route.ts:12 — PATCH /api/employer/candidate-collections,src/app/api/employer/candidate-collections/route.ts,12,Endpoint may be orphaned or called dynamically.
API-01606,api_endpoint,/employer/managed-hiring/candidate-tracking,/api/employer/candidates,src/app/api/employer/candidates/route.ts,Called by frontend screen(s),/api/employer/candidates,GET,,@/lib/prisma | @/lib/candidateEvidence | @/lib/routeAuthorization,,,,prisma.application,,yes,yes,yes,unknown,false,true,referenced,,GREEN,LOW,src/app/api/employer/candidates/route.ts:10 — GET /api/employer/candidates,src/app/api/employer/candidates/route.ts,10,1 statically matched caller(s).
API-01607,api_endpoint,,/api/employer/candidates/:id/notes,src/app/api/employer/candidates/[id]/notes/route.ts,No statically matched frontend caller,/api/employer/candidates/:id/notes,GET,,@/lib/prisma | @/lib/routeAuthorization | @/lib/auditLogger,,,,prisma.application | prisma.employerCandidateNote,,yes,yes,yes,yes,false,true,referenced,,GREEN,LOW,src/app/api/employer/candidates/[id]/notes/route.ts:10 — GET /api/employer/candidates/:id/notes,src/app/api/employer/candidates/[id]/notes/route.ts,10,Endpoint may be orphaned or called dynamically.
API-01608,api_endpoint,,/api/employer/candidates/:id/notes,src/app/api/employer/candidates/[id]/notes/route.ts,No statically matched frontend caller,/api/employer/candidates/:id/notes,POST,,@/lib/prisma | @/lib/routeAuthorization | @/lib/auditLogger,,,,prisma.application | prisma.employerCandidateNote,,yes,yes,yes,yes,false,true,referenced,,GREEN,LOW,src/app/api/employer/candidates/[id]/notes/route.ts:11 — POST /api/employer/candidates/:id/notes,src/app/api/employer/candidates/[id]/notes/route.ts,11,Endpoint may be orphaned or called dynamically.
API-01609,api_endpoint,/employer/managed-hiring/candidate-tracking,/api/employer/candidates/:id,src/app/api/employer/candidates/[id]/route.ts,Called by frontend screen(s),/api/employer/candidates/:id,GET,,@/lib/prisma | @/lib/auth | @/lib/apiSecurity | @/lib/routeAuthorization,,,,prisma.candidateProfile,,yes,yes,yes,yes,false,true,referenced,,GREEN,LOW,src/app/api/employer/candidates/[id]/route.ts:7 — GET /api/employer/candidates/:id,src/app/api/employer/candidates/[id]/route.ts,7,1 statically matched caller(s).
API-01610,api_endpoint,,/api/employer/candidates/:id/stage,src/app/api/employer/candidates/[id]/stage/route.ts,No statically matched frontend caller,/api/employer/candidates/:id/stage,PATCH,,@/lib/prisma | @/lib/auth,,,,prisma.application | prisma.employerProfile | prisma.jobInterviewProcess | prisma.interviewRound | prisma.interviewRoundProgress,,yes,yes,yes,yes,false,true,referenced,,GREEN,LOW,src/app/api/employer/candidates/[id]/stage/route.ts:7 — PATCH /api/employer/candidates/:id/stage,src/app/api/employer/candidates/[id]/stage/route.ts,7,Endpoint may be orphaned or called dynamically.
API-01611,api_endpoint,,/api/employer/candidates/:id/tags,src/app/api/employer/candidates/[id]/tags/route.ts,No statically matched frontend caller,/api/employer/candidates/:id/tags,GET,,@/lib/prisma | @/lib/routeAuthorization | @/lib/auditLogger,,,,prisma.application | prisma.employerCandidateTag,,yes,yes,yes,yes,false,true,referenced,,GREEN,LOW,src/app/api/employer/candidates/[id]/tags/route.ts:9 — GET /api/employer/candidates/:id/tags,src/app/api/employer/candidates/[id]/tags/route.ts,9,Endpoint may be orphaned or called dynamically.
API-01612,api_endpoint,,/api/employer/candidates/:id/tags,src/app/api/employer/candidates/[id]/tags/route.ts,No statically matched frontend caller,/api/employer/candidates/:id/tags,POST,,@/lib/prisma | @/lib/routeAuthorization | @/lib/auditLogger,,,,prisma.application | prisma.employerCandidateTag,,yes,yes,yes,yes,false,true,referenced,,GREEN,LOW,src/app/api/employer/candidates/[id]/tags/route.ts:10 — POST /api/employer/candidates/:id/tags,src/app/api/employer/candidates/[id]/tags/route.ts,10,Endpoint may be orphaned or called dynamically.
API-01613,api_endpoint,,/api/employer/candidates/:id/tags,src/app/api/employer/candidates/[id]/tags/route.ts,No statically matched frontend caller,/api/employer/candidates/:id/tags,DELETE,,@/lib/prisma | @/lib/routeAuthorization | @/lib/auditLogger,,,,prisma.application | prisma.employerCandidateTag,,yes,yes,yes,yes,false,true,referenced,,GREEN,LOW,src/app/api/employer/candidates/[id]/tags/route.ts:11 — DELETE /api/employer/candidates/:id/tags,src/app/api/employer/candidates/[id]/tags/route.ts,11,Endpoint may be orphaned or called dynamically.
API-01614,api_endpoint,/employer/company-profile-editor,/api/employer/company,src/app/api/employer/company/route.ts,Called by frontend screen(s),/api/employer/company,GET,,@/lib/auth | @/lib/apiSecurity | @/lib/routeAuthorization | @/lib/prisma,,,,prisma.employerProfile | prisma.company,,yes,yes,yes,yes,false,true,referenced,,GREEN,LOW,src/app/api/employer/company/route.ts:19 — GET /api/employer/company,src/app/api/employer/company/route.ts,19,1 statically matched caller(s).
API-01615,api_endpoint,/employer/company-profile-editor,/api/employer/company,src/app/api/employer/company/route.ts,Called by frontend screen(s),/api/employer/company,PUT,,@/lib/auth | @/lib/apiSecurity | @/lib/routeAuthorization | @/lib/prisma,,,,prisma.employerProfile | prisma.company,,yes,yes,yes,yes,false,true,referenced,,GREEN,LOW,src/app/api/employer/company/route.ts:33 — PUT /api/employer/company,src/app/api/employer/company/route.ts,33,1 statically matched caller(s).
API-01616,api_endpoint,,/api/employer/dashboard,src/app/api/employer/dashboard/route.ts,No statically matched frontend caller,/api/employer/dashboard,GET,,@/lib/apiSecurity | @/lib/routeAuthorization | @/lib/prisma,,,,prisma.jobListing | prisma.application | prisma.companyCredits | prisma.interview,,yes,yes,yes,yes,false,true,referenced,,GREEN,LOW,src/app/api/employer/dashboard/route.ts:6 — GET /api/employer/dashboard,src/app/api/employer/dashboard/route.ts,6,Endpoint may be orphaned or called dynamically.
API-01617,api_endpoint,,/api/employer/hiring-pipeline/readiness,src/app/api/employer/hiring-pipeline/readiness/route.ts,No statically matched frontend caller,/api/employer/hiring-pipeline/readiness,GET,,@/lib/auth | @/lib/apiSecurity | @/lib/prisma,HiringPipeline,,,prisma.employerProfile | prisma.application,,yes,yes,yes,yes,false,true,referenced,,GREEN,LOW,src/app/api/employer/hiring-pipeline/readiness/route.ts:10 — GET /api/employer/hiring-pipeline/readiness,src/app/api/employer/hiring-pipeline/readiness/route.ts,10,Endpoint may be orphaned or called dynamically.
API-01618,api_endpoint,/employer/upcoming-interviews-list,/api/employer/interviews/pending-feedback,src/app/api/employer/interviews/pending-feedback/route.ts,Called by frontend screen(s),/api/employer/interviews/pending-feedback,GET,,@/lib/prisma | @/lib/auth | @/lib/apiSecurity | @/lib/routeAuthorization,,,,prisma.interviewRoundProgress,,yes,yes,yes,unknown,false,true,referenced,,GREEN,LOW,src/app/api/employer/interviews/pending-feedback/route.ts:7 — GET /api/employer/interviews/pending-feedback,src/app/api/employer/interviews/pending-feedback/route.ts,7,1 statically matched caller(s).
API-01619,api_endpoint,/employer/active-video-interview-interviewer-view | /employer/final-round-feedback | /employer/interview-reschedule-employer-view | /employer/interview-scheduler | /employer/upcoming-interviews-list,/api/employer/interviews,src/app/api/employer/interviews/route.ts,Called by frontend screen(s),/api/employer/interviews,GET,,@/lib/auth | @/lib/prisma,,,,prisma.employerProfile | prisma.interview,,yes,yes,yes,yes,false,true,referenced,,GREEN,LOW,src/app/api/employer/interviews/route.ts:15 — GET /api/employer/interviews,src/app/api/employer/interviews/route.ts,15,5 statically matched caller(s).
API-01620,api_endpoint,/employer/interview-scheduler,/api/employer/interviews/schedule,src/app/api/employer/interviews/schedule/route.ts,Called by frontend screen(s),/api/employer/interviews/schedule,POST,,@/lib/prisma | @/lib/auth | @/lib/email | @/lib/whatsapp,,,WhatsApp Cloud API,prisma.interviewRoundProgress | prisma.application | prisma.employerProfile | prisma.interviewRound | prisma.notification,WhatsApp Cloud API,yes,yes,yes,yes,false,true,referenced,,GREEN,LOW,src/app/api/employer/interviews/schedule/route.ts:21 — POST /api/employer/interviews/schedule,src/app/api/employer/interviews/schedule/route.ts,21,1 statically matched caller(s).
API-01621,api_endpoint,,/api/employer/interviews/:id/calendar,src/app/api/employer/interviews/[id]/calendar/route.ts,No statically matched frontend caller,/api/employer/interviews/:id/calendar,GET,,@/lib/prisma | @/lib/auth,,,,prisma.interview | prisma.employerProfile,,yes,yes,yes,yes,false,false,referenced,,YELLOW,MEDIUM,src/app/api/employer/interviews/[id]/calendar/route.ts:5 — GET /api/employer/interviews/:id/calendar,src/app/api/employer/interviews/[id]/calendar/route.ts,5,Endpoint may be orphaned or called dynamically.
API-01622,api_endpoint,,/api/employer/interviews/:id/feedback,src/app/api/employer/interviews/[id]/feedback/route.ts,No statically matched frontend caller,/api/employer/interviews/:id/feedback,GET,,@/lib/prisma | @/lib/auth | @/lib/apiSecurity | @/lib/routeAuthorization | @/lib/auditLogger,,,,prisma.interview | prisma.interviewFeedback,,yes,yes,yes,yes,false,true,referenced,,GREEN,LOW,src/app/api/employer/interviews/[id]/feedback/route.ts:33 — GET /api/employer/interviews/:id/feedback,src/app/api/employer/interviews/[id]/feedback/route.ts,33,Endpoint may be orphaned or called dynamically.
API-01623,api_endpoint,,/api/employer/interviews/:id/feedback,src/app/api/employer/interviews/[id]/feedback/route.ts,No statically matched frontend caller,/api/employer/interviews/:id/feedback,POST,,@/lib/prisma | @/lib/auth | @/lib/apiSecurity | @/lib/routeAuthorization | @/lib/auditLogger,,,,prisma.interview | prisma.interviewFeedback,,yes,yes,yes,yes,false,true,referenced,,GREEN,LOW,src/app/api/employer/interviews/[id]/feedback/route.ts:48 — POST /api/employer/interviews/:id/feedback,src/app/api/employer/interviews/[id]/feedback/route.ts,48,Endpoint may be orphaned or called dynamically.
API-01624,api_endpoint,,/api/employer/interviews/:id/round-decision,src/app/api/employer/interviews/[id]/round-decision/route.ts,No statically matched frontend caller,/api/employer/interviews/:id/round-decision,POST,,@/lib/prisma | @/lib/auth | @/lib/apiSecurity | @/lib/routeAuthorization | @/lib/auditLogger | @/lib/communications/dispatcher | @/lib/workflows/WorkflowEngine | @/lib/security/TenantContext,TenantContext | WorkflowEngine,,WhatsApp Cloud API,prisma.interview | prisma.interviewRound | prisma.interviewRoundInterviewer | prisma.workflowInstance | prisma.workflowApproval,WhatsApp Cloud API,yes,yes,yes,yes,false,true,referenced,,GREEN,LOW,src/app/api/employer/interviews/[id]/round-decision/route.ts:15 — POST /api/employer/interviews/:id/round-decision,src/app/api/employer/interviews/[id]/round-decision/route.ts,15,Endpoint may be orphaned or called dynamically.
API-01625,api_endpoint,/employer/active-video-interview-interviewer-view | /employer/final-round-feedback | /employer/interview-reschedule-employer-view | /employer/interview-scheduler | /employer/upcoming-interviews-list,/api/employer/interviews/:id,src/app/api/employer/interviews/[id]/route.ts,Called by frontend screen(s),/api/employer/interviews/:id,GET,,@/lib/prisma | @/lib/auth | @/lib/email,,,,prisma.interview | prisma.employerProfile,,yes,yes,yes,yes,false,true,referenced,,GREEN,LOW,src/app/api/employer/interviews/[id]/route.ts:33 — GET /api/employer/interviews/:id,src/app/api/employer/interviews/[id]/route.ts,33,5 statically matched caller(s).
API-01626,api_endpoint,/employer/active-video-interview-interviewer-view | /employer/final-round-feedback | /employer/interview-reschedule-employer-view | /employer/interview-scheduler | /employer/upcoming-interviews-list,/api/employer/interviews/:id,src/app/api/employer/interviews/[id]/route.ts,Called by frontend screen(s),/api/employer/interviews/:id,PATCH,,@/lib/prisma | @/lib/auth | @/lib/email,,,,prisma.interview | prisma.employerProfile,,yes,yes,yes,yes,false,true,referenced,,GREEN,LOW,src/app/api/employer/interviews/[id]/route.ts:66 — PATCH /api/employer/interviews/:id,src/app/api/employer/interviews/[id]/route.ts,66,5 statically matched caller(s).
API-01627,api_endpoint,/employer/assessments/builder | /employer/assessments/recorded/configure | /employer/assessments/recorded | /employer/create-job-matching-config | /employer/create-job-review-and-publish | /employer/interview-round-builder | /employer/job-listings-management | /employer/proactive-candidate-search,/api/employer/jobs,src/app/api/employer/jobs/route.ts,Called by frontend screen(s),/api/employer/jobs,GET,,@/lib/prisma | @/lib/auth | @/lib/apiSecurity | @/lib/auditLogger | @/lib/subscriptions-db,RosGateway | Outbox,,,prisma.jobListing | prisma.employerProfile | prisma.idempotencyRecord,,yes,yes,yes,yes,false,true,referenced,,GREEN,LOW,src/app/api/employer/jobs/route.ts:30 — GET /api/employer/jobs,src/app/api/employer/jobs/route.ts,30,8 statically matched caller(s).
API-01628,api_endpoint,/employer/assessments/builder | /employer/assessments/recorded/configure | /employer/assessments/recorded | /employer/create-job-matching-config | /employer/create-job-review-and-publish | /employer/interview-round-builder | /employer/job-listings-management | /employer/proactive-candidate-search,/api/employer/jobs,src/app/api/employer/jobs/route.ts,Called by frontend screen(s),/api/employer/jobs,POST,,@/lib/prisma | @/lib/auth | @/lib/apiSecurity | @/lib/auditLogger | @/lib/subscriptions-db,RosGateway | Outbox,,,prisma.jobListing | prisma.employerProfile | prisma.idempotencyRecord,,yes,yes,yes,yes,false,true,referenced,,GREEN,LOW,src/app/api/employer/jobs/route.ts:54 — POST /api/employer/jobs,src/app/api/employer/jobs/route.ts,54,8 statically matched caller(s).
API-01629,api_endpoint,,/api/employer/jobs/:id/interview-process,src/app/api/employer/jobs/[id]/interview-process/route.ts,No statically matched frontend caller,/api/employer/jobs/:id/interview-process,GET,,@/lib/prisma | @/lib/auth | @/lib/apiSecurity | @/lib/routeAuthorization | @/lib/auditLogger,,,,prisma.jobListing | prisma.jobInterviewProcess | prisma.employerProfile,,yes,yes,yes,yes,false,true,referenced,,GREEN,LOW,src/app/api/employer/jobs/[id]/interview-process/route.ts:35 — GET /api/employer/jobs/:id/interview-process,src/app/api/employer/jobs/[id]/interview-process/route.ts,35,Endpoint may be orphaned or called dynamically.
API-01630,api_endpoint,,/api/employer/jobs/:id/interview-process,src/app/api/employer/jobs/[id]/interview-process/route.ts,No statically matched frontend caller,/api/employer/jobs/:id/interview-process,PUT,,@/lib/prisma | @/lib/auth | @/lib/apiSecurity | @/lib/routeAuthorization | @/lib/auditLogger,,,,prisma.jobListing | prisma.jobInterviewProcess | prisma.employerProfile,,yes,yes,yes,yes,false,true,referenced,,GREEN,LOW,src/app/api/employer/jobs/[id]/interview-process/route.ts:60 — PUT /api/employer/jobs/:id/interview-process,src/app/api/employer/jobs/[id]/interview-process/route.ts,60,Endpoint may be orphaned or called dynamically.
API-01631,api_endpoint,,/api/employer/jobs/:id/match,src/app/api/employer/jobs/[id]/match/route.ts,No statically matched frontend caller,/api/employer/jobs/:id/match,POST,,@/lib/routeAuthorization | @/lib/apiSecurity | @/lib/prisma | @/lib/matching/JobMatchingEngine | @/lib/auditLogger,,,,prisma.jobListing,,yes,yes,yes,yes,false,true,referenced,,GREEN,LOW,src/app/api/employer/jobs/[id]/match/route.ts:8 — POST /api/employer/jobs/:id/match,src/app/api/employer/jobs/[id]/match/route.ts,8,Endpoint may be orphaned or called dynamically.
API-01632,api_endpoint,,/api/employer/jobs/:id/recorded-assessment/attempts,src/app/api/employer/jobs/[id]/recorded-assessment/attempts/route.ts,No statically matched frontend caller,/api/employer/jobs/:id/recorded-assessment/attempts,GET,,@/lib/auth | @/lib/apiSecurity | @/lib/prisma | @/lib/recordedAssessment,,,,prisma.recordedAssessmentAttempt,,yes,yes,unknown,unknown,false,true,referenced,,GREEN,LOW,src/app/api/employer/jobs/[id]/recorded-assessment/attempts/route.ts:7 — GET /api/employer/jobs/:id/recorded-assessment/attempts,src/app/api/employer/jobs/[id]/recorded-assessment/attempts/route.ts,7,Endpoint may be orphaned or called dynamically.
API-01633,api_endpoint,,/api/employer/jobs/:id/recorded-assessment,src/app/api/employer/jobs/[id]/recorded-assessment/route.ts,No statically matched frontend caller,/api/employer/jobs/:id/recorded-assessment,GET,,@/lib/auth | @/lib/apiSecurity | @/lib/prisma | @/lib/recordedAssessment,,,,prisma.recordedAssessmentConfig,,yes,yes,unknown,yes,false,true,referenced,,GREEN,LOW,src/app/api/employer/jobs/[id]/recorded-assessment/route.ts:16 — GET /api/employer/jobs/:id/recorded-assessment,src/app/api/employer/jobs/[id]/recorded-assessment/route.ts,16,Endpoint may be orphaned or called dynamically.
API-01634,api_endpoint,,/api/employer/jobs/:id/recorded-assessment,src/app/api/employer/jobs/[id]/recorded-assessment/route.ts,No statically matched frontend caller,/api/employer/jobs/:id/recorded-assessment,PUT,,@/lib/auth | @/lib/apiSecurity | @/lib/prisma | @/lib/recordedAssessment,,,,prisma.recordedAssessmentConfig,,yes,yes,unknown,yes,false,true,referenced,,GREEN,LOW,src/app/api/employer/jobs/[id]/recorded-assessment/route.ts:27 — PUT /api/employer/jobs/:id/recorded-assessment,src/app/api/employer/jobs/[id]/recorded-assessment/route.ts,27,Endpoint may be orphaned or called dynamically.
API-01635,api_endpoint,/employer/assessments/recorded/configure | /employer/assessments/recorded | /employer/interview-round-builder | /employer/job-listings-management | /employer/proactive-candidate-search,/api/employer/jobs/:id,src/app/api/employer/jobs/[id]/route.ts,Called by frontend screen(s),/api/employer/jobs/:id,GET,,@/lib/prisma | @/lib/auth | @/lib/apiSecurity | @/lib/auditLogger,,,,prisma.jobListing | prisma.employerProfile,,yes,yes,yes,yes,false,true,referenced,,GREEN,LOW,src/app/api/employer/jobs/[id]/route.ts:18 — GET /api/employer/jobs/:id,src/app/api/employer/jobs/[id]/route.ts,18,5 statically matched caller(s).
API-01636,api_endpoint,/employer/assessments/recorded/configure | /employer/assessments/recorded | /employer/interview-round-builder | /employer/job-listings-management | /employer/proactive-candidate-search,/api/employer/jobs/:id,src/app/api/employer/jobs/[id]/route.ts,Called by frontend screen(s),/api/employer/jobs/:id,PUT,,@/lib/prisma | @/lib/auth | @/lib/apiSecurity | @/lib/auditLogger,,,,prisma.jobListing | prisma.employerProfile,,yes,yes,yes,yes,false,true,referenced,,GREEN,LOW,src/app/api/employer/jobs/[id]/route.ts:46 — PUT /api/employer/jobs/:id,src/app/api/employer/jobs/[id]/route.ts,46,5 statically matched caller(s).
API-01637,api_endpoint,/employer/assessments/recorded/configure | /employer/assessments/recorded | /employer/interview-round-builder | /employer/job-listings-management | /employer/proactive-candidate-search,/api/employer/jobs/:id,src/app/api/employer/jobs/[id]/route.ts,Called by frontend screen(s),/api/employer/jobs/:id,DELETE,,@/lib/prisma | @/lib/auth | @/lib/apiSecurity | @/lib/auditLogger,,,,prisma.jobListing | prisma.employerProfile,,yes,yes,yes,yes,false,true,referenced,,GREEN,LOW,src/app/api/employer/jobs/[id]/route.ts:119 — DELETE /api/employer/jobs/:id,src/app/api/employer/jobs/[id]/route.ts,119,5 statically matched caller(s).
API-01638,api_endpoint,,/api/employer/jobs/:id/source-candidates/action,src/app/api/employer/jobs/[id]/source-candidates/action/route.ts,No statically matched frontend caller,/api/employer/jobs/:id/source-candidates/action,POST,,@/lib/prisma | @/lib/routeAuthorization | @/lib/apiSecurity,,,,prisma.jobListing | prisma.candidateProfile,,yes,yes,yes,yes,false,true,referenced,,GREEN,LOW,src/app/api/employer/jobs/[id]/source-candidates/action/route.ts:9 — POST /api/employer/jobs/:id/source-candidates/action,src/app/api/employer/jobs/[id]/source-candidates/action/route.ts,9,Endpoint may be orphaned or called dynamically.
API-01639,api_endpoint,,/api/employer/jobs/:id/source-candidates,src/app/api/employer/jobs/[id]/source-candidates/route.ts,No statically matched frontend caller,/api/employer/jobs/:id/source-candidates,GET,,@/lib/prisma | @/lib/routeAuthorization | @/lib/apiSecurity,,,,prisma.jobListing | prisma.candidateProfile,,yes,yes,yes,yes,false,true,referenced,,GREEN,LOW,src/app/api/employer/jobs/[id]/source-candidates/route.ts:8 — GET /api/employer/jobs/:id/source-candidates,src/app/api/employer/jobs/[id]/source-candidates/route.ts,8,Endpoint may be orphaned or called dynamically.
API-01640,api_endpoint,/employer/managed-hiring/join,/api/employer/managed-hiring/join,src/app/api/employer/managed-hiring/join/route.ts,Called by frontend screen(s),/api/employer/managed-hiring/join,POST,,@/lib/prisma | @/lib/routeAuthorization | @/lib/apiSecurity | @/lib/pph-billing | @/lib/communications/dispatcher | @/lib/auditLogger,,,WhatsApp Cloud API,prisma.employerProfile | prisma.application | prisma.pphPlacement,WhatsApp Cloud API,yes,yes,yes,yes,false,true,referenced,,GREEN,LOW,src/app/api/employer/managed-hiring/join/route.ts:18 — POST /api/employer/managed-hiring/join,src/app/api/employer/managed-hiring/join/route.ts,18,1 statically matched caller(s).
API-01641,api_endpoint,/employer/managed-hiring/join,/api/employer/managed-hiring/join,src/app/api/employer/managed-hiring/join/route.ts,Called by frontend screen(s),/api/employer/managed-hiring/join,GET,,@/lib/prisma | @/lib/routeAuthorization | @/lib/apiSecurity | @/lib/pph-billing | @/lib/communications/dispatcher | @/lib/auditLogger,,,WhatsApp Cloud API,prisma.employerProfile | prisma.application | prisma.pphPlacement,WhatsApp Cloud API,yes,yes,yes,yes,false,true,referenced,,GREEN,LOW,src/app/api/employer/managed-hiring/join/route.ts:46 — GET /api/employer/managed-hiring/join,src/app/api/employer/managed-hiring/join/route.ts,46,1 statically matched caller(s).
API-01642,api_endpoint,/employer/managed-hiring/join,/api/employer/managed-hiring/join,src/app/api/employer/managed-hiring/join/route.ts,Called by frontend screen(s),/api/employer/managed-hiring/join,PATCH,,@/lib/prisma | @/lib/routeAuthorization | @/lib/apiSecurity | @/lib/pph-billing | @/lib/communications/dispatcher | @/lib/auditLogger,,,WhatsApp Cloud API,prisma.employerProfile | prisma.application | prisma.pphPlacement,WhatsApp Cloud API,yes,yes,yes,yes,false,true,referenced,,GREEN,LOW,src/app/api/employer/managed-hiring/join/route.ts:62 — PATCH /api/employer/managed-hiring/join,src/app/api/employer/managed-hiring/join/route.ts,62,1 statically matched caller(s).
API-01643,api_endpoint,/employer/subscriptions,/api/employer/promo/validate,src/app/api/employer/promo/validate/route.ts,Called by frontend screen(s),/api/employer/promo/validate,GET,,@/lib/auth | @/lib/subscriptions-db | @/lib/apiSecurity,,,,,,yes,yes,unknown,unknown,false,true,referenced,,GREEN,LOW,src/app/api/employer/promo/validate/route.ts:6 — GET /api/employer/promo/validate,src/app/api/employer/promo/validate/route.ts,6,1 statically matched caller(s).
API-01644,api_endpoint,,/api/employer/recorded-assessment/responses/:responseId/media,src/app/api/employer/recorded-assessment/responses/[responseId]/media/route.ts,No statically matched frontend caller,/api/employer/recorded-assessment/responses/:responseId/media,GET,,@/lib/auth | @/lib/apiSecurity | @/lib/prisma | @/lib/storage,,,,prisma.recordedAssessmentResponse | prisma.employerProfile,,yes,yes,yes,yes,false,true,referenced,,GREEN,LOW,src/app/api/employer/recorded-assessment/responses/[responseId]/media/route.ts:13 — GET /api/employer/recorded-assessment/responses/:responseId/media,src/app/api/employer/recorded-assessment/responses/[responseId]/media/route.ts,13,Endpoint may be orphaned or called dynamically.
API-01645,api_endpoint,/employer/referral-and-source-tracking,/api/employer/source-tracking,src/app/api/employer/source-tracking/route.ts,Called by frontend screen(s),/api/employer/source-tracking,GET,,@/lib/apiSecurity | @/lib/routeAuthorization | @/lib/prisma,,,WhatsApp Cloud API,prisma.application | prisma.referralAttribution,WhatsApp Cloud API,yes,yes,yes,unknown,false,true,referenced,,GREEN,LOW,src/app/api/employer/source-tracking/route.ts:6 — GET /api/employer/source-tracking,src/app/api/employer/source-tracking/route.ts,6,1 statically matched caller(s).
API-01646,api_endpoint,/employer/create-job-basic-info | /employer/employer-registration-plan-selection | /employer/subscriptions | /payment/success,/api/employer/subscribe,src/app/api/employer/subscribe/route.ts,Called by frontend screen(s),/api/employer/subscribe,GET,,@/lib/auth | @/lib/subscriptions-db | @/lib/payments/PaymentGatewayController | @/lib/payments/planSnapshot | @/lib/apiSecurity | @/lib/routeAuthorization,,,,,,yes,yes,yes,unknown,false,true,referenced,,GREEN,LOW,src/app/api/employer/subscribe/route.ts:11 — GET /api/employer/subscribe,src/app/api/employer/subscribe/route.ts,11,4 statically matched caller(s).
API-01647,api_endpoint,/employer/create-job-basic-info | /employer/employer-registration-plan-selection | /employer/subscriptions | /payment/success,/api/employer/subscribe,src/app/api/employer/subscribe/route.ts,Called by frontend screen(s),/api/employer/subscribe,POST,,@/lib/auth | @/lib/subscriptions-db | @/lib/payments/PaymentGatewayController | @/lib/payments/planSnapshot | @/lib/apiSecurity | @/lib/routeAuthorization,,,,,,yes,yes,yes,unknown,false,true,referenced,,GREEN,LOW,src/app/api/employer/subscribe/route.ts:93 — POST /api/employer/subscribe,src/app/api/employer/subscribe/route.ts,93,4 statically matched caller(s).
API-01648,api_endpoint,/employer/invitation/accept,/api/employer/team/accept,src/app/api/employer/team/accept/route.ts,Called by frontend screen(s),/api/employer/team/accept,POST,,@/lib/prisma | @/lib/apiSecurity | @/lib/auth | @/lib/securityAuditOutbox,Outbox,,,prisma.companyInvitation,,yes,yes,yes,yes,false,true,referenced,,GREEN,LOW,src/app/api/employer/team/accept/route.ts:15 — POST /api/employer/team/accept,src/app/api/employer/team/accept/route.ts,15,1 statically matched caller(s).
API-01649,api_endpoint,/employer/invitation/accept | /employer/team-members-management,/api/employer/team,src/app/api/employer/team/route.ts,Called by frontend screen(s),/api/employer/team,GET,,@/lib/prisma | @/lib/auth | @/lib/apiSecurity | @/lib/routeAuthorization | @/lib/email | @/lib/auditLogger | @/lib/env | @/lib/securityAuditOutbox,Outbox,,,prisma.employerProfile | prisma.companyInvitation | prisma.company,,yes,yes,yes,yes,false,true,referenced,,GREEN,LOW,src/app/api/employer/team/route.ts:24 — GET /api/employer/team,src/app/api/employer/team/route.ts,24,2 statically matched caller(s).
API-01650,api_endpoint,/employer/invitation/accept | /employer/team-members-management,/api/employer/team,src/app/api/employer/team/route.ts,Called by frontend screen(s),/api/employer/team,POST,,@/lib/prisma | @/lib/auth | @/lib/apiSecurity | @/lib/routeAuthorization | @/lib/email | @/lib/auditLogger | @/lib/env | @/lib/securityAuditOutbox,Outbox,,,prisma.employerProfile | prisma.companyInvitation | prisma.company,,yes,yes,yes,yes,false,true,referenced,,GREEN,LOW,src/app/api/employer/team/route.ts:98 — POST /api/employer/team,src/app/api/employer/team/route.ts,98,2 statically matched caller(s).
API-01651,api_endpoint,/employer/invitation/accept | /employer/team-members-management,/api/employer/team,src/app/api/employer/team/route.ts,Called by frontend screen(s),/api/employer/team,DELETE,,@/lib/prisma | @/lib/auth | @/lib/apiSecurity | @/lib/routeAuthorization | @/lib/email | @/lib/auditLogger | @/lib/env | @/lib/securityAuditOutbox,Outbox,,,prisma.employerProfile | prisma.companyInvitation | prisma.company,,yes,yes,yes,yes,false,true,referenced,,GREEN,LOW,src/app/api/employer/team/route.ts:241 — DELETE /api/employer/team,src/app/api/employer/team/route.ts,241,2 statically matched caller(s).
API-01652,api_endpoint,,/api/files/:id,src/app/api/files/[id]/route.ts,No statically matched frontend caller,/api/files/:id,GET,,@/lib/prisma | @/lib/storage,,,,prisma.employerProfile | prisma.videoResume | prisma.storedFile,,yes,yes,yes,yes,false,true,referenced,,GREEN,LOW,src/app/api/files/[id]/route.ts:34 — GET /api/files/:id,src/app/api/files/[id]/route.ts,34,Endpoint may be orphaned or called dynamically.
API-01653,api_endpoint,,/api/health,src/app/api/health/route.ts,No statically matched frontend caller,/api/health,GET,,@/lib/prisma,,,,,,no/unknown,unknown,unknown,unknown,false,true,referenced,,GREEN,LOW,src/app/api/health/route.ts:20 — GET /api/health,src/app/api/health/route.ts,20,Endpoint may be orphaned or called dynamically.
API-01654,api_endpoint,,/api/internal/recorded-assessment-analysis/callback,src/app/api/internal/recorded-assessment-analysis/callback/route.ts,No statically matched frontend caller,/api/internal/recorded-assessment-analysis/callback,POST,,@/lib/env | @/lib/prisma,,,,prisma.recordedAssessmentAnalysisJob,,no/unknown,unknown,unknown,yes,false,true,referenced,,GREEN,LOW,src/app/api/internal/recorded-assessment-analysis/callback/route.ts:14 — POST /api/internal/recorded-assessment-analysis/callback,src/app/api/internal/recorded-assessment-analysis/callback/route.ts,14,Endpoint may be orphaned or called dynamically.
API-01655,api_endpoint,,/api/internal/security-audit/process,src/app/api/internal/security-audit/process/route.ts,No statically matched frontend caller,/api/internal/security-audit/process,POST,,@/lib/apiSecurity | @/lib/securityAuditDelivery,,,,,,no/unknown,unknown,unknown,unknown,false,true,referenced,,GREEN,LOW,src/app/api/internal/security-audit/process/route.ts:8 — POST /api/internal/security-audit/process,src/app/api/internal/security-audit/process/route.ts,8,Endpoint may be orphaned or called dynamically.
API-01656,api_endpoint,,/api/internal/video-analysis/callback,src/app/api/internal/video-analysis/callback/route.ts,No statically matched frontend caller,/api/internal/video-analysis/callback,POST,,@/lib/prisma | @/lib/env | @/lib/videoAnalysisState,,,,prisma.videoAnalysisJob,,no/unknown,unknown,unknown,yes,false,true,referenced,,GREEN,LOW,src/app/api/internal/video-analysis/callback/route.ts:35 — POST /api/internal/video-analysis/callback,src/app/api/internal/video-analysis/callback/route.ts,35,Endpoint may be orphaned or called dynamically.
API-01657,api_endpoint,,/api/internal/whatsapp/process,src/app/api/internal/whatsapp/process/route.ts,No statically matched frontend caller,/api/internal/whatsapp/process,POST,,@/lib/apiSecurity | @/lib/whatsapp-queue | @/lib/whatsapp-onboarding | @/lib/whatsapp,,,WhatsApp Cloud API,,WhatsApp Cloud API,no/unknown,unknown,unknown,unknown,false,true,referenced,,GREEN,LOW,src/app/api/internal/whatsapp/process/route.ts:41 — POST /api/internal/whatsapp/process,src/app/api/internal/whatsapp/process/route.ts,41,Endpoint may be orphaned or called dynamically.
API-01658,api_endpoint,,/api/internal/workflows/recover,src/app/api/internal/workflows/recover/route.ts,No statically matched frontend caller,/api/internal/workflows/recover,POST,,@/lib/apiSecurity | @/lib/workflows/FailureRecoveryRunner | @/lib/workflows/RecoveryWorkerState,FailureRecoveryRunner,,,,,no/unknown,unknown,unknown,unknown,false,true,referenced,,GREEN,LOW,src/app/api/internal/workflows/recover/route.ts:10 — POST /api/internal/workflows/recover,src/app/api/internal/workflows/recover/route.ts,10,Endpoint may be orphaned or called dynamically.
API-01659,api_endpoint,,/api/internal/workflows/recover,src/app/api/internal/workflows/recover/route.ts,No statically matched frontend caller,/api/internal/workflows/recover,GET,,@/lib/apiSecurity | @/lib/workflows/FailureRecoveryRunner | @/lib/workflows/RecoveryWorkerState,FailureRecoveryRunner,,,,,no/unknown,unknown,unknown,unknown,false,true,referenced,,GREEN,LOW,src/app/api/internal/workflows/recover/route.ts:28 — GET /api/internal/workflows/recover,src/app/api/internal/workflows/recover/route.ts,28,Endpoint may be orphaned or called dynamically.
API-01660,api_endpoint,/employer/active-video-interview-interviewer-view,/api/interviews/room,src/app/api/interviews/room/route.ts,Called by frontend screen(s),/api/interviews/room,GET,,@/lib/prisma | @/lib/env,,,Google Gemini,prisma.interview | prisma.employerProfile | prisma.interviewSignal | prisma.interviewRoundProgress,Google Gemini,yes,yes,yes,yes,false,true,referenced,,GREEN,LOW,src/app/api/interviews/room/route.ts:66 — GET /api/interviews/room,src/app/api/interviews/room/route.ts,66,1 statically matched caller(s).
API-01661,api_endpoint,/employer/active-video-interview-interviewer-view,/api/interviews/room,src/app/api/interviews/room/route.ts,Called by frontend screen(s),/api/interviews/room,POST,,@/lib/prisma | @/lib/env,,,Google Gemini,prisma.interview | prisma.employerProfile | prisma.interviewSignal | prisma.interviewRoundProgress,Google Gemini,yes,yes,yes,yes,false,true,referenced,,GREEN,LOW,src/app/api/interviews/room/route.ts:112 — POST /api/interviews/room,src/app/api/interviews/room/route.ts,112,1 statically matched caller(s).
API-01662,api_endpoint,/jobs,/api/jobs/search,src/app/api/jobs/search/route.ts,Called by frontend screen(s),/api/jobs/search,GET,,@/lib/prisma,,,,prisma.jobListing,,no/unknown,unknown,unknown,unknown,false,true,referenced,,GREEN,LOW,src/app/api/jobs/search/route.ts:5 — GET /api/jobs/search,src/app/api/jobs/search/route.ts,5,1 statically matched caller(s).
API-01663,api_endpoint,/jobs | /jobs/:id/apply | /jobs/:id,/api/jobs/:id,src/app/api/jobs/[id]/route.ts,Called by frontend screen(s),/api/jobs/:id,GET,,@/lib/prisma | @/lib/apiSecurity,,,,prisma.jobListing,,no/unknown,unknown,unknown,unknown,false,true,referenced,,GREEN,LOW,src/app/api/jobs/[id]/route.ts:5 — GET /api/jobs/:id,src/app/api/jobs/[id]/route.ts,5,3 statically matched caller(s).
API-01664,api_endpoint,/notifications,/api/notifications,src/app/api/notifications/route.ts,Called by frontend screen(s),/api/notifications,GET,,@/lib/prisma,,,,prisma.notification,,yes,unknown,unknown,unknown,false,true,referenced,,GREEN,LOW,src/app/api/notifications/route.ts:10 — GET /api/notifications,src/app/api/notifications/route.ts,10,1 statically matched caller(s).
API-01665,api_endpoint,/notifications,/api/notifications,src/app/api/notifications/route.ts,Called by frontend screen(s),/api/notifications,PUT,,@/lib/prisma,,,,prisma.notification,,yes,unknown,unknown,unknown,false,true,referenced,,GREEN,LOW,src/app/api/notifications/route.ts:23 — PUT /api/notifications,src/app/api/notifications/route.ts,23,1 statically matched caller(s).
API-01666,api_endpoint,/employer/subscriptions,/api/payments/checkout,src/app/api/payments/checkout/route.ts,Called by frontend screen(s),/api/payments/checkout,POST,,@/lib/payments/planContracts | @/lib/prisma | @/lib/payments/PaymentGatewayInterface | @/lib/payments/subscriptionCredits | @/lib/payments/failCheckoutOrder | @/lib/payments/planSnapshot,,,,prisma.employerProfile | prisma.paymentOrder | prisma.subscriptionPlan,,yes,yes,yes,yes,false,true,referenced,,GREEN,LOW,src/app/api/payments/checkout/route.ts:165 — POST /api/payments/checkout,src/app/api/payments/checkout/route.ts,165,1 statically matched caller(s).
API-01667,api_endpoint,/payment/status,/api/payments/status,src/app/api/payments/status/route.ts,Called by frontend screen(s),/api/payments/status,GET,,@/lib/apiSecurity | @/lib/routeAuthorization | @/lib/prisma,,,,prisma.paymentOrder | prisma.paymentTransaction | prisma.companySubscription | prisma.companyCredits,,yes,yes,yes,yes,false,true,referenced,,GREEN,LOW,src/app/api/payments/status/route.ts:13 — GET /api/payments/status,src/app/api/payments/status/route.ts,13,1 statically matched caller(s).
API-01668,api_endpoint,,/api/payments/webhook,src/app/api/payments/webhook/route.ts,No statically matched frontend caller,/api/payments/webhook,POST,,@/lib/prisma | @/lib/payments/PaymentGatewayInterface | @/lib/payments/subscriptionCredits | @/lib/payments/planSnapshot,,,PayU | Stripe,prisma.paymentOrder | prisma.paymentTransaction | prisma.subscriptionPlan,PayU | Stripe,no/unknown,unknown,yes,yes,false,true,referenced,,GREEN,LOW,src/app/api/payments/webhook/route.ts:8 — POST /api/payments/webhook,src/app/api/payments/webhook/route.ts,8,Endpoint may be orphaned or called dynamically.
API-01669,api_endpoint,,/api/proctoring/telemetry,src/app/api/proctoring/telemetry/route.ts,No statically matched frontend caller,/api/proctoring/telemetry,GET,,@/lib/auth | @/lib/apiSecurity | @/lib/prisma,,,,prisma.interview | prisma.employerProfile | prisma.proctoringTelemetry | prisma.auditLog,,yes,yes,yes,yes,false,true,referenced,,GREEN,LOW,src/app/api/proctoring/telemetry/route.ts:95 — GET /api/proctoring/telemetry,src/app/api/proctoring/telemetry/route.ts,95,Endpoint may be orphaned or called dynamically.
API-01670,api_endpoint,,/api/proctoring/telemetry,src/app/api/proctoring/telemetry/route.ts,No statically matched frontend caller,/api/proctoring/telemetry,POST,,@/lib/auth | @/lib/apiSecurity | @/lib/prisma,,,,prisma.interview | prisma.employerProfile | prisma.proctoringTelemetry | prisma.auditLog,,yes,yes,yes,yes,false,true,referenced,,GREEN,LOW,src/app/api/proctoring/telemetry/route.ts:143 — POST /api/proctoring/telemetry,src/app/api/proctoring/telemetry/route.ts,143,Endpoint may be orphaned or called dynamically.
API-01671,api_endpoint,/employer/referrals | /referrals/dashboard,/api/referrals/payout,src/app/api/referrals/payout/route.ts,Called by frontend screen(s),/api/referrals/payout,POST,,@/lib/auth | @/lib/referral-db | @/lib/apiSecurity,,,,,,yes,yes,unknown,unknown,false,true,referenced,,GREEN,LOW,src/app/api/referrals/payout/route.ts:15 — POST /api/referrals/payout,src/app/api/referrals/payout/route.ts,15,2 statically matched caller(s).
API-01672,api_endpoint,/employer/employer-registration-company-info | /employer/referrals | /referrals/dashboard | /referrals,/api/referrals,src/app/api/referrals/route.ts,Called by frontend screen(s),/api/referrals,GET,,@/lib/auth | @/lib/referral-db | @/lib/apiSecurity,,,,,,yes,unknown,unknown,unknown,false,true,referenced,,GREEN,LOW,src/app/api/referrals/route.ts:7 — GET /api/referrals,src/app/api/referrals/route.ts,7,4 statically matched caller(s).
API-01673,api_endpoint,/employer/employer-registration-company-info | /employer/referrals | /referrals/dashboard | /referrals,/api/referrals,src/app/api/referrals/route.ts,Called by frontend screen(s),/api/referrals,POST,,@/lib/auth | @/lib/referral-db | @/lib/apiSecurity,,,,,,yes,unknown,unknown,unknown,false,true,referenced,,GREEN,LOW,src/app/api/referrals/route.ts:48 — POST /api/referrals,src/app/api/referrals/route.ts,48,4 statically matched caller(s).
API-01674,api_endpoint,/employer/employer-registration-company-info,/api/referrals/validate,src/app/api/referrals/validate/route.ts,Called by frontend screen(s),/api/referrals/validate,GET,,@/lib/referral-db | @/lib/apiSecurity,,,,,,no/unknown,unknown,unknown,unknown,false,true,referenced,,GREEN,LOW,src/app/api/referrals/validate/route.ts:5 — GET /api/referrals/validate,src/app/api/referrals/validate/route.ts,5,1 statically matched caller(s).
API-01675,api_endpoint,/onboarding/role-select,/api/skill-master,src/app/api/skill-master/route.ts,Called by frontend screen(s),/api/skill-master,GET,,@/lib/auth | @/lib/prisma | @/lib/skill-master,,,,prisma.customSkillRequest,,yes,yes,unknown,unknown,false,true,referenced,,GREEN,LOW,src/app/api/skill-master/route.ts:8 — GET /api/skill-master,src/app/api/skill-master/route.ts,8,1 statically matched caller(s).
API-01676,api_endpoint,/onboarding/role-select,/api/skill-master,src/app/api/skill-master/route.ts,Called by frontend screen(s),/api/skill-master,POST,,@/lib/auth | @/lib/prisma | @/lib/skill-master,,,,prisma.customSkillRequest,,yes,yes,unknown,unknown,false,true,referenced,,GREEN,LOW,src/app/api/skill-master/route.ts:20 — POST /api/skill-master,src/app/api/skill-master/route.ts,20,1 statically matched caller(s).
API-01677,api_endpoint,/employer/employer-registration-document-verification | /onboarding/document-upload | /onboarding/resume-upload | /onboarding/video-resume | /video-assessment/active,/api/upload,src/app/api/upload/route.ts,Called by frontend screen(s),/api/upload,POST,,@/lib/prisma | @/lib/storage | @/lib/uploadSecurity,,,,prisma.employerProfile,,yes,yes,yes,yes,false,true,referenced,,GREEN,LOW,src/app/api/upload/route.ts:32 — POST /api/upload,src/app/api/upload/route.ts,32,5 statically matched caller(s).
API-01678,api_endpoint,,/api/whatsapp/auth/handoff,src/app/api/whatsapp/auth/handoff/route.ts,No statically matched frontend caller,/api/whatsapp/auth/handoff,GET,,@/lib/whatsapp-auth | @/lib/auth | @/lib/apiSecurity,,,WhatsApp Cloud API,,WhatsApp Cloud API,yes,unknown,unknown,unknown,false,true,referenced,,GREEN,LOW,src/app/api/whatsapp/auth/handoff/route.ts:28 — GET /api/whatsapp/auth/handoff,src/app/api/whatsapp/auth/handoff/route.ts,28,Endpoint may be orphaned or called dynamically.
API-01679,api_endpoint,,/api/whatsapp/onboard,src/app/api/whatsapp/onboard/route.ts,No statically matched frontend caller,/api/whatsapp/onboard,POST,,,,,WhatsApp Cloud API,,WhatsApp Cloud API,no/unknown,unknown,unknown,unknown,false,false,none/unknown,,YELLOW,MEDIUM,src/app/api/whatsapp/onboard/route.ts:13 — POST /api/whatsapp/onboard,src/app/api/whatsapp/onboard/route.ts,13,Endpoint may be orphaned or called dynamically.
API-01680,api_endpoint,,/api/whatsapp/onboard,src/app/api/whatsapp/onboard/route.ts,No statically matched frontend caller,/api/whatsapp/onboard,GET,,,,,WhatsApp Cloud API,,WhatsApp Cloud API,no/unknown,unknown,unknown,unknown,false,false,none/unknown,,YELLOW,MEDIUM,src/app/api/whatsapp/onboard/route.ts:24 — GET /api/whatsapp/onboard,src/app/api/whatsapp/onboard/route.ts,24,Endpoint may be orphaned or called dynamically.
API-01681,api_endpoint,,/api/whatsapp/webhook,src/app/api/whatsapp/webhook/route.ts,No statically matched frontend caller,/api/whatsapp/webhook,GET,,@/lib/whatsapp-identity | @/lib/whatsapp | @/lib/whatsapp-rate-limiter | @/lib/whatsapp-queue | @/lib/auditLogger,,,WhatsApp Cloud API,prisma.communicationDelivery,WhatsApp Cloud API,no/unknown,unknown,unknown,yes,false,true,referenced,,GREEN,LOW,src/app/api/whatsapp/webhook/route.ts:48 — GET /api/whatsapp/webhook,src/app/api/whatsapp/webhook/route.ts,48,Endpoint may be orphaned or called dynamically.
API-01682,api_endpoint,,/api/whatsapp/webhook,src/app/api/whatsapp/webhook/route.ts,No statically matched frontend caller,/api/whatsapp/webhook,POST,,@/lib/whatsapp-identity | @/lib/whatsapp | @/lib/whatsapp-rate-limiter | @/lib/whatsapp-queue | @/lib/auditLogger,,,WhatsApp Cloud API,prisma.communicationDelivery,WhatsApp Cloud API,no/unknown,unknown,unknown,yes,false,true,referenced,,GREEN,LOW,src/app/api/whatsapp/webhook/route.ts:70 — POST /api/whatsapp/webhook,src/app/api/whatsapp/webhook/route.ts,70,Endpoint may be orphaned or called dynamically.
